chunk_id,material_id,heading,page_number,char_start,char_end,source_excerpt_ref,excerpt,extraction_method
study-s1-calculus-6e53f8532c216ccc-p0001-c01,study-s1-calculus-6e53f8532c216ccc,PDF 第 1 页 · 片段 1,1,0,700,knowledge/study/sources/year1/pdf/study-s1-calculus-6e53f8532c216ccc.pdf#page=1,"一选择题
1 宀 0 时谁是 x 的同阶无穷小 ?
A 2 + sin 2 B.xe3X C.I 一 cos 5 无 D.ln(1 + 无 3 )
2 设函数八和 g(x ) 在开区间@b ) 内可导 , 考虑如下两个命题 :
. 若八到 > g ) , 则丆 ' 0 ) > 矿 ) ; 0 若丆 ' ) > 矿 0 ) , 则丆 0 ) > g(x)
判断两个命题各自是否正确 ,
无 + 2 . + 3
, 则 y = 丆 0 ) 有几条渐近线 ?
3 给定八到 = .
攴 2 + 1
A. 1 B.2 C.3 D.4
4 设八无 ) 二阶可导 , 有 f 气 0 ) > 0 , 尸 ( 0 ) > 0 ,
则求在点无 = 0 , 对于 A 无 > 0 时的 dy, Ay 与 0 的大小关系 .
丆 0 ) 一丆 ( 的
= 1 , 则选择正确命题
5 设 lim
0 一 3
点 = a 是丆 0 ) 的 A . 极大值点 B . 极小值点
丆 ) 在点无 : a 处 c , 可导 D , 不可导
, 无 0
2 函数八到 = 无 2 cos , 求丆 ( 100k0 ) 的值 .
3 求曲线 eY 一 = e 在 ( 0 , 1) 处的切线方程 .
填空题
1 函数 F(x )
4 函数八到
在 = 0 连续 , 八 0 ) = 1 了 ' ( 0 ) = 2 , 则求 a 与 b 的值 .
= “ d , 则求曲线 y : 丆 ( ' ) 在 [ 0 爿之弧长 .
了呀@2 一 t2 ) d 亡
5 八到二阶可导 , 八 0 ) = 0 , 则求极限 lim 一
无宀 0",windows_ocr
study-s1-calculus-6e53f8532c216ccc-p0002-c01,study-s1-calculus-6e53f8532c216ccc,PDF 第 2 页 · 片段 1,2,0,943,knowledge/study/sources/year1/pdf/study-s1-calculus-6e53f8532c216ccc.pdf#page=2,"一、 (每小题3分)单项选择
(1) 设 α(x)=∫ 0
5xsi
t
nt
dt, β(x)=∫ 0 sinx (1+t)
1
tdt, 则当x→0时, α(x) 是 β(x) 的 ()
(A)高阶无穷小 (B)低阶无穷小 (A)同阶但不等价无穷小 (A) 等价无穷小
|x|
f(x)=
(2)设函数 x2−2x,则 ()
(A) x=2是可去间断点 (B)x=0是跳跃间断点
(C) x=0是无穷间断点 (D)f(x) 有三个间断点
1
y= +ln(ex+1)
(3)曲线
x(x−1)
的渐近线的条数为()
(A)1 (B)2 (C)3 (D)4
fʹʹ(x) 1
fʹ(1)=0,lim =
f(x) x→1(x−1)2 2
(4)设具有二阶连续导数,且 ,则 ()
f(1) f(x)
(A) 是的极大值
f(1) f(x)
(B) 是的极小值
(1,f(1)) f(x)
(C) 是曲线的拐点坐标
f(1) f(x) (1,f(1)) f(x)
(D) 不是的极值, 不是曲线的拐点坐标
(5) 设函数 f(x) 对任意x均满足等式 f(x+1)=af(x) 且有 fʹ(0)=b 其中 a,b 为常
数,则 ()
(A) f(x)在x=1处不可导 (B) f(x)在x=1处可导,且fʹ(1)=a
(C) f(x)在x=1处可导,且fʹ(1)=b (D) f(x)在x=1处可导,且fʹ(1)=ab
二、(每小题4分)填空题:
lim 1 ( n+ 2n++ n2) =________;
(1) 极限n→∞n2
⎧ eax3−1
⎪ , x>0
f(x)=⎨x−arcsinx
(2)设 ⎪ ⎩6, x≤0 在x=0点连续,则a=______;
⎛sin3x a ⎞ 1
(3)设 l x i → m 0 ⎜ ⎝ x3 + x2 +b⎟ ⎠ = 2 , 则 a=_____, b=______.
1
sin(xy)− =1
(4)设函数y=y(x)由方程 y−x 所确定,则曲线y=y(x)在x=0点处
的切线方程为___________.
(5) 平面区域 D= {(x,y)|0≤x≤3,0≤ y≤3x−x2} 绕x轴旋转一周所得旋转体的
体积为______.",pdfplumber_visible_bbox
study-s1-calculus-6e53f8532c216ccc-p0003-c01,study-s1-calculus-6e53f8532c216ccc,PDF 第 3 页 · 片段 1,3,0,569,knowledge/study/sources/year1/pdf/study-s1-calculus-6e53f8532c216ccc.pdf#page=3,"三、(每小题5分)求下列极限:
limtann⎛
⎜
π
+
2⎞
⎟;
(1)n→∞ ⎝4 n⎠
∫
x(x−t)f(t)dt
lim 0
(2)
x→0 x∫
0
x f(x−t)dt
,其中 f(x) 连续,且 f(0)≠0 .
四、(每小题6分)求下列定积分:
1
(1) ∫ dx;
x4−1
(2) ∫exarcsin 1−e2xdx;
五、(每小题6分)求下列定积分:
a dx
(1) ∫ , (a>0);
0 x+ a2−x2
π
e2
(2) ∫ sin(lnx)dx;
1
(3) ∫ π 2 cosx−1 exdx.
0 sinx+1
六、(每小题6分)求下列微分方程的解:
(1) 3x2dx=y2dx+2xydy;
(2)
yʹʹ−2yʹ+5y=17sin2x.
七、(7分)设
a
n
=∫
0
1 xn 1−x2dx, (n=0,1,2,)
.(1)证明:数列
{a
n
}
单调减少,且
a = n−1 a , (n=2,3,); lim a n .
n n+2 n−2 (2)求n→∞a n−1
八、(6分)设f(x)在[a,b]上连续,在(a,b)内可导,且有f(a)=a,
∫ b f(x)dx= 1 (b2−a2).
a 2 求证:在(a,b)内至少有一点ξ,使得fʹ(ξ)= f(ξ)−ξ+1.",pdfplumber_visible_bbox
study-s1-calculus-6e53f8532c216ccc-p0004-c01,study-s1-calculus-6e53f8532c216ccc,PDF 第 4 页 · 片段 1,4,0,933,knowledge/study/sources/year1/pdf/study-s1-calculus-6e53f8532c216ccc.pdf#page=4,"南开大学 2022 级“高等数学(A 类)I ”结课统考试卷
(A卷)
2023年2月19日
一、单项选择题(每小题4分)
f(3x) 1 f(5x)
(1)若极限lim = ;则lim = ( C ):
x→0 x 2 x→0 x
1 5 5 1
(A) (B) (C) (D)
2 3 6 3
( )
x sin x−2
( )
(2)函数 f x = 在下列哪个区间有界? ( A )
x
(
x−1
)(
x−2
)2
(A) ( −1,0 ) (B) ( 0,1 ) (C) ( 1,2 ) (D) ( 2,3 )
f(x) − f(a) sin f (x)−sin f(a)
(3)设lim =b,则lim =( D )
x→a x−a x→a x−a
( ) ( )
(A)bsina (B)bcosa (C) bsin f a (D) bcos f a
(4)设 y = f ( x ) 是方程 y′′−2y′+4y =0的一个解,且 f ( x ) >0, f′(x )=0,则函数
0 0
f(x)在x 点( A )
0
(A)取得极大值 (B)取得极小值 (C)某邻域内单增 (D)某邻域内单减
(5)曲线y =∫ x (sint−1)(t−2)dt在 ( 0,0 ) 点处切线方程为( D )
0
x
(A)y =3x (B)y = x (C)y = (D)y =2x
2
二、填空题(每小题4分):
(1) 设 y =
(
3+x+x2
)x
,则在x=0 处,
dy
= ln3
dx
(2) 设函数 y = y ( x ) 由方程exy = x2 + y2所确定,则曲线 y = y ( x ) 在 ( 1,0 ) 处切线方程为
y = 2(x−1)
1  1 2 n
(3) 极限lim sin +2sin ++nsin = sin1−cos1
n→∞n2  n n n
π
(4) 曲线y = x2( 0≤ x≤1 ) 绕x轴旋转一周所得旋转体体积为
5
(5) 若连续函数 f ( x ) 满足 f (x)−∫ x f (t)dt = x+1,则 f ( x ) = 2ex −1
0
三、求下列极限:(每小题5分)",pdfplumber_visible_bbox
study-s1-calculus-6e53f8532c216ccc-p0005-c01,study-s1-calculus-6e53f8532c216ccc,PDF 第 5 页 · 片段 1,5,0,814,knowledge/study/sources/year1/pdf/study-s1-calculus-6e53f8532c216ccc.pdf#page=5,"1− (cosx) cos2x
(1)lim
x→0 x2
原式=
sin2x
sinx cos2x +cosx
cos2x sinx sin2x cosx 3
lim =lim lim cos2x +lim lim = .
x→0 2x x→0 2x x→0 x→0 2x x→0 cos2x 2
( )1
(2)lim ex +2sinx x
x→0
ex+2sinx−1
 1  x
原式=lim[1+(ex +2sinx−1)]ex+2sinx−1 , 而
x→0 
lim ex +2sinx−1 =lim(ex +2cosx)= 3, 故lim ( ex +2sinx )1 x =e3
x→0 x x→0 x→0
四、求下列不定积分(每小题6分):
x3dx
(1)∫
( x2 +1 )3
1 x2dx2 1 tdt 1 (t+1−1)dt 1 dt 1 dt
= ∫ 令x2 = t = ∫ = ∫ = ∫ − ∫
2 (x2 +1)3 2 (t+1)3 2 (t+1)3 2 (t+1)2 2 (t+1)3
1 1 1 1 1 1 1 1
= − + +C = ⋅ − ⋅ +C
2 t+1 4(t+1)2 4 (x2 +1)2 2 x2 +1
(2) ∫e xdx
令 x = t, 则x = t2,dx = 2tdt,
∫e xdx = ∫et2tdt = 2(tet −et)+C = 2e x( x −1)+C.
五、求下列定积分(每小题6分):
π2
(1)∫ 4sin xdx
0
π2 π
令 x = t, 则x = t2,dx = 2tdt,当x =0 时t = 0,当x = 时t = ,
4 2
π2 π π
∫ 4sin xdx = 2∫ 2tsintdt = 2(sint−tcost) 2 = 2.
0 0 0
π cosx
(2)∫ 2 dx
0 1+cosx",pdfplumber_visible_bbox
study-s1-calculus-6e53f8532c216ccc-p0006-c01,study-s1-calculus-6e53f8532c216ccc,PDF 第 6 页 · 片段 1,6,0,946,knowledge/study/sources/year1/pdf/study-s1-calculus-6e53f8532c216ccc.pdf#page=6,"π cosx π cosx(1−cosx) π cosx−cos2 x
∫ 2 dx = ∫ 2 dx = ∫ 2 dx
0 1+cosx 0 1−cos2 x 0 sin2 x
π  cosx  π  cosx 
= ∫ 2

−cot2 x

dx = ∫ 2

−csc2 x+1

dx
0 sin2 x  0 sin2 x 
π π
 1  2 cosx−1  2 π
=

− +cotx+ x

=

+ x

= −1.
 sinx   sinx  2
0 0
π 1+sinx 
(3)∫ 2ex
 
dx
0 1+cosx
π (sin x +cos x)2 x π
= ∫ 2ex 2 2 dx 令 = t = ∫ 4e2t(1+tant)2dt
0 2cos2 x 2 0
2
π π π π
= 2∫ 4e2t tantdt+∫ 4e2t(1+tan2t)dt = 2∫ 4e2t tantdt+∫ 4e2t sec2tdt
0 0 0 0
π π π π π
= 2∫ 4e2t tantdt+∫ 4e2td(tant)= 2∫ 4e2t tantdt+e2t tant 4 −2∫ 4e2t tantdt
0 0 0 0 0
π
=e 2.
六、(每小题4分)求下列微分方程的通解:
(1)xy′= y(ln y−lnx)
dy y y y dy du
方程等价于 = ln ,令 = u,则 y = xu, = u+ x ,方程化为
dx x x x dx dx
du
x = u(lnu−1), 显然有特解u=0,u=e, 对应原方程的特解 y =0(舍去), y =ex,
dx
当u≠0,u≠e时,分离变量再积分有
du dx
∫ = ∫ , 即ln|lnu−1|=ln|Cx|.有解u=ecx+1(C ≠0) 即原方程有通解
u(lnu−1) x
y = xeCx+1(C ≠0).易知当C =0时,就是特解 y =ex.故原方程有通解
y = xeCx+1.
(2)y′′+ y =2ex
方程对应齐次方程的特征方程为λ2 +1=0 ,特征根为λ = ±i , 故齐次方程的通解为
1,2
",pdfplumber_visible_bbox
study-s1-calculus-6e53f8532c216ccc-p0006-c02,study-s1-calculus-6e53f8532c216ccc,PDF 第 6 页 · 片段 2,6,846,1001,knowledge/study/sources/year1/pdf/study-s1-calculus-6e53f8532c216ccc.pdf#page=6,"=0时,就是特解 y =ex.故原方程有通解
y = xeCx+1.
(2)y′′+ y =2ex
方程对应齐次方程的特征方程为λ2 +1=0 ,特征根为λ = ±i , 故齐次方程的通解为
1,2
Y =C cosx+C sinx, 因为1不是特征根,故方程的特解可设为 y = Aex ,代入原方程
1 2",pdfplumber_visible_bbox
study-s1-calculus-6e53f8532c216ccc-p0007-c01,study-s1-calculus-6e53f8532c216ccc,PDF 第 7 页 · 片段 1,7,0,943,knowledge/study/sources/year1/pdf/study-s1-calculus-6e53f8532c216ccc.pdf#page=7,"得到A=1, 故 y =ex ,从而原方程的通解为 y =Y + y =C cosx+C sinx+ex .
1 2
七、(6分) 设 f (x)=∫
x2 sint
dt 求∫
1
xf (x)dx
1 t , 0 .
x2 sint 1
设 f (x)= ∫ dt, 求 ∫ xf (x)dx.
1 t 0
sint
解因为没有初等函数形式的原函数,无法直接求出f (x) ,所以采用分部积分法
t
1 1 1 1 1 1 1
∫ xf (x)dx = ∫ f (x)dx2 = x2 f (x) − ∫ x2df (x)
 
0 2 0 2 0 2 0
1 1 1 sinx2 2sinx2
= f (1)− ∫ x2f′(x)dx 注:(f′(x)= ⋅2x = )
2 2 0 x2 x
1 1 1 1
=0− ∫ 2xsinx2dx =− ∫ sinx2dx2
2 0 2 0
1 1 1
= cosx2 = (cos1−1).
 
2 0 2
( ) ( ) [ ] ( ) ( ) ( ) ( )
八、(6分)设函数 f x ,g x 在 0,1 上二阶可导,且 f 1 > g 1, f 0 > g 0 ,
1 1
∫ f (x)dx=∫ g(x)dx,
.
0 0
证明:∃ξ∈ ( 0,1 ) ,使 f′′(ξ)> g′′(ξ)
.
h(x)= f(x)− g(x), ∫ 1 f (x)dx = ∫ 1 g(x)dx等价于∫ 1 h(x)dx =0,由积分
证令则
0 0 0
中值定理,存在c ∈(0,1), 使得h(c )=0, 条件 f (1)> g(1), f (0)> g(0)等价于
0 0
h(0)>0,h(1)>0, 在[0,c ] 上对函数h(x) 应用Lagrange微分中值定理,存在
0
h(c )−h(0)
c ∈(0,c ),使得h′(c )= 0 <0,在[c ,1] 上对函数h(x) 应用Lagrange微分
1 0 1 c 0
0
h(1)−h(c )
中值定理,存在c ∈(c ,1),使得h′(c )= 0 >0,最后在[c ,c ] 上对函数
2 0 2 1−c 1 2
0
h′(c )−h′(c )
",pdfplumber_visible_bbox
study-s1-calculus-6e53f8532c216ccc-p0007-c02,study-s1-calculus-6e53f8532c216ccc,PDF 第 7 页 · 片段 2,7,843,1008,knowledge/study/sources/year1/pdf/study-s1-calculus-6e53f8532c216ccc.pdf#page=7," 0 1 c 0
0
h(1)−h(c )
中值定理,存在c ∈(c ,1),使得h′(c )= 0 >0,最后在[c ,c ] 上对函数
2 0 2 1−c 1 2
0
h′(c )−h′(c )
h′(x) 应用Lagrange微分中值定理,存在ξ∈(c ,c ),使得h′′(ξ)= 2 1 >0,
1 2 c −c
2 1",pdfplumber_visible_bbox
study-s1-calculus-6e53f8532c216ccc-p0008-c01,study-s1-calculus-6e53f8532c216ccc,PDF 第 8 页 · 片段 1,8,0,871,knowledge/study/sources/year1/pdf/study-s1-calculus-6e53f8532c216ccc.pdf#page=8,"南开大学 2021 级“高等数学(A 类)I ”结课统考试卷
(A卷)
2021年12月30日
一、选择题(每小题4分)
1
(1)设连续函数 f(x)满足: f(x)+ x∫ f(xt)dt =1,则 f(x) = ( ):
0
(A) ex; (B)e−x; (C)ex +1; (D) e−x −1
12x
(2)极限lim ∫arctantdt=( ):(A)0;(B)π;(C)π/2; (D)1/2
x
x→+∞ x
(3) 若数列极限lima = a ≠ 0,则当n充分大时,有( ):
n
n→∞
2 2 1 1
(A)|a |< a; (B)|a |> |a|; (C) a > a− ; (D) a ≤ a−
n 3 n 3 n n n n
 1
(x2)sin ,x ≠ 0
(4)设 f(x) =  x ,则 f(x)在x =0点( ):
 0,x =0
(A)连续,但不可导;(B)不连续;(C)不可导;(D)连续,且可导
x
(5) 设函数 f(x) = ∫(t −1)et2 dt,则 f(x)在x =1处( ),
0
(A) 取得极小值;(B)取得极大值;(C)不取得极值;(D)不确定
二、填空题(每小题4分):
(1) 设函数y = x2(x−2)3(x+1),则在x = −1处,dy=
0
(2) 设 f(x) = x3sinx,则 f (10)(0)=
(3) 原点到平面x+ y+ z =9的距离为
(4) 设函数y = y(x)由方程x3 + y3 =3xy所确定,则曲线y = y(x)
在点(3/2,3/2)的切线方程为
(5) 某直线过点(-1,1,1),且与直线:x+2z+1=0, y−3z+3=0平行,则该直线方程
为
三、求下列极限:(每小题5分)
2sinx−sin2x tanx
(1)lim ; (2)lim( )1/x2 ;
x→0 x3 x→0 x
四、求下列不定积分(每小题6分):
x2 x3
(1)∫ dx; (2) ∫ dx;
(x−1)10 1+ x2",pdfplumber_visible_bbox
study-s1-calculus-6e53f8532c216ccc-p0009-c01,study-s1-calculus-6e53f8532c216ccc,PDF 第 9 页 · 片段 1,9,0,299,knowledge/study/sources/year1/pdf/study-s1-calculus-6e53f8532c216ccc.pdf#page=9,"五、求下列定积分(每小题6分):
π/2 dx π2 π/2 cosx
(1) ∫ ; (2) ∫ xcos xdx (3) ∫ dx
sinx+cosx 1+e2020x
0 0 −π/2
六、(每小题4分)求下列微分方程的通解:
(1)y' − y = x+1; (2)y'' + y = x2 + x+1
x2
七、(6分) 求函数 f(x) = ∫(x2 −t)e−t2 dt 的极值.
1
dy
八、(6分)(1)求解微分方程: −xy = xex2 ,y(0) =1 ;
dx
1 n
(2) 若y = f(x) 是上面方程的解,求极限lim∫ f(x)dx.
n→∞ 1+n2x2
0",pdfplumber_visible_bbox
study-s1-calculus-6e53f8532c216ccc-p0010-c01,study-s1-calculus-6e53f8532c216ccc,PDF 第 10 页 · 片段 1,10,0,664,knowledge/study/sources/year1/pdf/study-s1-calculus-6e53f8532c216ccc.pdf#page=10,"草稿区
南开大学 2020 级“一元函数积分(信)”结课统考试卷
(A卷)2021年1月4日
姓名学号专业任课教师
卷面核分复核
题号一二三四五六七
成绩签名签名
得分
一、选择题(每小题4分)
(1)设函数 f(x) =e−|x|,则 f(x)dx = ( ): 一题
得分
−e−x +C ,x 0  −e−x +C,x 0 2−e−x +C,x 0
(A) 1 ; (B) ; (C)−e−|x| +C; (D) 
  ex +C ,x 0   ex +C ,x 0  ex +C,x 0
2
ln(x+ey)
(2)极限lim =( ):(A)1;(B)不存在;(C)-1; (D)0
x→0 x2 + y2
y→0
1 xn−1
(3) 数列极限limn dx=( ):(A)0; (B)1; (C) 1/2; (D) 不存在
n→ 1+ x2
0
 1 1
(xsin )(ysin ),xy  0
(4)设 f(x,y) =  y x ,则lim f(x,y)=( ):
 x→0
0,xy =0 y→0
(A)0;(B)1;(C)不存在;(D)-1
f(x,y)− f(0,0)+2x− y
(5) 设函数 f(x,y)在(0,0)点某邻域有定义,且满足lim =0,
x→0 x2 + y2
y→0
则 f(x,y)在(0,0)处 ( ):
(A) 不连续;(B)连续,但两个偏导数都不存在;(C)两个偏导数存在,但不可微;(D)可微
(信)A4-1",pdfplumber_visible_bbox
study-s1-calculus-6e53f8532c216ccc-p0011-c01,study-s1-calculus-6e53f8532c216ccc,PDF 第 11 页 · 片段 1,11,0,335,knowledge/study/sources/year1/pdf/study-s1-calculus-6e53f8532c216ccc.pdf#page=11,"二、填空题(每小题4分):
二题
tf '(t)
(1) 设函数 f(t)满足ln f(t) =cost,则 dt= 得分
f(t)
5 5
(2) 设 f(x)为连续可导函数,满足 f(5) = 2, f(x)dx =3,则xf '(x)dx=
0 0
(3) 点(2,1,−2)到平面3x+4z =3的距离为
(4) 设函数z = z(x,y)由方程2z+ez = x2y所确定,则dz =
(5) 平面x+2y+ z−1=0与x−2y+3z+1=0之间的夹角为
三、求下列不定积分:(每小题6分)
x3 三题
(1) dx;
(1+ x2)5 得分
cos3 x
(2) dx; (3)(cosx−sinx)e−xdx;
sin4 x
(信)A4--2",pdfplumber_visible_bbox
study-s1-calculus-6e53f8532c216ccc-p0012-c01,study-s1-calculus-6e53f8532c216ccc,PDF 第 12 页 · 片段 1,12,0,182,knowledge/study/sources/year1/pdf/study-s1-calculus-6e53f8532c216ccc.pdf#page=12,"四、求下列定积分(每小题7分): 草稿区
2 2 2−x 四题
(1)x| x−1|dx; (2)  dx;
2+ x 得分
0 0
/2 sin3 x
(3)  dx
sinx+cosx
0
z 2z
五、(8分)设二元函数 f(u,v)具有连续二阶偏导数,z = f(2x−3y,x+2y),试求 , ;
y xy
五题
得分
(信)A4—3",pdfplumber_visible_bbox
study-s1-calculus-6e53f8532c216ccc-p0013-c01,study-s1-calculus-6e53f8532c216ccc,PDF 第 13 页 · 片段 1,13,0,134,knowledge/study/sources/year1/pdf/study-s1-calculus-6e53f8532c216ccc.pdf#page=13,"/4
六、(7分)设a = (tanx)ndx,
n
0
n  1 ,试求极限 ln i→ m

n a
n
草稿区
六题
得分
/2 /2
七、(6分) 证明:  sin(sin x)dx cos(cosx)dx
七题
0 0 得分
(信)A4—4",pdfplumber_visible_bbox
study-s1-ideology-2146cd59f5c57d41-p0001-c01,study-s1-ideology-2146cd59f5c57d41,PDF 第 1 页 · 片段 1,1,0,948,knowledge/study/sources/year1/pdf/study-s1-ideology-2146cd59f5c57d41.pdf#page=1,"索引:重点为必背,*次重点或重点次重点为必背后的补充,非重点可以浏览
绪论
1.新时代意味着什么?
1) 近代以来历经磨难的中华⺠族迎来了从站起来、富起来到强起来的伟大⻜跃,迎来了实现中
华⺠族伟大复兴的光明前景;
2) 科学社会主义在21世纪的中国焕发出强大生机活力,在世界上高高举起了中国特色社会主义
伟大旗帜;
3) 中国特色社会主义道路、理论、制度、文化不断发展,拓展了发展中国家走向现代化的途
径,为世界上那些既希望加快发展又希望保持自身独立性的国家和⺠族提供了全新选择,
为解决人类问题贡献了中国智慧和中国方案。
2.新时代是什么?
1) 是承前启后、继往开来、在新的历史条件下继续夺取中国特色社会主义伟大胜利的时代;
2) 是决胜全面建成小康社会、进而全面建设社会主义现代化强国的时代;
3) 是全国各族人⺠团结奋斗、不断创造美好生活、逐步实现全体人⺠共同富裕的时代;
4) 是全体中华儿女勠力同心、奋力实现中华⺠族伟大复兴中国梦的时代;
5) 是我国日益接近世界舞台中央、不断为人类做出更大贡献的时代。
*3.如何做有理想有本领有担当的时代新人?
x4
1) 要有崇高的理想信念,牢记使命,自信自励
明大德
2) 要有高强的本领才干,勤奋学习,全面发展
3) 要有天下兴亡、匹夫有责的担当精神,讲求奉献,实干进取
*4.如何提升思想道德素质与法制素养?
1) 思想道德素质和法制素养是新时代大学生应该具有的基本素质。
2) 一方面,思想道德为法律提供思想指引和价值基础。
3) 另一方面,法律为思想道德提供制度保障。
4) 思想道德素质是人们的思想观念、政治立场、价值取向、道德情操和行为习惯等方面品质和
能力的综合体现,反映着一个人的思想境界和道德⻛貌,是促进个体健康成⻓、社会发展
进步的重要保障。
5) 法制素养是指人们通过学习法律知识、理解法律本质、运用法治思维、依法维护权利与依法
履行义务的素质、修养和能力,对于保证人们尊崇法制、遵守法律具有重要的意义。
6) 大学生应当通过理论学习和实践体验,牢固树立坚定的理想信念和正确的价值观念,陶冶高
尚的道德情操,增强尊法学法守法用法的自觉性,不断提高自身的思想道德素质和法治素
养。
第一章
第一节人生观是对人生的总看法
",pdfplumber_visible_bbox
study-s1-ideology-2146cd59f5c57d41-p0001-c02,study-s1-ideology-2146cd59f5c57d41,PDF 第 1 页 · 片段 2,1,848,1418,knowledge/study/sources/year1/pdf/study-s1-ideology-2146cd59f5c57d41.pdf#page=1,"应当通过理论学习和实践体验,牢固树立坚定的理想信念和正确的价值观念,陶冶高
尚的道德情操,增强尊法学法守法用法的自觉性,不断提高自身的思想道德素质和法治素
养。
第一章
第一节人生观是对人生的总看法
1.人生观的主要内容都有哪些?
人生观的主要内容包括人生目的、人生态度和人生价值。
**2.如何看待人生价值?
1) 人生价值内在地包含了人生的自我价值和社会价值两个方面
2) 人生的自我价值,是个体的人生活动对自己的生存和发展所具有的价值,主要表现为对自身
物质和精神需要的满足程度。
3) 人生的社会价值,是个体的实践活动对社会、他人所具有的价值。
4) 人生的自我价值和社会价值,既相互区别,又密切联系、相互依存,共同构成人生价值的矛
盾统一体。
5) 一方面,人生的自我价值是个体生存和发展的必要条件,人生的自我价值的实现是个体为社
会创造更大价值的前提。
6) 另一方面,人生的社会价值是社会存在和发展的重要条件,人生社会价值的实现是个体自我
完善,全面发展的保障。
*3.如何理解个人与社会的辩证关系
1) 人是社会的人,每一个人都存在和活动于具体的、基于特定历史的现实社会当中。
2) 个人与社会是对立统一的关系,两者相互依存、相互制约、相互促进。
3) 社会是由一个个具体的人组成的,离开了人就没有社会,社会是人的存在形式。",pdfplumber_visible_bbox
study-s1-ideology-2146cd59f5c57d41-p0002-c01,study-s1-ideology-2146cd59f5c57d41,PDF 第 2 页 · 片段 1,2,0,942,knowledge/study/sources/year1/pdf/study-s1-ideology-2146cd59f5c57d41.pdf#page=2,"4) 同时,人是社会的人,离开了社会人也无法生活。
5) 社会成员素质的不断提高是社会发展的重要基础,推动和实现人的全面发展是社会发展的根本
目标
6) 个人与社会的关系,最根本的是个人利益与社会利益的关系。
7) 人的社会性决定了人只有在推动社会进步的过程中,才能实现自我的发展。
第二节正确的人生观
*
*1.正确的人生观包括什么?
1) 科学高尚的人格追求
2) 积极进取的人生态度
3) 人生价值的评价与实现
2.积极的人生态度包括什么?
1) 人生须认真
2) 人生当务实
3) 人生应乐观
4) 人生要进取
*3.如何正确评价人生价值?
1) 坚持能力有大小与贡献须尽力相统一
2) 坚持物质贡献与精神贡献相统一
3) 坚持完善自身与贡献社会相统一
&
4.人生价值的实现条件是什么?
1) 实现人生价值要从社会客观条件出发
2) 实现人生价值要从个体自身条件出发
3) 不断增强实现人生价值的能力和本领
第三节创造有意义的人生
*
1.如何辩证对待人生矛盾?
1) 树立正确的幸福观
2) 树立正确的得失观
I
3) 树立正确的苦乐观
4) 树立正确的顺逆观
5) 树立正确的生死观
O6) 树立正确的荣辱观
2.如何反对错误人生观?
1) 反对拜金主义
2) 反对享乐主义
3) 反对极端个人主义实践中创造价
A
3.如何成就出彩人生?
1) 与历史同向值
2) 与祖国同行
3) 与人⺠同在
第二章
第一节理想信念的内涵及重要性
1.什么是理想信念?
(一) 理想的内涵与特征
1) 理想具有超越性
2) 理想具有实践性
3) 理想具有现实性
(二) 信念的内涵与特征
1) 信念具有执着性
2) 信念具有多样性
2.如何理解理想信念是精神之“钙”?
1) 理想信念昭示奋斗目标:只有树立起崇高的理想信念,才能够解答好人生的意义、奋斗的
价值以及做什么样的人等重要课题
2) 理想信念提供前进动力:大学生应当重视理想信念的选择和确立,努力树立科学崇高的理
想信念,使人生道路越走越宽广,使宝贵的人生富有价值
3) 理想信念提高精神境界:理想信念是衡量一个人精神境界高下的重要标尺,是人的精神世
界的核心(统一人的精神生活的各个方面,引导人们不断追求更高的人生目标)
",pdfplumber_visible_bbox
study-s1-ideology-2146cd59f5c57d41-p0002-c02,study-s1-ideology-2146cd59f5c57d41,PDF 第 2 页 · 片段 2,2,842,984,knowledge/study/sources/year1/pdf/study-s1-ideology-2146cd59f5c57d41.pdf#page=2,"人生道路越走越宽广,使宝贵的人生富有价值
3) 理想信念提高精神境界:理想信念是衡量一个人精神境界高下的重要标尺,是人的精神世
界的核心(统一人的精神生活的各个方面,引导人们不断追求更高的人生目标)
4) 大学生只有树立崇高理想信念才能激发起为⺠族复兴和人⺠幸福而发奋学习的强烈责任感",pdfplumber_visible_bbox
study-s1-ideology-2146cd59f5c57d41-p0003-c01,study-s1-ideology-2146cd59f5c57d41,PDF 第 3 页 · 片段 1,3,0,941,knowledge/study/sources/year1/pdf/study-s1-ideology-2146cd59f5c57d41.pdf#page=3,"与使命感 -
第二↑ 节崇高的理想信念
1.如何树立崇高的理想信念?
(一) 为什么要信仰⻢克思主义
1) ⻢克思主义体现了科学性和革命性的统一。⻢克思主义深刻揭示了自然界、人类社会、
人类思维发展的普遍规律。时代在变化,社会在发展,但⻢克思主义基本原理依然是
F
科学真理。
2) ⻢克思主义具有鲜明的实践品格。⻢克思主义不仅致力于科学解释世界,而且致力于积
极改变世界。
3) ⻢克思主义具有持久生命力。⻢克思主义具有与时俱进的理论品格和持久生命力。无论
时代如何变迁、科学如何进步,⻢克思主义依然占据着真理和道义的制高点,依然具
有强大持久的生命活力
4) 大学生坚定⻢克思主义信仰,最重要的是学习和掌握⻢克思主义的立场、观点、方法,
确立正确的世界观和历史观,准确把握时代发展潮流,以科学的理想信念指引人生前
进的道路和方向。
(二) 中国特色社会主义是我们的共同理想
1) 有共同理想,才能有共同步调。
2) 这个共同理想,把国家、⺠族和个人紧紧地联系在一起。
3) 大学生要牢固树立在中国共产党领导下走中国特色社会主义道路,为实现中华⺠族伟大
复兴而奋斗的共同理想和坚定信念
4) 中国共产党的领导是中国特色社会主义最本质的特征。
5) 当今中国,只有中国共产党,才能领导中国人⺠坚持和发展中国特色社会主义,才能担
当起带领中国人⺠ 创造幸福生活、实现中华⺠族伟大复兴的历史使命。
(三) 胸怀共产主义远大理想
1) 共产主义社会是物质财富极大丰富、实现按需分配、人的精神境界极大提高、每个人自
由而全面发展的社会。
2) 共产主义是现实运动和⻓远目标相统一的过程。
3) 共产主义远大理想的最终实现是一个漫⻓、艰辛的历史过程,需要一代又一代人付出艰
苦的努力。
第三节在实现中国梦的实践中放⻜⻘春梦想
1.如何看待理想与现实的关系?
1) 辩证看待理想与现实的矛盾
2) 实现理想的⻓期性、艰巨性和曲折性
3) 艰苦奋斗是实现理想的重要条件
2.如何看待个人理想与社会理想的统一?
1) 个人理想以社会理想为指引:个人理想只有同国家的前途、⺠族的命运相结合,个人的向往
和追求只有同社会的需要和人⺠的利益相一致,才可能变为现实
2) 社会理想是对个人理想的凝练和升华
",pdfplumber_visible_bbox
study-s1-ideology-2146cd59f5c57d41-p0003-c02,study-s1-ideology-2146cd59f5c57d41,PDF 第 3 页 · 片段 2,3,841,1330,knowledge/study/sources/year1/pdf/study-s1-ideology-2146cd59f5c57d41.pdf#page=3,"理想的统一?
1) 个人理想以社会理想为指引:个人理想只有同国家的前途、⺠族的命运相结合,个人的向往
和追求只有同社会的需要和人⺠的利益相一致,才可能变为现实
2) 社会理想是对个人理想的凝练和升华
3) 大学生要在社会理想的指引下,珍惜韶华、奋发有为,勇于追求个人理想,在实现社会理想
的过程中努力实现个人理想
3.如何为实现中国梦注入⻘春能量?
1) 立志当高远
2) 立志做大事
3) 立志须躬行
第三章
第一节中国精神是兴国强国之魂
*1.如何理解中国精神是中华⺠族的优秀传统?
1) 对物质生活与精神生活相互关系的独到理解
2) 对理想的不懈追求
3) 对道德修养和道德教化的重视
4) 对理想人格的推崇
2.如何理解中国精神是⺠族精神和时代精神的统一?
(一) 以爱国主义为核心的⺠族精神:一个⺠族在⻓期共同生活和社会实践中形成的,为本⺠
族大多数-成员所认同的价值取向、思维方式、道德规范、精神气质的总和,是一个⺠
族赖以生存和发展的精神支柱。是坚定中国特色社会主义道路自信、理论自信、制度
自信、文化自信的底气,是中华⺠族⻛雨无阻、高歌行进的根本力量。其中包括:",pdfplumber_visible_bbox
study-s1-ideology-2146cd59f5c57d41-p0004-c01,study-s1-ideology-2146cd59f5c57d41,PDF 第 4 页 · 片段 1,4,0,840,knowledge/study/sources/year1/pdf/study-s1-ideology-2146cd59f5c57d41.pdf#page=4,"第一节中国精神是兴国强国之魂
一 、 崇尚精神是中华民族的优良传统
( 人无精神则不立 , 国无精神则不强 。 )
第一节中国精神是兴国强国之魂
、 中国只产党是中国精神的忠实继承者和坚定弘扬者
。 ( 伟大建克精裤是中国精褲的串要现 )
第一节中国精神是兴国强国之魂
四 、 实现中国梦必须弘扬中国精神
。 中国精神是民族性与时代性有机统一的中国精神 。
“ ( 二 ) 弘扬以爱国主义为核心的民族精神
第一节中国精神是兴国强国之魂
、 中国精神的丰富内氵函
。 伟大创造精神 、 伟大奋斗精神 、 伟大团结精神 、 伟人想精神 ,
是中国精神内涵的生动展现 。
爱国主义体现了人们对自己祖国的深厚感情 , 揭示了个人对祖国
的依存矢系 , 是人们对自己家园以及民族和文化的归属感 、 认同
感 、 尊严感和荣誉感的统一 , 是调节个人与祖玉之间夭糸道德
要求 、 政氵台原则和法律规范 。 爱国主义是中华民族的民族心 、 民
族竦 。 包含爱祖国的大好河山 , 爱自己的骨肉同胞 , 爱祖国的她 /
烂文化 , 爱己的国家 。
亠忄 T 屮 、 疋 7 乁 | 门 | 工上 Z.- . 隽甩
四 、 实现中国梦必须弘扬中国精神
( 一 ) 凝聚兴国强国的磅礴伟力
- 中国精神是兴国强国之魂 。 全面建设社会主义现代化国家 、 全
面淮进中华民族伟大复兴 , 必须大力弘扬中国精神 , 弘扬以爱
国主义为核的民族精神和以改革创新为核心的时代精神 。
。 中国精神是凝聚中国力量精神纽带 。
- 中国精神是激发创新创造的精神动力 。
- 中国精神是推进复兴伟业精神支柱 。
第一节中国精神是兴国强国之魂
四 、 实现中国梦必须弘扬中国精神
。 ( 三 ) 弘扬以改革创新为核的时代精神
弘扬以改革创新为核的代精神 , 就是要树直突破陈规 、 大起
探索 、 敢于创适的思想观念 , 从不台实际 、 不台规律的观念和体
制的荣缚中解出来 , 从错误和教条式的思想观念中解出来 。",windows_ocr
study-s1-ideology-2146cd59f5c57d41-p0005-c01,study-s1-ideology-2146cd59f5c57d41,PDF 第 5 页 · 片段 1,5,0,918,knowledge/study/sources/year1/pdf/study-s1-ideology-2146cd59f5c57d41.pdf#page=5,"1) 索引:为第一
2) 索引必背第一
3) 索引,次第一
Q4) 索引重点第一 -
章节总错误拜金重点享极中国特色社或后看内的容补充非可以浏览绪论新时都代补意哪浏味后
着什充非么?些包近来历括目浏经点磨难中华⺠族态中第一度如补迎了度从浏何补味
后看待站迎了意哪起、地含两个补方动己富浏存着到强味展所迎了伟大浏意哪表态味
⻜物来历浏伟大括目味后迎了跃精实补来历神现需复后兴历光的明充第一度如浏存光
满足味后程意迎了:为前景浏现引景他复既、;相互区来历第一味别科又学着明充密
Q切社相联区态会浏第一系构味主义方伟光的么在迎了跃世索引矛盾
章统总充非第一纪来历第一浏另国完看或充非第一善障光的第一焕充非么每味后基发出员焕社
相-浏生机社国活来历第一善障光的第一焕来历础推味后⻜物来历力界中根、标上来历
出补现引高关景浏生机最只复才二格追求积极举味又光的第一评、充非出须、来历
出味后光特充非色、浏第一容认中必景旗什帜是浏现引第一景他
3.真乐承启旗什光的重继客互区光的第一往
1) 领三光的景他浏第一涵及
2) 程意:以:为浏第一动景
3) 方伟帜是索盾浏第一开景
(节) 征的跃世超越来历机执
1.会主义道端路、理中论制出彩度
1) 端历路中文史祖(
2) 端化)中什么不仰
3) 端历路中⻢克断发
4) 端化)中路展 L
*5) 征的跃世后览绪浏中起着浏
2.会主义道重国特中端路、理度
1) ,拓端路、理了家走、理向现代的历路中途科了革中途科径家走、理中途科为深世刻揭中的
-
界上特那路些端路、理示然既希界望家走、理那路中维端加的端路、理快端家走、理中现
代为那路普遍又保中规变但原的
2) 真鲜历路现代了持自明但的界重中国特践格身些仅致端路、理色社些规独于真鲜历路现代了
TAB
持=自明但释点立性和⺠族了而且>族的
3) 积立了改久那俱持自普遍了断发的迁提规独积立了改久那俱持自普遍了断发些错国特色社占
供那俱据定改现断发中全途⺠的迁提性新望普遍最选、理的
4) 规独,拓择掌持自解决人类问的,拓重国特中端路、理些性题迁提贡献握义史择掌持自快决
人类问中-智慧现代方案些于仅致端路、理色社了准文望把。潮但如流以些前世不断二那我
",pdfplumber_visible_bbox
study-s1-ideology-2146cd59f5c57d41-p0005-c02,study-s1-ideology-2146cd59f5c57d41,PDF 第 5 页 · 片段 2,5,818,1314,knowledge/study/sources/year1/pdf/study-s1-ideology-2146cd59f5c57d41.pdf#page=5,"⺠的迁提性新望普遍最选、理的
4) 规独,拓择掌持自解决人类问的,拓重国特中端路、理些性题迁提贡献握义史择掌持自快决
人类问中-智慧现代方案些于仅致端路、理色社了准文望把。潮但如流以些前世不断二那我
题何做径共有调想些这不紧地本领断二又保担当的 (1) EFFFREE
- .
3.真乐史多样征的二往
联代起真鲜了紧担历路现代 (2).EFFE
1) ,拓代时那路固产
2) 紧担?党导华如释 E
(3) FEED
3) 要担?党不仰明但崇伟 :
4) 新望“复高”揭斗征今
联只起要担持自明但
联带起创信路展造念三胸
(统) 之钙昭:以代条示够答等浏动景
1.真乐之钙昭:以代条示够答等浏动景往
章看总 :以:为后光特充非神课答浏充非题善
章节总钙昭:以后来历-机执
1) :以密切后方动-明件迎了意哪浏(看动景
2) :以科景后兴力的供视选以择努浏存光着什
3) 钙昭:以后下的使员未续浏继然机执
章统总史钙昭:以高景军
1) 夺发钙-昭:以浏取胜到强
a) 利现钙昭:以浏路走宽
b) 夺发敢决突破陈广浏到强
c) 夺发引胆探全未面物域浏建成
2) 会主创信误拜金重中牢⺠制记度
>
I",pdfplumber_visible_bbox
study-s1-ideology-2146cd59f5c57d41-p0006-c01,study-s1-ideology-2146cd59f5c57d41,PDF 第 6 页 · 片段 1,6,0,950,knowledge/study/sources/year1/pdf/study-s1-ideology-2146cd59f5c57d41.pdf#page=6,"a) 怀使金重论命
b)- 远想金重励真
c) 财强金重使富
(四宝
-
(看).学着明充色小浏华⺠贵执
1.家走、理享极才干勤为丰按度
1) 需信持、断二了分
2) 化奋配学每贡习面
3) 端路运动目天标下
*
2.真乐承启兴历光的意哪伟大浏第一康⻜往
1) ;相补意哪光的么在迎了跃世浏华⺠进循
2) 而设的容境化软旗景浏迫衡机执 -
3) 利伟迎了,次补谐浏神引公约量
(节) ;开华⺠磨取建
*
1.会主,过才干勤化天度
1) 家走、理享极才干勤中普遍程终
2) 家走-、理享极才干勤中希使论命
-
3) 家走、理享极才干勤中兴理⺠漫
a) 先伟出或后迎-了跃世各尺核;相补贵执浏导成华⺠承难
b) 明充出或核历激浏神幸引明充浏最人团结味展所浏神幸引明充浏华⺠诉执味⻜福奋神幸引
明充条旗什斗不迎了承点断必背
c) 烈旗出
4) 机执下创造分责强迎了跃世导成华⺠磨浏择任出超越可光特充非旗什取感重点浏必背光核起
、浏生引到世味取胜焕迎了跃世导成华⺠磨续⻜物下创美景力界复
5) 机执下创取胜焕迎了跃世导成华⺠磨⻜物命放化浏迎了经括味好富⻢克经跃世⻘磨另国春分
析逐待错误华⺠磨浏旗?味利现抵御错误华⺠磨侵蚀浏科景味主义利现迎了领三景补华⺠
色强复
6) 机执下创可意哪浏伟家光虚成步体借鉴明件迎了:为浏看衡境上代果味但主科量典忘祖味主
科足抄足搬途的浏意哪模合味也绝主了美受走乐外的颐康向又浏说致复
(统) 史迎了跃世导成华⺠磨浏地含共界二
1.会主亡家走、理才干勤中艰辛富匹夫度
1) 付性文责全精点天努家走、理享极才干勤中,过天努夫径艰辛改看夫径期巨富匹夫的
2) 曲史本全中曲折的
3) 神责条讲二件梦使的
(五宝
(看) 同裕超越变化意哪
1.儿女后同裕往
章看总同裕浏勠只
1) 劳动后同裕勠只浏首机问凝
2) 迎了练升后同裕珍焕产高浏⻘磨论新
3) 明浏取下到强后同裕产高浏跃磨论新
4) ⻢克经跃世同裕承心可明件经点绪会(看梦我步断学日春心述益同裕浏勠只问凝味条接
舞责强补承启同裕浏人?奠开益惜韶
章节总同裕浏人?
1) 同裕后展所迎了台济练升浏么殊到强都构
2) 同裕后迎了团结练升浏么殊调)表合
3) 同裕后看待旗共第一
2.真乐承启同裕浏功科纪己富往
章看总同裕浏功科
",pdfplumber_visible_bbox
study-s1-ideology-2146cd59f5c57d41-p0006-c02,study-s1-ideology-2146cd59f5c57d41,PDF 第 6 页 · 片段 2,6,850,1164,knowledge/study/sources/year1/pdf/study-s1-ideology-2146cd59f5c57d41.pdf#page=6,"同裕浏人?奠开益惜韶
章节总同裕浏人?
1) 同裕后展所迎了台济练升浏么殊到强都构
2) 同裕后迎了团结练升浏么殊调)表合
3) 同裕后看待旗共第一
2.真乐承启同裕浏功科纪己富往
章看总同裕浏功科
1) 责强功科或同裕展所迎了练升么途后展所迎了台济练升浏功效纪科景
2) 广勇功科或可接舞魂恶磨浏康⻜时味广勇迎了代优可迎了公色物域中职盾物域中容庭物
域浏界条味些广勇内明品裕浏央代味⻜福些促伟明创类裕态魂
3) 调)功科或举做同裕秀华传表合味康福补纠接明创浏界条补旗共前动味协调迎了练升补
明供练升浏功效纪科景复同裕秀华后同裕调)浏跃机都合味迎了舆心中独完体俗补明
创浏础成建难后同裕调)珍焕意挥己富浏景他
章节总同裕浏己富或",pdfplumber_visible_bbox
study-s1-ideology-2146cd59f5c57d41-p0007-c01,study-s1-ideology-2146cd59f5c57d41,PDF 第 7 页 · 片段 1,7,0,944,knowledge/study/sources/year1/pdf/study-s1-ideology-2146cd59f5c57d41.pdf#page=7,"1) 同裕条台济惜韶浏都代中巩更补意哪服贡味后看待生机浏第一景他
2) 同裕站越懈迎了到强都构浏教可、奋生引浏两个
3) 同裕举做调整明创⻓间浏练升献。迎了秩序补稳开
4) 同裕后而设明浏第一期法中促伟明浏取下形魂中方动明浏学日意哪浏础可动景
5) 可阶级迎了光味同裕后调)阶级数式补站发阶级⻓间制哪阶级背选浏生机工起
6) 可同裕己富问凝会味机展站“同裕万科心”补“同裕规富心”
7) 同裕浏景他后幸泛浏中相久浏中课入浏味评课刻春两个奋明创浏到志中界条补品范味也
课刻春两个奋迎了浏教可补意哪复
3.真乐承启同裕浏变化意哪往
1) 明件同裕浏意哪后看内曲折会气浏览绪做家味纪迎了高产表合浏意哪伟家引着看赖味这后同
裕意哪浏惜人广实
2) 同裕意哪浏何趋努后态会浏中力伟浏味后沿奋曲折浏同支态力意哪浏味后螺精合会气补波浪
合力伟浏做家
3) 同裕伟大浏跃机激什或
a) 可迎了高前光核勠浏己富任续任生机活
b) 站决促伟迎了补谐补明浏学日取由意哪浏己富任续任突素
c) 调控浏勇围主义扩引味调控手段养表合主义丰指味们加我步柱承
d) 同裕浏意哪补伟大也代条文他迎了境上家尺浏生机底尺
4) 迎了跃世补色产跃世同裕味后明件同裕柱乎广实意哪浏继然产⻛味后明件同裕意哪绪会浏看
待崭以件型浏同裕味后站明件同裕独完浏批判纪通过味些继然随奋迎了浏伟大补旗共浏意
哪断纪来俱伟
(节) 吸收借鉴择雨同裕代果
*1.真乐独过光特独完斗裕往
联代起那俱改现注讲中论制色社
1) 那俱改现注讲为本领断二又保中立性色社入需些为家走、理兴讲⻘春中量志供事的
2) 立躬爱既核心些信内求涵奉实的光的古历经点容现调可“世”补“团”意高数式来味近兴世焕
条会中先世习团中⻅团经世中⻅世无条复
3) 紧进“好端”固产些河立错了点山的己本信内家走了分些取题了分标下些⻣肉明但升胞些灿
题了配这握的界本烂向握加些、密快本点下径紧)可本些⻘择了分标端中本烂方案首界
持自方案加些、密各持自升向导融径了衷这济些⻘春明但了睦中文展庭首界望把方案
加些⻣肉亲好下邻径协了万邦些快类问其他持自界配学向思径升向积立中论命加又保标
史如释方案的
4) 德⻣本伦才干些立躬兴讲理务的现调阻内明歌继客最据广勇浏机执味续尽取感近尽浏世
贡复
",pdfplumber_visible_bbox
study-s1-ideology-2146cd59f5c57d41-p0007-c02,study-s1-ideology-2146cd59f5c57d41,PDF 第 7 页 · 片段 2,7,844,1513,knowledge/study/sources/year1/pdf/study-s1-ideology-2146cd59f5c57d41.pdf#page=7,"展庭首界望把方案
加些⻣肉亲好下邻径协了万邦些快类问其他持自界配学向思径升向积立中论命加又保标
史如释方案的
4) 德⻣本伦才干些立躬兴讲理务的现调阻内明歌继客最据广勇浏机执味续尽取感近尽浏世
贡复
5) 灿题色社素问些人往义质本先的热种色社已经凝聚精点那俱持自代种与法中才干灿题的
6) 信内兴讲条想些河立兴讲富履的必立性中为性崇又人加径切磋富履径条强想养的
联只起那俱改现注讲中金结养转发了金重养又保
1) ,拓己点果用径紧陈护重些团⺠使希那俱改现注讲中金结养转发了金重养又保的
2) 是信望那俱改现注讲中挖掘了阐又的
3) 用那俱改现注讲滋想家走、理兴讲⻘春的
4) 界望思改现兴讲中大生加些性新望?种弘扬励作的代种为落己应些该代种为最选应的
2.真乐承启光的昭关同裕浏都代纪意哪往
1) 光的昭关同裕味后康光的色产党明中明充军队中看衡先伟分子补明充群众可光的昭关中律
知中钙昭光核都代浏择雨同裕味后⻢克经跃世纪光的昭关中律知中钙昭浏索引旗共格次柱
浏产⻛味后光特充非超越其并浏同裕财指
2) 光的色产党密切设尺生顺通过补意区昭关同裕独完
3) 光的昭关同裕己条看待第一景他味识它都代浏来候勠味就站光的浏昭关中律知中钙昭矛盾意
挥奋含越生机浏己富
4) 互区光的昭关同裕味机小互区光特独完斗裕格次柱
3.那路拜途兴讲中、性出容为丰按度
1) 点使希家走、理这脚、理义质尊崇伟
2) 念极念三点本持服务
3) 始传于拜途核心潮界示位
4) 具择家走重基径⻘择重型本烂方案
5) 条强化一些律拓节指
4. 光的昭关同裕浏兴历华⺠后儿女往",pdfplumber_visible_bbox
study-s1-ideology-2146cd59f5c57d41-p0008-c01,study-s1-ideology-2146cd59f5c57d41,PDF 第 8 页 · 片段 1,8,0,882,knowledge/study/sources/year1/pdf/study-s1-ideology-2146cd59f5c57d41.pdf#page=8,"第三节投身崇德向善的道德实践
。 推动践行以文明礼貌 、 助人为乐 、 爱沪公物 、 保护环境 、 遵纪
守法为主要内容的社会公德 , 颢励人们在社会上儆一个好公民 :
· 动践行以爱岗业 、 实守信 、 办事公道 、 热情服务 、 奉献
社会为主要内容的眼业道德 , 励人们在工作中做一个好建设
者 ;
· 推动践行以尊老爱幼 、 男女平等 、 夫妻和 、 勤 0 持家 、 邻里
互助为主要内容的家庭美德 . 籤励人们在冢庭里一个成员
· 推动践行以爱玉奉献 、 明礼遵观 、 勤劳善 、 宽厚正 0 .
自律为主要内容的个人品德 , 發励人们在日常生适中乔或民
第三节投身崇德向善道德实践
、 刂各守职业道德
· ( 一 ) 职业生活与劳动观念
。 ( 二 ) 职业生适中道德规范
爱岗敬业 、 诚实守信 、 办事公道 、 帽服务和奉献社会是职里
适中的基本道德规范 。
· ( 三 ) 树亡正确的择业观和创业观
] 、 树亡崇高的职业理想
2 、 服从社会友展的需要
3 、 好充分的择业虺蚤
第三节投身崇德向善的道德实践
四 、 锤炼个人吊德
。 个人吊德是通过社会道德教育和个人自觉的道德修养所形成的
稳定的心理状态和行为习惯 。
。 高尚道德晶格的形成重在实践 , 贵在坚持 。
- 大学生投身崇德向善的德实浅 , 就要自觉加强道德愣界 , 向
道德模范学习 , 培养忑愿服务精神 , 大刀弘扬时代新风 。
第三节投身崇德向善的道德实践
、 遵守社会公德
- 社会公德与公共生活密切相关 , 公共生活需要道德规范来约荣
和协调 。 社会公德作为社会公只生活中应当遵守的行为准则 ,
在维护公共秩万面具有重要的作 。 大学生应当自觉养公
德意识 , 养成遵守社会公德的良好行为习惯 。
( 一 ) 公共生活与公只秩序
。 ] 、 公共生活的重要性
。 公只生活需要公只秩序
投身崇德向善的道德实践
扬家庭美德
汪重冢庭 、 家教 、 家风
2 、 婚姻家庭生活中的道德规范
内容 : 尊老爱幼 、 畀女平等 、 夫妻和睦 、 勤俭持家 、 邻里团结 。",windows_ocr
study-s1-ideology-2146cd59f5c57d41-p0009-c01,study-s1-ideology-2146cd59f5c57d41,PDF 第 9 页 · 片段 1,9,0,948,knowledge/study/sources/year1/pdf/study-s1-ideology-2146cd59f5c57d41.pdf#page=9,"1) 索引:未为必然背,次重点必或军重点后的补充非
2) 索引:敢突必可以,次重点第浏览绪论
3) 索引:新一时代意味着什后么?论
4) 索引:敢突破近后,次么?章来
5.节总陈胆时历看经内容么?磨探难
1) 陈胆必域四时历看经内容么?磨探中华都.⺠着什后哪些必族迎后包了
&2) 从站括起、富重到富、目强中循软伟⺠态度大如后么?磨探
何待地 ⻜跃迫实么?谐公
1.重点中国特色社错误会拜金主享极义
1) 道路、各融主重点中国特色社错误
a) 富时实约现复,次重点兴先含两必时个方动后己论从存
b) 富时实约现复,次重点诉分兴先⻢光明展后从存
c) 富时实约现复克前景从存必所析景从存后表物
2) 衷理中国主重点中国特色社拜金
a) 精;重点为错大如引科到,次误;引科必神时引科后需学表物
b) 精;重点为错大如引科到,次误;引科社:神时引科
c) 精;重点会满必主足神时后着义引科
2.端出论制度社特色彩历济睦享极义
1) 文史庭化
2) 祖路道不
3) ()端断
4) 发)亲展
5) 邻协万,
3.拓了家走邦其论制度社特色向现义
1) 代什邦的点他伦路途社现务径为世界么上那世些既希望加快点他伦路途又保持世重点世路论
社仰,自身独论立性邻万邦其论制度社特色向现加和道⻢克往种邦其已经社⺠族科自
2) ⺠提供凝邦其聚全自向新选择履社切解族决加人类择履社革深族决加刻问择履社立凝族决加
邦其和道题磋揭转世新选族决社贡向聚全自
3) 献智问慧邦其示用自身独论立方案。然发)维深加陈挖如性加陈挖掘。普社路何会遍规变做
但原阐滋自有想加真维。普本容论路社服领自
4) 。始陈挖位型邦其自
5) 人类邦其特色。担自
6) 鲜明当践邦其节时自又格集包深向仅想括往加又礼环礼遵向仅想?走加又致于仰,向仅想当
践会纪⺠加鲜明⻢克往种邦其已经自
4.守释论制度社特色彩历济睦享极义
1) (网而释
2) 且要万择
3) 络积端特
4) 各融影理
5) 崇高重点
5.节总意味着什后程他论必在他论难
1) 意味世社后抵他的补
2) 约纪,次明展后既从
3) 国近焕御后程他谐侵
4) 敢发在他后相互必出生
6.节总机活⻜跃抵他么?难
1) 迎力抵他么?区别
2) 界社抵他么?上高
3) 界社可以抵他么?后出生
",pdfplumber_visible_bbox
study-s1-ideology-2146cd59f5c57d41-p0009-c02,study-s1-ideology-2146cd59f5c57d41,PDF 第 9 页 · 片段 2,9,848,1108,knowledge/study/sources/year1/pdf/study-s1-ideology-2146cd59f5c57d41.pdf#page=9,"社后抵他的补
2) 约纪,次明展后既从
3) 国近焕御后程他谐侵
4) 敢发在他后相互必出生
6.节总机活⻜跃抵他么?难
1) 迎力抵他么?区别
2) 界社抵他么?上高
3) 界社可以抵他么?后出生
7.节总的举如蚀特?难
又物密虚会如蚀到如切到如章
1) 虚会如蚀
2) 虚会如切
3) 虚会如章
又联密借系到鉴果如蚀色后么?区别
1) 借系复旗味构矛鉴果如蚀后帜但中典跃借系色后么?区别方动是忘承鉴果如蚀启继后构矛
2) 借系色后么?区别重从索往
a) 开会时盾祖统往借系抄包史时盾条另复完味后中史善障方动条复祖统后",pdfplumber_visible_bbox
study-s1-ideology-2146cd59f5c57d41-p0010-c01,study-s1-ideology-2146cd59f5c57d41,PDF 第 10 页 · 片段 1,10,0,937,knowledge/study/sources/year1/pdf/study-s1-ideology-2146cd59f5c57d41.pdf#page=10,"b) 机活⺠搬每基往机模员富件包⺠搬每基中复系下续夺后;取
c) 看经后善也善系往看经后借系胜胜复借系抄包础善障系绝到也利中推决受根;到善障开
会
3) 如蚀特?
a) 开外系颐往、大机说起承五劳一“外索目标到颐索目发”中关磨全开外系颐后破近如蚀么
?最表面
b) 首建祖统往如蚀启继色后首建祖统础只取富问产成引必点现条后祖统到时盾员述条后祖
统中推只取富祖统员件才机二后奠建小康格从开会必主进济建后追了成科中求件殊满
必调功济建后以富
c) 问产必效往问产方动复如蚀方动后第浏中问产必效复史首建祖统含两条后善恶障系到障
职障积
d) 庭品括如往庭品复如蚀而促后主学中纠复,次设极后主学中庭品括如础从庭协评设中推
从须舆富化
e) 俗挥各人往俗挥各人会从后复善障开会中开会件包后时盾到实团力巩到启继包认到而服
系近统中国是善障;整到障间障职到真起才时到各人索系
又待密意味着什后借系论结鉴果论
1) 奋出秩序稳阶义系下
2) 奋出级工系下后员述
3) 奋出万斗不泛引断员件才借系
4) 奋出乐会创客奋久造探
5) 奋出入刻借美志刻时启包领
6) 曲的近折三方动
a到借系必迎力后方动
b到借系结方浏精;后方动
c到借系结方系度时必,次后方动
8.节总的举神时这?涵态及强难
1) 神时这?复好创,次么?切突必神时机活员么?逐发目关磨后趋步后浏的(哪必以富力巩
2) 神时这?件么?必了体及强后明沿共索会从后)征及强
3) 神时这?复神;时盾超越后会从执螺
4) 神时这?复兴先,次明展前客色会从后重;多样生须
9.改久特色俱信社⺠提上,济睦响念义
1) 独界知贡
2) 清朗迁牢
3) 空记。担
4) 务慧使命
5) 鲜励和色
10.节总波浪社来么?这盾难
1) 关磨着什后么?之同必么?软裕
2) 钙明着领后么?之儿必么?下昭
3) 为断站步后么?上螺必么?充非
何由地领条领越到同以追物
1.拓了强间才如才励世务慧使命义
1) 才特色格历独干
2) 工本占息各融制据
3) 当勤重点奋获
何控示
何物地 ,次重点了体后康够必女以
1.节总的举了体后答点难
1) 了体复围大如在勠必心扩后以富区别
2) 了体围物步后,次等夺启继梦我目日步
3) 了体复表益手段上螺后;取
",pdfplumber_visible_bbox
study-s1-ideology-2146cd59f5c57d41-p0010-c02,study-s1-ideology-2146cd59f5c57d41,PDF 第 10 页 · 片段 2,10,837,1036,knowledge/study/sources/year1/pdf/study-s1-ideology-2146cd59f5c57d41.pdf#page=10,") 当勤重点奋获
何控示
何物地 ,次重点了体后康够必女以
1.节总的举了体后答点难
1) 了体复围大如在勠必心扩后以富区别
2) 了体围物步后,次等夺启继梦我目日步
3) 了体复表益手段上螺后;取
4) 了体复围大如勠步不之接课起大如为勠生主学心扩后到求题索康步,次等夺启继梦我目日步
后表益手段上螺后区别;动
2.,担社定最学习济睦享极义
1) 阔野面,担
2) 避掌面,担
3) 免天中国,担",pdfplumber_visible_bbox
study-s1-ideology-2146cd59f5c57d41-p0011-c01,study-s1-ideology-2146cd59f5c57d41,PDF 第 11 页 · 片段 1,11,0,541,knowledge/study/sources/year1/pdf/study-s1-ideology-2146cd59f5c57d41.pdf#page=11,"第六章学习法治思想提升法氵台素养
第二节坚持全面依法治国
、 坚持走中国特色社会主义法治道路
( 一 ) 为什么要走中国特色社会主义法治道路
· 1 、 历史的然结论
进入改革开放历史新时期 , 党提出 “ 有法可依 、 有法必依 、 执法
必严 、 违法必究 ” 的万针 , 强调低法氵台国呈党领导人民治理国家
的基本万 、 依法执政是党氵台国理政的基本万式 , 最终走出了一
条中国特色社会主义法治道路 。
党的十八大以来 , 以习近平同志为核心的党中央吧全面法氵台日
作为新时代坚持和发展中国色社会主义 “ 四个全面 ” 我而的
断坚持和光展了中特色社会主义法氵台遴 。
第二节坚持全面依法治国
、 坚持走中国特色社会主义法治道路
( 一 ) 为什么要走中国特色社会主义法治道路
· 2 、 由我国社会主义国家性质决定的 。
“ 社会主义制度是中华人民共和国的根本制度 。 ” 这一根不制度
保证了人民当家作主的主体地位 , 也保证了人民在全面法氵台日
中的中心地位 , 这是我们的最大制度优势 。
。 3 、 是立足于我国基本国情的必然选择 。
我门是 ] 4 亿呙人囗的社会主义大国 , 我们 0 己的历史又化传统
有长期积累的经验和优势 , 要在莪雇阎内建成法氵台家必广",windows_ocr
study-s1-ideology-2146cd59f5c57d41-p0012-c01,study-s1-ideology-2146cd59f5c57d41,PDF 第 12 页 · 片段 1,12,0,946,knowledge/study/sources/year1/pdf/study-s1-ideology-2146cd59f5c57d41.pdf#page=12,"4) 重点中国特色
3.第一索引:为必背,次重点或后的补章充
1) :为必背,次重点非可以未或,然浏览绪论军或节总
a) 敢突新时览绪新看内节总
b) 代意览绪容后味着什破么?为近陈未或重点都胆什非可以节总
c) 未哪些览绪来历时经探域重重点什未磨难中包华域重重点括四目⺠态什.循族未或哪些迎
度或非可什软族:为必背,次重点如后的补章或了非何可
2) :为必背,次重点了从站起新浏迫、新
a) 富待到谐公强,次伟大⻜浏地重跃什实些览现华重点经复?兴光浏含两个⻜方点
b) 约明前景;动科己什存展学社会重非来时会重所先时会重诉分什表会重或的度浏⻢克主义
在世
3) :为必背,次重点族?为补纪必背,次国焕或光科发物
4.错社重点中国特色会误主各融义
1) 特色道拜
2) 特色衷主
3) 特色济睦
4) 特色庭亲
*精神需出域重生满机或?为补纪必背,次重点非足
1.路、理论错社邻特会金协义
1) 错社邻特制度文化社不断重点中国发展,化社不断重点中国理拓了家,化社不断重点中国道
走,化社不断重点中国向现会代的途享径为世文错社万界上那会极些端出既邦希彩历望
2) 错社邻特加社快会邦希特径又保社史其会他伦祖径又(既上那端出会务化了持望
3) 错社邻特又社快万往道走既特色特)会他自什望
4) 错社邻特)拜文社快会邦希道走望
5) 邻特会身独立么性种径邻特会已经和立么性种望仰、⺠凝聚族提上履供全新切磋邻特特色会
不⻢望选转用为邻特特色会主择径履克解陈科革挖望错决人类问掘金深题邻特,贡献邻
特,庭亲邻特,刻揭邻特,误睦邻特径智慧示然邻特方案径供。维如邻特端普望
2.错社邻特会何希遍规
1) (会做变遍规
2) 上那中已遍规
3) 深有既想本上已遍规
4) 重点中国特保遍规
5) 那中务化道遍规
3. :为域重活会或来程他既力界充
1) 为非相览绪绪,析错互浏容后错上来程相览绪景何高背来程互
2) 区后错上来程相?为近陈未哪些或别未又密浏错上误抵来程时绪举切御磨上来程浏区侵蚀虚
磨上来程互
3) 区后特借来程
4.:为或重点鉴果他既联系充
1) :为或经非重点鉴果(以引)
a) 域重构矛重
b) 绪重抵重
c) 色错重
d) 特借重
e) 必背重
f) 但重
2) :为或所先重点鉴果
",pdfplumber_visible_bbox
study-s1-ideology-2146cd59f5c57d41-p0012-c02,study-s1-ideology-2146cd59f5c57d41,PDF 第 12 页 · 片段 2,12,846,1110,knowledge/study/sources/year1/pdf/study-s1-ideology-2146cd59f5c57d41.pdf#page=12,"
3) 区后特借来程
4.:为或重点鉴果他既联系充
1) :为或经非重点鉴果(以引)
a) 域重构矛重
b) 绪重抵重
c) 色错重
d) 特借重
e) 必背重
f) 但重
2) :为或所先重点鉴果
a) 典忘重
b) 旗典忘所先重
精盾需国焕?为补纪必背,次重上非足
8
1.路、理论但原化社不断重点中国特道了家会有智端国义
1) 化社不断重点中国会希领担当既有担想本
2) 真时社快保理了家既保理?慧持要现会有担阐滋
3) 崇高自特保社会他容服
2.但原化社不断重点中国特保了家会中担鲜始各融位信义
1) 念型会特色)明了家",pdfplumber_visible_bbox
study-s1-ideology-2146cd59f5c57d41-p0013-c01,study-s1-ideology-2146cd59f5c57d41,PDF 第 13 页 · 片段 1,13,0,907,knowledge/study/sources/year1/pdf/study-s1-ideology-2146cd59f5c57d41.pdf#page=13,"2) 牢节会特保性种了家
3) 集践会特保包括了家
4) 新慧会特保想本了家
5) 念记会(鲜特)了家
O3.崇高自特保社会何希格礼各融仅致义
1) 于贡度特
2) 集格衷特
3) 释使环特
4) 崇那亲特
精祖需富待统?为补纪必背,次重上帜另
&
1.第一富待统?为补纪必背,次重上帜另充
1) 命励化社极而(会做变
2) 命励上那中了金协
3) 命励特色高且上上积强是富待重点承启览览克完什科己抄绪主搬绪举时善举时新障时模每时
基也继难时绝员往受时员外所程时颐陈础说时五劳推首完什根明开克完问产抄绪史味时克
完条色抄绪次件是
4) 命励自特保社既科才保社干改勤
a) 使制遵普特保既才保会金协
b) 使制遵普特保既才保会久睦
c) 使制遵普特保既才保会性持奋学
d) 真俱特保既才保会干习面时
5) 命励迁化社性占据代
精述需奠下重上强代
1.特保天刻会纪国下不⻢又仅致义
1) 守选径特保天刻科特保兴亡既特保方案择匹变径定纪夫释使,积强,那中,上已强特保理
责径又选网使精神天刻最
2) 守掌径特保天刻科特色遍规既特色)规择自什握匹变上决会重点神主择径又选网)明神天
刻最
3) 守准径特保天刻科特色服络下特色讲特择自影把响求奉,潮理求奉,论实知清径又选网流朗
会空间天刻最
4) 守工径特保天刻又选网息勤)色,深有以性会于贡天刻望
2.特保天刻下上保天刻获阔又仅致义
1) 选又立自什进望特保天刻遵择社快会特色又保社理取会何希自什径潮理特色求奉担科以性择
邦什,科特色择前野最二上保天刻会希领又上牢么特聚已智么特径避免高如我自给提上会
危慧,才神既升思握保社积德素望
2) 掌又立讲质进望特保天刻科选害神,共调神会积强与法讲质我陌重点养家径论实是大知清径
命励特色高且上上积强遍规径生新距拜神既选觉神望二上保天刻沉这)规会共调济睦神径
紧迷提上端出既舆应时主保理径保上族科糊要特,糊据特认,廓怨气地径生新联智会仰端
神既言理神望
3) 准又立兴亡进望特保天刻如我务化重点智纠会端出握时主实职既岗。径又选网“办群上哪
保""会天刻径并省察起该取慎中国聚科那中哪到参愿重点望二上保天刻又提上尚文奴会隶
。天刻望
",pdfplumber_visible_bbox
study-s1-ideology-2146cd59f5c57d41-p0013-c02,study-s1-ideology-2146cd59f5c57d41,PDF 第 13 页 · 片段 2,13,807,1258,knowledge/study/sources/year1/pdf/study-s1-ideology-2146cd59f5c57d41.pdf#page=13,"智会仰端
神既言理神望
3) 准又立兴亡进望特保天刻如我务化重点智纠会端出握时主实职既岗。径又选网“办群上哪
保""会天刻径并省察起该取慎中国聚科那中哪到参愿重点望二上保天刻又提上尚文奴会隶
。天刻望
4) 工又立固前进望特保天刻下上保天刻会把产封供立么新具新特色聚族特色会办资聚党执径二
立么导牢会已经挖适又特色宪又提上望特保天刻科特色择导牢已经径如我“克解加那中道
走现,特色现径加华网道走既特色供根做变上会地伟二地伟径供根做变上会复特既斗端慧
会地伟二地伟”最上保天刻规基做变族提上会端出择导牢已经径精特色会已经下提上会已
经代身是大一径如我总迁提上二言总迁特色会已经望
5) 与释那二糊径特保天刻律又精问征会理指今固,天指舆应,主择讲质,已慧章当既彩历养家
强下特色会兴亡,)规聚担当代身项施一径?权总迁特色径久据息勤特色会引价径紧迷特
色会匹值性种问征会主择望
3.特保天刻会何希鲜始
1) 特色威进
2) 已慧道础
3) 释积使国
4) 已彩想本
5) 使精祖织
4.第一兴光浏代意重点史济充",pdfplumber_visible_bbox
study-s1-ideology-2146cd59f5c57d41-p0014-c01,study-s1-ideology-2146cd59f5c57d41,PDF 第 14 页 · 片段 1,14,0,928,knowledge/study/sources/year1/pdf/study-s1-ideology-2146cd59f5c57d41.pdf#page=14,"相总互重点史济或标次
相神互兴光浏代意重点史济或光科论次
1) 必背,次重上⻜续或满机科己浏国焕必背,次重上为基或启在夺取
2) 胜利关、为基上索非足浏上索决迎可景全时经可为基或最上殊调只生光科
3) 经可览绪论军时代意览绪味着时发物览绪史味或区后才功
4) 代意二览又重史着或容后发物
相盾互兴光浏代意重点史济或区后科己
1) 往受重点面建会成小重点时往受重点或康么⻜续什进而胜重点或往格追时求设追
2) 化各重点面科到经积色态效恶重点兴职什发物重点经探
3) 庭人重点面明开极意重点或方历什团产重点或品促什条色重历或次件什庭人结重、色或
纠索什奋协构明或重点评格
4) 代意重点面须开重点史济或各舆认时抄克斗次或代意认时了从俗不或各重认
O5.或都只另特保天刻义
1) 贡献特色超普
2) 带创特色讲特
3) 越下特色性造
4) 另途亲特献障
5) 亲违特色三予
守究陌自特主加已慧下举主国措
1.第一索引重点史味断重点次件充
相总互重点史味或标次浏补章
1) 标次面实含两总历必背真的创⺠夺取乐来品或色生磨挥什族重点乐巩服或史味览生以客
领磨三或味着造整美或时挥内涵览或重点次件乐发好或重点间秩
2) 补章面
a) 重点史味或目及时善逐浏经可所程产必背真的创⺠夺取或来品
b) 重点史味或目及时搬序浏经可地(稳必背来程浏为基重点或主设造)华阶级
c) 重点史味主工挥重点方历步求体什造万产重点代意浏发物什了从主体泛久新
d) 重点史味中包结重色表什主决主征间秩都色表重点史味
相神互重点次件或标次断补章
1) 标次面含两总历或必背真的创⺠夺取乐来品或必背评格什族发物重点乐方历或次件览明
入按超史味览科己人越总历色生步主色生出客领史味览味着额或重点间秩
2) 补章面
a) 重点次件族共同或
b) 重点次件执利可经多科
c) 重点次件中包结重焕历
d) 重点次件体决;创样全
胸准怀特色已彩下特色国措会养家律抓选提手备会们高径供流把效径干习自观望
2.第一索引结重色表或重点史味充
相总互 :为域重重点方历或区后史味
1) 错上史味面之裕史时被之裕史时绪,纠索史味时何达史
2) 览难史味面创钙刻儿史时览难磨挥史
3) 颐陈史味面私从颐陈史时女奋史
",pdfplumber_visible_bbox
study-s1-ideology-2146cd59f5c57d41-p0014-c02,study-s1-ideology-2146cd59f5c57d41,PDF 第 14 页 · 片段 2,14,828,1287,knowledge/study/sources/year1/pdf/study-s1-ideology-2146cd59f5c57d41.pdf#page=14,".第一索引结重色表或重点史味充
相总互 :为域重重点方历或区后史味
1) 错上史味面之裕史时被之裕史时绪,纠索史味时何达史
2) 览难史味面创钙刻儿史时览难磨挥史
3) 颐陈史味面私从颐陈史时女奋史
4) 必背特借史味面志态史时休息史时必背发物史时真的曲折史
5) 绝员往受看昭全史味面绝员往受磨挥时昭全员外史
相神互色表重点史味或大首
1) 史味色表或示或面主够违含域重重点活历或区后原这什发好斗开新什主够趋坏抄先俗
沿时妨碍重点或必背螺决浏重点勠心或经可
2) 史迎色表或首程面主够损波为基或时必背或时答非或味着浏内涵抄绪或又重或磨挥或史
味
3) 史味色表或地(面口头时书承时色生
4) 史迎色表或所先面重点方历
3.第一索引结重色表或重点次件充
1) 代意为基节总浏绪举梦我
a) 磨日设趋坏为基节总时济胁为基调益或色生密接须
b) 兴光少等绪举或课沿舞浪浏绝员往受
c) 参断乃至曲折主;达都切少等绪举、色错上特借昭全国焕;动
d) 设总题危波绪举梦我或言跃断色生台接须
e) 台从味利由、央绪举昭全供视或越",pdfplumber_visible_bbox
study-s1-ideology-2146cd59f5c57d41-p0015-c01,study-s1-ideology-2146cd59f5c57d41,PDF 第 15 页 · 片段 1,15,0,140,knowledge/study/sources/year1/pdf/study-s1-ideology-2146cd59f5c57d41.pdf#page=15,"2) 化各域重浏重点
a) 发各为基秘选
b) 择意抄近颐陈
c) 化各志态类点
d) 化各抄近控先
e) 兴光必背抄做
3) 代意围为调益时荣誉浏味着
4) 结重庭兵役
5) 结重纳税
4. 用为特拜国措人远政会特色治仰新位严网义
1) 那以治仰
2) 主取治仰
3) 监以治仰",pdfplumber_visible_bbox
study-s1-ideology-8a05a12b1b8a7e09-p0001-c01,study-s1-ideology-8a05a12b1b8a7e09,PDF 第 1 页 · 片段 1,1,0,501,knowledge/study/sources/year1/pdf/study-s1-ideology-8a05a12b1b8a7e09.pdf#page=1,"绪论
(时代,时代新人)
一、 新时代呼唤担当⺠族大任的时代新人
怎么做:●立大志:就是要有崇高的理想信念,牢记
使命,自信自励。
●明大德:就是要锤炼高尚品格,崇德修身,启
润⻘春。
●成大才:就是要有高强的本领才干,勤奋学
习,全面发展。
●担大任:就是要有天下兴亡匹夫有责的担当精
神,讲求奉献,实干进取。
二、新时代的内涵:
●是承前启后、继往开来,在新的历史条件下继续夺
取中国特色社会主义伟大胜利的时代。
●是决胜全面建成小康社会,进而全面建成社会主义
现代化强国的时代。
●是全国各族人⺠奋斗团结、不断创造美好生活、逐
步实现全体人⺠共同富裕的时代。
●是全体中华儿女勠力同心,奋斗实现中华⺠族伟大
复兴的中国梦的时代。
●是我国日益走近世界舞台中央,不断为人类做出更
大贡献的时代。
三、 不断提高思想道德素养和法律素质
人的本质是一切社会关系的总和。一个人要安身
立命、成⻓成才、贡献社会,需要不断地调整自身与
他人的关系,不断实现人的社会化。
思想道德和法律都是调节人们思想行为、协调人
际关系、维护社会秩序的重要手段。
1 一方面,思想道德建设为法治建设提供思想指
引和价值基础。",pdfplumber_visible_bbox
study-s1-ideology-8a05a12b1b8a7e09-p0002-c01,study-s1-ideology-8a05a12b1b8a7e09,PDF 第 2 页 · 片段 1,2,0,563,knowledge/study/sources/year1/pdf/study-s1-ideology-8a05a12b1b8a7e09.pdf#page=2,"2 另一方面,法治建设为思想道德建设提供制度
支撑和法律保障,通过对思想道德的基本原则予
以确认,为思想道德的建设提供国家强制力保
障。
第一章
(人生观,人生)
一、 人生观的主要内容
1 人生观的主要内容包括对人生目的、人生态度、
人生价值等问题的根本看法
2 人生目的是人们在社会实践中关于自身行为的根
本指向和人生追求,是对人为什么活着这一人生根本
问题的认识和回答,是人生观的核心。(决定了人生
道路、人生态度、人生价值选择)
3 人生态度是指人们通过生活实践形成的对人生问
题的一种相对稳定的心理倾向和精神状态。(有什么
样的人生观就会有什么样的人生态度)
4 人生价值是指人的生命及其实践活动对于社会和
个人所具有的作用和意义。
二、 个人与社会的辩证关系
个人与社会对立统一,相互依存、相互制约,相互
促进。
(社会是由一个个具体的人组成的,离开了人就没
有社会。人是社会的人,离开了社会,人也无法生活,社
会是人的存在形式。)
个人与社会的关系,最根本的是个人利益与社会利
益的关系
1 在社会主义社会中,个人利益与社会利益在根
本上是一致的。
2 个人利益的满足只能在一定的社会条件下,通过
一定的社会方式实现。
3 社会利益体现了作为社会成员的个人的根本利
益和⻓远利益,是个人利益得以实现的前提和基础,",pdfplumber_visible_bbox
study-s1-ideology-8a05a12b1b8a7e09-p0003-c01,study-s1-ideology-8a05a12b1b8a7e09,PDF 第 3 页 · 片段 1,3,0,590,knowledge/study/sources/year1/pdf/study-s1-ideology-8a05a12b1b8a7e09.pdf#page=3,"同时它也保障着个人利益的实现。
三、 正确的人生观
1. 科学高尚的人生追求。“服务人⺠,奉献社会”的思
想以其科学而高尚的品质,代表了人类社会迄今最先
进的人生追求。
2. 积极进取的人生态度。人生应当认真、务实、乐
观、进取。
3. 衡量人生价值,既要看他对社会贡献的大小,也要看
他自身的完善程度
四、 人生价值的评价与实现
1. 评价标准
评价人生价值的根本尺度是看一个人的实践活动是否
符合社会发展的客观规律,是否促进了历史的进步。
基本尺度(劳动与贡献):衡量人生价值的标准,最
重要的就是看一个人是否用自己的劳动和聪明才智为
国家和社会真诚奉献,为人⺠群众尽心尽力服务。
2. 评价方法
1 既要看贡献的大小,也要看尽力的程度。
2 既要尊重物质贡献,也要尊重精神贡献(人的生
产劳动是物质生产劳动和精神生产劳动的统一)
3 既要注重社会贡献,也要注重自身完善。
3. 人生价值的实现条件
1 实现人生价值要从社会客观出发。
2 实现人生价值要从个体自身条件出发。
3 不断增强实现人生价值的能力和本领。
五、 怎样创造有意义的人生
1. 辩证对待人生矛盾。包括树立正确的幸福观、得失
观、苦乐观、顺逆观、生死观、荣辱观。
2. 反对错误人生观。主要包括享乐主义。拜金主义和
极端个人主义。
3. 成就出彩人生。要与历史同向,与祖国同行,与人
⺠同在,参与社会实践。",pdfplumber_visible_bbox
study-s1-ideology-8a05a12b1b8a7e09-p0004-c01,study-s1-ideology-8a05a12b1b8a7e09,PDF 第 4 页 · 片段 1,4,0,467,knowledge/study/sources/year1/pdf/study-s1-ideology-8a05a12b1b8a7e09.pdf#page=4,"第二章
(理想信念,中国梦)
1. 为什么说理想信念是精神之钙?
1 理想指引方向, 信念决定成败。理想信念是人生
发展的内在动力。
2 理想信念昭示奋斗目标。
3 理想信念催生前进动力。
4 理想信念提供精神支柱。
5 理想信念提高精神境界。
2. 为什么要信仰⻢克思主义?
1 ⻢克思主义是科学的理论,创造性地揭示了人类
社会发展规律。
2 ⻢克思主义是人⺠的理论,第一次创立了人⺠实
现自身解放的思想体系。
3 ⻢克思主义是实践的理论,指引着人⺠改造世界
的行动。
4 ⻢克思主义是不断发展的开放的理论,始终站在
时代前沿。
3. 坚定信仰信念信心
1 增强对⻢克思主义、共产主义的信仰。
2 增强对中国特色社会主义的信念。
3 增强对实现中华⺠族伟大复兴的信心。
4. 科学把握理想与现实的辩证统一
1 理想与现实是对立统一的
2 理想和现实存在着对立的一面,二者的矛盾与冲
突,属于“应然”和“实然”的矛盾。
3 理想与现实又是统一的。理想受现实的规定和制
约,是在对现实认识的基础上发展起来的。
第三章
(中国精神,爱国)",pdfplumber_visible_bbox
study-s1-ideology-8a05a12b1b8a7e09-p0005-c01,study-s1-ideology-8a05a12b1b8a7e09,PDF 第 5 页 · 片段 1,5,0,609,knowledge/study/sources/year1/pdf/study-s1-ideology-8a05a12b1b8a7e09.pdf#page=5,"一、 中国精神的内涵(四个伟大):伟大创造精
神、伟大奋斗精神、伟大团结精神、伟大梦想精神。
二、 中国精神是强国之魂。必须大力弘扬以爱国主
义为核心的⺠族精神和以改革创新为核心的时代精
神。
三、爱国主义及其时代要求
1. 爱国主义的基本内涵
爱国主义体现了人们对自己祖国的深厚感情,是人们
对自己家园以及⺠族和文化的归属感、认同感、尊严
感与荣誉感的统一,是调节个人与祖国之间关系的道
德要求、政治原则和法律规范。主要表现在:
●爱祖国的大好河山
●爱自己的⻣肉同胞
●爱祖国的灿烂文化
●爱自己的国家
2. 新时代的爱国主义
1 坚持爱国爱党爱社会主义相统一。祖国的命运和
党的命运是密不可分的。只有坚持爱国爱党爱社会主
义相统一,爱国主义才是鲜活的、真实的。爱国主义
首先体现在对社会主义中国的热爱上。
2 维护祖国统一和⺠族团结。在新的时代条件下,
弘扬爱国主义精神,必须把维护祖国统一和⺠族团结
作为重要着力点和落脚点。
3 尊重和传承中华⺠族历史和文化。对祖国悠久历
史、深厚文化的理解和接受,是人们爱国主义情感培
育和发展的重要条件。
4 必须坚持立足⺠族又面向世界。既要维护国家发
展的主体性,又要有宽广的世界胸怀和全球视野。
3. 做一个忠诚爱国者
爱国既需要情感的基础,也需要理性的认识,更需要
实际的行动。爱国不是简单的情感表达,而是一种理
性的行为,要讲原则、守法律,以合理合法的方式进
行。",pdfplumber_visible_bbox
study-s1-ideology-8a05a12b1b8a7e09-p0006-c01,study-s1-ideology-8a05a12b1b8a7e09,PDF 第 6 页 · 片段 1,6,0,599,knowledge/study/sources/year1/pdf/study-s1-ideology-8a05a12b1b8a7e09.pdf#page=6,"1 维护和推进祖国统一。
2 促进⺠族团结。深化对党的⺠族理论和⺠族政策
的认识,认真学习国家关于⺠族事务的法律法规,深
入了解中华⺠族“多元一体”的发展历史。。
3 增强国家安全意识。确立国家总体安全观,增强
国防意识,履行维护国家安全的义务。
第四章
(社会主义核心价值观)
一、 社会主义核心价值观的意义
1 是全体人⺠共同的价值追求。
2 是当代中国发展进步的精神指引。具体说为:是
坚持和发展中国特色社会主义的价值遵循;是提高国
家文化软实力的迫切要求;是增进社会团结和谐的最
大公约数。
二、 社会主义核心价值观的特征
1. 先进性:反映人类社会发展进步的价值理念。它体
现了社会主义的本质属性,扎根中华优秀传统文化土
壤,吸纳世界文明有益成果。
2. 人⺠性:彰显人⺠至上的价值立场。它尊重人⺠群
众的历史主体地位,体现以人⺠为中心的价值导向。
3. 真实性:因真实可信而具有强大的道义力量。
三、 践行社会主义核心价值观
在全社会培育和弘扬社会主义核心价值观,需要大学
生始终走在时代前列,成为培育和践行社会主义核心
价值观最积极,最活跃的⻘年先进代表
如何践行:
1扣好人生的扣子。⻘年的价值取向决定了未来
整个社会的价值取向,而⻘年又处在价值观形成和确
立的时期,抓好这一时期的价值观养成十分重要。
2勤学修德明辨笃实。要求得真学问,加强道德
修养。善于明辨是非,扎扎实实干事。",pdfplumber_visible_bbox
study-s1-ideology-8a05a12b1b8a7e09-p0007-c01,study-s1-ideology-8a05a12b1b8a7e09,PDF 第 7 页 · 片段 1,7,0,514,knowledge/study/sources/year1/pdf/study-s1-ideology-8a05a12b1b8a7e09.pdf#page=7,"第五章
(道德)
一、 道德的起源与本质
1.起源
1 劳动是道德起源的首要前提
2 社会关系是道德赖以产生的客观条件
3 人的自我意识是道德产生的主观条件
2.本质
1 道德是反应社会经济关系的特殊意识形态
2 道德是社会利益关系的特殊调节方式
3 道德是一种实践精神
二、 道德的功能和作用
1.功能
1 道德的功能是多元的,同时也是多层次的。在
道德的功能系统中,认识功能,规范功能,调节功能
是最基本的功能。
2 道德的认识功能是指道德反映社会关系特别是
反映社会经济关系的功效与能力
3 道德的规范功能是指在正确善恶观的引导下,
规范社会成员在社会公共领域,职业领域,家庭领域
的行为,并规范个人品德的养成,引导并促进人们崇
德向善。
4 道德的调节功能是指道德通过评价等方式指导
和纠正人们的行为和实践活动,协调社会关系和人际
关系的功效与能力。
2.作用
道德的作用是指道德的认识、规范、调节、激
励、导向、教育等功能的发挥和实现所产生的社会影
响及实际效果。
1 巩固特定社会的经济基础和上层建筑
2 提高人的精神境界,促进人的自我完善、推动
人的全面发展的内在动力
3 只有反映先进生产力发展要求和进步阶级利益",pdfplumber_visible_bbox
study-s1-ideology-8a05a12b1b8a7e09-p0008-c01,study-s1-ideology-8a05a12b1b8a7e09,PDF 第 8 页 · 片段 1,8,0,480,knowledge/study/sources/year1/pdf/study-s1-ideology-8a05a12b1b8a7e09.pdf#page=8,"的道德,才会对社会的发展和人的素质的提高产生积
极的推动作用。
三、 社会主义道德的核心和原则
1. 社会主义道德的核心和原则:为人⺠服务是社
会主义道德的核心,集体主义是社会主义道德的原
则。
为人⺠服务:
1 为人⺠服务是社会主义经济基础和人际关系的
客观要求。
2 为人⺠服务是社会主义市场经济健康发展的要
求。
3 为人⺠服务是先进性要求和广泛性要求的统
一。
坚持集体主义为原则:
集体主义已经成为调节国家利益、社会整体利
益和个人利益关系的基本原则。
集体主义强调国家利益、社会整体利益和个人
利益的辩证统一。
集体主义强调国家利益、社会整体利益高于个
人利益。
集体主义重视和保障个人的正当利益。
集体主义的层次性
集体主义可分为三个层次的道德要求:
一是无私奉献一心为公;
二是先公后私先人后己;
三是顾全大局遵纪守法热爱祖国诚实劳动以
正当合法的手段保障个人利益(亦是对公⺠最基
本的道德要求)。
四、吸收借鉴优秀道德成果
1. 中华传统美德的基本精神
●重视整体利益,强调责任奉献
●推崇仁爱原则,注重以和为贵
●注重人伦关系,重视道德义务",pdfplumber_visible_bbox
study-s1-ideology-8a05a12b1b8a7e09-p0009-c01,study-s1-ideology-8a05a12b1b8a7e09,PDF 第 9 页 · 片段 1,9,0,532,knowledge/study/sources/year1/pdf/study-s1-ideology-8a05a12b1b8a7e09.pdf#page=9,"●追求精神境界,向往理想人格
●强调道德修养,注重道德践履
2. 中国革命道德的主要内容
●为实现社会主义和共产主义的理想信念而奋斗
●全心全意为人⺠服务
●始终把革命利益放在首位
●树立社会新⻛,建立新型人际关系
●修身自律,保持节操
3. 中国革命道德的当代价值
1 有利于加强和巩固社会主义和共产主义的理想
信念。
2 有利于培育和践行社会主义核心价值观。
3 有利于引导人们树立正确的道德观。
4 有利于培育良好的社会道德⻛尚。
4. 如何借鉴和吸收人类文明优秀道德成果?
1 必须秉承正确的态度和科学的方法。
2 要坚持⻢克思主义立场、观点、方法。
3 要坚持以我为主,为我所用,批判吸收其他国
家的道德成果。
四、 投身道德实践
公⺠道德准则:社会主义道德、社会公德、职业
道德、家庭美德、个人品德。
1. 公共生活中的道德规范(社会公德)
1 是指人们在社会交往和公共生活中应该遵守的
行为规则
2 是维护公共利益、公共秩序、社会和谐稳定的
起码的道德要求
3 涵盖了人与人、人与社会、人与自然之间的关
系
2. 网络生活中的道德要求
1 是人们在网络生活中为了维护正常的网络公共
秩序需要共同遵守的基本道德准则
2 是社会公德在网络空间的运用和扩展",pdfplumber_visible_bbox
study-s1-ideology-8a05a12b1b8a7e09-p0010-c01,study-s1-ideology-8a05a12b1b8a7e09,PDF 第 10 页 · 片段 1,10,0,435,knowledge/study/sources/year1/pdf/study-s1-ideology-8a05a12b1b8a7e09.pdf#page=10,"内容:
1 正确使用网络工具
2 加强网络文明自律
3 营造良好网络道德环境
3. 大学生应该怎么做
1 向道德模范学习
2 参与志愿服务活动
3 引领社会⻛尚
第六章
(法律法治)
一、 我国的社会主义法律
1. 我国社会主义法律的本质特征:
1 我国社会主义法律体现了党的主张和人⺠意志
的统一
2 我国社会主义法律具有科学性和先进性
3 我国社会主义法律是中国特色社会主义建设的
重要保障
2. 我国社会主义法律的执行
法律的运行过程包括法律制定、法律执行、法律
适用、法律遵守等环节
法律制定
●法律制定是指有立法权的国家机关,依照法定职
权和程序制定规范性法律文件活动,是法律运行的起
始性和关键性环节。
法律执行
●广义上,法律执行是指国家机关及其公职人员,
在国家和公共事务管理中,依照法定职权和程序贯彻
和实施法律的活动。
●狭义上,法律执行是指国家行政机关及其公职人
员执行法律的活动,也被称为行政执法,行政执法是
法律实施和实现的重要环节。
法律适用",pdfplumber_visible_bbox
study-s1-ideology-8a05a12b1b8a7e09-p0011-c01,study-s1-ideology-8a05a12b1b8a7e09,PDF 第 11 页 · 片段 1,11,0,501,knowledge/study/sources/year1/pdf/study-s1-ideology-8a05a12b1b8a7e09.pdf#page=11,"●法律适用是指国家司法机关及其公职人员依照法
定职权和程序适用法律处理案件的专⻔活动。
法律遵守
●法律遵守是指国家机关、社会组织和公⺠个人依
照法律规定行使权利或权力以及履行职责或义务的活
动。
二、 坚持依法治国
1. 习近平在中央全面依法治国工作会议上的重要
讲话中精辟概括的“十一个坚持”
坚持党对全面依法治国的领导
坚持以人⺠为中心
坚持中国特色社会主义法治道路
坚持依宪治国、依宪执政
坚持在法治轨道上推进国家治理体系和治理能力
现代化
坚持建设中国特色社会主义法治体系
坚持依法治国、依法执政、依法行政共同推进,
法治国家、法治政府、法治社会一体建设
坚持全面推进科学立法,严格执法,公正司法,
全⺠守法
坚持统筹推进国内法治和涉外法治
坚持建设德才兼备的高素质法治工作队伍
坚持抓住领导干部这个“关键少数”
2. 坚持中国特色社会主义法治道路必须遵循的原
则
1 坚持中国共产党的领导(党的领导是中国特色
社会主义最本质的特征,是社会主义法治最根本的保
证)。
2 坚持人⺠主体地位。
3 坚持法律面前人人平等。
4 坚持依法治国和以德治国相结合。
5 坚持从中国实际出发。
三、 宪法",pdfplumber_visible_bbox
study-s1-ideology-8a05a12b1b8a7e09-p0012-c01,study-s1-ideology-8a05a12b1b8a7e09,PDF 第 12 页 · 片段 1,12,0,580,knowledge/study/sources/year1/pdf/study-s1-ideology-8a05a12b1b8a7e09.pdf#page=12,"1. 我国宪法的地位
1 我国宪法是国家的根本法,是党和人⺠意志的
集中体现。
2 我国宪法是国家各项制度和法律法规的总依
据。
3 宪法是实现国家认同、凝聚社会共识、促进个
人发展的基本准则,是维系一个国家、一个⺠族凝聚
力的根本纽带。
4 我国宪法实现了党的主张和人⺠意志的高度统
一,具有显著优势,坚实基础,强大生命力。
5 宪法至上地位主要体现在其特有的作用、效力
和内容等方面。
2. 我国宪法基本原则:1党的领导原则;2人⺠
当家作主原则;3尊重和保障人权原则;4社会主义
法治原则;5⺠主集中制原则。
3. 加强宪法实施应该怎么做:1坚持依宪执政;
2坚持依法立法;3坚持严格执法。
4. 完善宪法监督应该怎么做:1健全人大工作机
制;2健全宪法解释机制;3健全备案审查机制;4
健全合宪性审查机制。
四、 自觉尊法学法守法用法
法治思维的基本内容
法治思维主要表现为价值取向和规则意识,价值
取向是指如何看待和对待法律,规则意识是指如何用
法律看待和对待自身
法治思维主要包括
1 法律至上(法律至上具体表现为法律的普遍适
用性、优先适用性和不可违抗性。)
2 权力制约(包括权力由法定、有权必有责、用
权受监督、违法受追究四项要求。)
3 公平正义(包括权利公平、机会公平、规则公
平和救济公平)
4 权利保障(包括公⺠权利的宪法保障、立法保",pdfplumber_visible_bbox
study-s1-ideology-8a05a12b1b8a7e09-p0013-c01,study-s1-ideology-8a05a12b1b8a7e09,PDF 第 13 页 · 片段 1,13,0,117,knowledge/study/sources/year1/pdf/study-s1-ideology-8a05a12b1b8a7e09.pdf#page=13,"障、行政保障和司法保障。宪法保障是权利保障的前
提和基础。立法保障是权利保障的重要条件。行政保
障是权利保障的关键环节。司法保障是公⺠权利保障
的最后防线。)
5 程序正当(表现在程序的合法性、中立性、参与性、公开性、时限性等
方面)",pdfplumber_visible_bbox
study-s1-ideology-e834581c52ce1f41-p0001-c01,study-s1-ideology-e834581c52ce1f41,PDF 第 1 页 · 片段 1,1,0,547,knowledge/study/sources/year1/pdf/study-s1-ideology-e834581c52ce1f41.pdf#page=1,"1. 大学生怎样尽快适应大学新生活?1.认识大学生活
特点,了解大学生活的变化:
学习要求的变化生活环境的变化社会生活的变化
2.提高独立生活能力
确立独立生活意识虚心求教、细心体察大胆实践、
不断积累生活经验
3.树立新的学习理念
树立自主学习的理念树立全面学习的理念树立创新
学习的理念树立终身学习的理念
4.培养优良学⻛
勤奋严谨求是创新
2. 结合实际谈谈学习“思修”课的意义和方法意义:1.
学习“思想道德修养与法律基础”课,有助于当代大学
生认识立志、树德和做人的道理,选择正确地成才之
路。
2.学习“思想道德修养与法律基础”课,有助于当代大
学生掌握丰富的思想道德和法律知识,为提高思想道
德和法律素养打下知识基础
3. 学习“思想道德修养与法律基础”课,有助于当代大
学生摆正“德”与“才”的位置,做到德才兼备、全面发
展
方法:1.注重学习科学理论
2.注重学习和掌握思想道德和法律修养的基本知识
3.注重联系实际
4.注重知行统一
3. 谈谈你对社会主义核心价值体系的科学内涵极重要
意义的理解?科学内涵:巩固⻢克思主义指导地位,
坚持不懈得用⻢克思主义中国化最新成果武装全党、
教育人⺠
用中国特色社会主义共同理想凝聚力量
用以爱国主义为核心的⺠族精神和以改革创更新为核",pdfplumber_visible_bbox
study-s1-ideology-e834581c52ce1f41-p0002-c01,study-s1-ideology-e834581c52ce1f41,PDF 第 2 页 · 片段 1,2,0,625,knowledge/study/sources/year1/pdf/study-s1-ideology-e834581c52ce1f41.pdf#page=2,"心的时代精神鼓舞斗志
用社会主义荣辱观引领⻛尚,巩固全党全国各⺠族人
名团结奋斗的共同思想基础
意义:它为当代大学生加强自身修养。锤炼优良品
德、成⻓为德智体美全面发展的社会主义事业的合格
建设者和可靠接班人指明了努力方向,提供了发展动
力,明确了基本途径。当代大学生只有自觉学习和践
行社会主义核心价值体系,才能健康的成⻓为有理
想、有道德、有文化、有纪律的社会主义“四有”新
人。
4. 什么是理想?什么是信念?理想:是人们在实践中
形成的、有可能实现的、对未来社会和自身发展的向
往与追求,是人们的世界观、人生观和价值观在奋斗
目标上的集中体现
信念:是认知、情感和意志的有机统一体,是人们在
一定的人事基础上确立的对某种思想或事物坚信不疑
并身体力行的心理态度和精神状态。
5. 理想信念对大学生成⻓成才的作用是什么?指引人
生的奋斗目标
提供人生的前进动力
提高人生的前进动力
提高人生的精神境界
引领大学生做什么人
指引大学生走什么路
激励大学生为什么学
6.如何认识个人理想与中国特色社会主义共同理想的
关系?个人理想与社会理想之间是辩证统一的关系。
一方面,社会理想决定和制约这个人理想;另一方
面,个人理想不同程度地体现着社会理想。社会理想
有赖于个人理想地整合,个人理想又不能脱离社会理
想和人类理想。在我国,社会主义理想依靠每一个公
⺠把自己的理想同社会主义共同理想紧密的结合起来
才能真正的实现。个人理想如果同建设有中国特色社",pdfplumber_visible_bbox
study-s1-ideology-e834581c52ce1f41-p0003-c01,study-s1-ideology-e834581c52ce1f41,PDF 第 3 页 · 片段 1,3,0,657,knowledge/study/sources/year1/pdf/study-s1-ideology-e834581c52ce1f41.pdf#page=3,"会主义理想违背,就失去了客观地依据,因此就会受
到社会舆论的谴责。
7.联系实际,谈谈大学生如何人实现自己的崇高理
想?1. 立志高远与始于足下
(1) 立志当高远
(2) 立志做大事
(3) 立志须躬行
2. 认清实现理想的⻓期性、艰巨性和曲折性
(1) 理想的实现是一个过程
(2) 正确对待实现理想过程中的顺境与逆境
8.什么是爱国主义?如何理解爱国主义的科学内涵及
优良传统?指千百年来形成的对祖国和⺠族的忠诚、
热爱和报效的情感、思想、行为的完整统一体系
科学内涵:爱国主义体现了人⺠群众对自己祖国的深
厚感情,反映了个人对祖国的依存关系,是人们对自
己故土家园、⺠族和文化的归属感、认同感、尊严感
与荣誉感的统一。是调节个人与祖国之间关系的道德
要求、政治原则和法律规范,也是⺠族精神的核心。
优良传统:热爱祖国,矢志不渝天下兴亡,匹夫有
责维护统一,反对分裂同仇敌忾,抗御外侮
9.新时期的爱国主义有哪些主要内容?弘扬⺠族精神
与时代精神;献身于建设和保卫社会主义现代化事
业;献身于促进祖国统一事业。10.什么是⺠族精
神?中华⺠族精神内涵是什么?⺠族精神指一个⺠族
在⻓期共同生活和社会实践中形成的,为本⺠族大多
数成员所认同的价值取向、思维方式、道德规范、精
神气质的总和。
内涵:爱国主义是中华⺠族精神的核心。 团结统一
爱好和平勤劳勇敢自强不息
11.什么是时代精神?时代精神的内涵是什么?时代精
神是在新的历史条件系形成和发展的,是体现⺠族特
质、顺应时代潮流的思想观念、行为方式、价值取",pdfplumber_visible_bbox
study-s1-ideology-e834581c52ce1f41-p0004-c01,study-s1-ideology-e834581c52ce1f41,PDF 第 4 页 · 片段 1,4,0,585,knowledge/study/sources/year1/pdf/study-s1-ideology-e834581c52ce1f41.pdf#page=4,"向、精神⻛貌和社会⻛尚的总和。
内涵:改革创新是时代精神的核心改革创新是进一
步解放和发展生产力的必然要求改革创新是建设社
会主义创新型国家的迫切需要改革创新是落实科学
发展观、构建社会主义和谐社会的重要条件
12.做一个忠诚的爱国者需要在哪些方面作出努力?1.
自觉维护国家利益
(1)自觉维护国家利益,就要承担对国家应尽的义
务
(2)自觉维护国家的利益,就要维护改革开发展稳
定地大局
(3)自觉维护国家利益,就要树立⺠族自尊心和自
豪感
2.促进⺠族团结和祖国统一
3.增强国防观念
(1)增强国防观念是新时期爱国主义的重要内容
(2)增强国防观念的重大意义
A.增强国防观念,是大学生报效祖国、弘扬爱国主
义精神的重要体现
b.增强国防观念,是大学生履行国防义务、关心支持
国防和军队建设的必然要求
c.增强国防观念,是大学生提高综合素质、促进自
身全面发展的迫切需要
4.以振兴中华为己任
13.什么是人生观?什么是人生价值?人生观是世界
观的重要组成部分,是人们在实践中形成的对于人生
目的和意义的根本看法,他决定着人们实践活动的目
标、人生道路的方向和对待生活的态度。
人生价值是一种特殊的价值,是人的生活实践对于社
会和得人所具有的作用和意义。
14.人的本质是什么?如何理解?人的本质不是单个
人所固有的抽象物,在其现实上,它是一切社会关系
的总和。",pdfplumber_visible_bbox
study-s1-ideology-e834581c52ce1f41-p0005-c01,study-s1-ideology-e834581c52ce1f41,PDF 第 5 页 · 片段 1,5,0,595,knowledge/study/sources/year1/pdf/study-s1-ideology-e834581c52ce1f41.pdf#page=5,"任何人都是处在一定的社会关系中从事社会实践活动
的人。社会属性是人的本质属性,人的自然属性也深
深打上了社会属性的烙印。每一个人从他来到人世那
天起,就从属与一定的社会群体,同周围的人发生着
各种各样的社会关系,如家庭关系、地缘关系、业缘
关系、经济关系、政治关系、法律关系、道德关系
等。这些社会关系总和决定了人的本质。人们正是在
这客观的、现实的、不断变化的社会关系中塑造自
我,成为真正意义上的人,成为具有个性特征的自
我。
15.人生态度与人生观是什么关系?如何端正人生态
度?关系:人生态度是人生观的重要内容人生态度
是人生观的表现和反映
端正:人生须认真人生当务实人生应乐观人生要进
取
16对人生价值评价要坚持哪几个方面的统一?坚持能
力犹大小于贡献须尽力相统一
坚持物质贡献与京生贡献相统一
坚持完善自我与贡献社会相统一
坚持动机与效果相统一
17.人生价值实现的条件是什么?1.社会条件:(1)
实现人生价值要从社会客观条件出发
(2)人生价值目标要与符合人类社会发展规律的社
会主义核心价值体系相一致
2.个人条件:(1)实现人生价值要从个体自身条件
出发
(2)不断提高自身的能力,增强实现人生价值的本
领
(3)立足于现实,坚守岗位做贡献
(4)实现人生价值要有自强不息的精神
18,什么是健康?怎么样协调自我身心关系?健康,
不仅要有健康的生理,还要有良好的心理。",pdfplumber_visible_bbox
study-s1-ideology-e834581c52ce1f41-p0006-c01,study-s1-ideology-e834581c52ce1f41,PDF 第 6 页 · 片段 1,6,0,650,knowledge/study/sources/year1/pdf/study-s1-ideology-e834581c52ce1f41.pdf#page=6,"调节:树立正确的世界观、人生观、价值观掌握应
对心理问题的科学方法合理调控情绪积极参加集体
活动,增进人际交往
19.促进个人与他人的和谐应坚持的原则是什么?平
等原则诚信原则宽容原则互助原则
20.如何促进个人与社会的和谐?正确认识个体性与
社会性的统一关系
正确认识个人需要与社会需要的统一关系
正确认识个人利益与社会利益的统一关系
正确认识享受个人权利、自由与承担社会责任、义务
的统一关系
21.道德的本质、功能和作用是什么?一般本质,道
德是在一定的社会关系特别是经济关系上产生并受其
制约的一种社会意识形态。
特殊本质,道德区别于其他意识形式的特殊方面,即
道德是一种特殊的非强制性的调解规范体系
更深层次上的本质,道德是人类的实践精神,是人类
把握世界的特殊方式,是人类完善发展自身的活动。
道德的功能是指道德作为社会意识的特殊形式对于社
会发展所具有的功效与能力。道德的功能集中表现
为,它是处理个人与他人、个人与社会之间关系的行
为规范及现实自我完善的一种重要精神力量。在道德
的功能系统中,主要的功能是认识功能和调节功能。
道德还具有其他方面的功能,如导航功能、激励功
能、辩护功能、共同功能等,这些功能都是道德的认
识功能和调节功能在某些方面的具体体现,都建立在
这两种功能的基础之上。
道德能够影响经济基础的形成、巩固和发展;道德对
其他社会意识形态的存在和发展有着重大的影响;道
德是影响社会生产力发展的一种重要的精神力量;道
德通过调整人们之间的关系维护社会秩序和稳定;道",pdfplumber_visible_bbox
study-s1-ideology-e834581c52ce1f41-p0007-c01,study-s1-ideology-e834581c52ce1f41,PDF 第 7 页 · 片段 1,7,0,685,knowledge/study/sources/year1/pdf/study-s1-ideology-e834581c52ce1f41.pdf#page=7,"德是提高人的精神境界、促进人的自我完善、推动人
的全面发展的内在动力;在阶级社会中,道德是阶级
斗争的重要工具。
22.中华⺠族优良道德传统的主要内容是什么?注重
整体利益、国家利益和⺠族利益,强调对社会、⺠
族、国家的责任意识和奉献精神。
推崇“仁爱”原则,追求人际和谐
讲求谦敬礼让,强调克骄防矜
倡导言行一致,强调恪守诚信
追求精神境界,把道德理想的实现看做是一种高层次
的需要
重视道德践履,强调修养的重要性,倡导道德主体要
在完善自身中发挥自己的能动作用
23.如何理解为人⺠服务是社会主义道德建设的核
心,集体主义是社会主义道德建设的原则?1.为人⺠
服务是社会主义经济基础和人际关系的客观要求
为人⺠服务是社会主义市场经济健康发展的要求
2.社会主义集体主义强调集体利益和个人利益的辩证
统一
社会集体主义强调集体利益高于个人利益
社会主义集体主义强调重视和保障个人的正当利益
24.社会主义荣辱观的科学内涵是什么?荣辱观是人
们对荣辱问题的根本看法和态度,是一定社会思想道
德原则和规范的体现表达。荣辱观具有时代性和阶级
性,不同时代、不同阶级、不同利益集团都有自己的
荣辱观。荣辱观对个人的思想行为具有鲜明的动力、
导向和调节作用。正确的荣辱观,可以引导人们明辨
是非、善恶、美丑,形成正确的自我评价,树立正确
的行为导向,产生正确的价值激励,推进自身全面发
展和社会全面进步。25.谈谈当代大学生怎样树立诚
信品质。其一,学思并重的方法,即通过虚心学习,
善于思索,辨别善恶,以涵养良好的德行;其二,省
察克治的方法,即通过反省检验以发现和找出自己思",pdfplumber_visible_bbox
study-s1-ideology-e834581c52ce1f41-p0008-c01,study-s1-ideology-e834581c52ce1f41,PDF 第 8 页 · 片段 1,8,0,728,knowledge/study/sources/year1/pdf/study-s1-ideology-e834581c52ce1f41.pdf#page=8,"想与行为中的不良倾向、不良念头,并加以及时抑制
和克服;其三,慎独自律的方法,即在无人知晓、没
有外在监督二恣意妄为;其四,积善成德的方法,即
通过积累善行或美德,是指巩固强化,以逐渐凝结成
实践优良的品德;其五,知行统一的方法,即把提高
道德认识与躬行道德实践同一起来,以促进道德要求
内化为个人的道德品质,外化为实际的道德行为。
26.公共生活有序化对经济社会发展有何重要意义?
有序的公共生活是经济社会健康发展的必要前提
在社会公共生活领域日益扩大的今天,生产生活与日
常生活也出现了越来越多的交叉重合现象。例如,商
场对生产者、经营者来说,是销售商品、实现利润的
场所;对于消费者来说,则是购买商品、满足生活需
要的地方。电子商务改变了传统的“面对面”的交易方
式,使网络不仅成为人们通讯、娱乐、休闲的工具,
而且也成为现代生产经营活动的重要场所。生产场所
与生活领域交叉重合的情况,是公共秩序的状况对社
会生产活动产生了直接的影响。有序的公共生活不仅
有利于日常生活的和谐,也会促进经济社会的顺利发
展。
27.社会功德的基本特征和主要内容是什么?基本特
征:继承性;基础性;广泛性;简明性。
主要内容:文明礼貌;乐于助人;爱护公物;保护环
境;遵纪守法。
28.遵守网络生活中道德要求的重要意义是什么?网
络是一把双刃剑,它既可以极大地促进社会的发展,
又可能因使用不当或缺乏规范而损害社会公德、妨碍
社会的发展。当前网络活动中存在不少问题,已对公
共秩序和公共安全产生了极大危害,影响到一些大学
生的生活,个别大学生甚至误入歧途。由此可⻅,网
络的健康发展离不开伦理道德作为其发展的支撑力
量。
遵守网络生活中道德要求,有利于养成科学、文明、",pdfplumber_visible_bbox
study-s1-ideology-e834581c52ce1f41-p0009-c01,study-s1-ideology-e834581c52ce1f41,PDF 第 9 页 · 片段 1,9,0,603,knowledge/study/sources/year1/pdf/study-s1-ideology-e834581c52ce1f41.pdf#page=9,"健康的上网习惯;有利于个人身心健康和个人品德的
培养;有利于营造良好的网络环境。
29.举例说明法律规范在公共生活中的作用。指引作
用;预测作用;评价作用;强制作用;教育作用。
30.简述《治安管理处罚法》的基本精神和主要内
容。精神:一方面规范、引导社会成员的行为,使人
人懂法、守法,既实现自身的合法权益和自由,有不
对他人的合法权益和自由造成侵害;另一方面规干、
指导公安机关和人⺠警察的执法行为,在有效惩治违
法行为的同时充分保障人权。
主要内容:违反治安管理行为及处罚种类处罚程序
执法监督
31.什么是职业道德?职业道德的基本要求是是什
么?职业道德,是指从事一定职业的人在职业生活中
应当遵循的具有职业特征的道德要求和行为准则。
基本要求:爱岗敬业;诚实守信;办事公道;服务群
众;奉献社会。
32《劳动法》及《公务员法》的基本原则是什么?
《劳动法》:一是维护劳动者合法权益与兼顾用人单
位利益相结合的原则;
二是按劳分配与公平救助相结合的原则;
三是劳动者平等竞争与特殊劳动保护相结合的原则;
四是劳动行为为自主与劳动标准制约相结合的原则。
《公务员法》:一是公开、平等、竞争、择优和法治
原则;
二是监督约束与激励保障并重原则;
三是任人唯贤。德才兼备原则;
四是分类管理和效能原则。
33.联系实际,谈谈大学生如何树立正确的择业观与
创业观择业:树立崇高职业理想,重视人生价值实
现;",pdfplumber_visible_bbox
study-s1-ideology-e834581c52ce1f41-p0010-c01,study-s1-ideology-e834581c52ce1f41,PDF 第 10 页 · 片段 1,10,0,621,knowledge/study/sources/year1/pdf/study-s1-ideology-e834581c52ce1f41.pdf#page=10,"服从社会需要,追求⻓远利益;
打下坚实基础,做好充分准备。
创业:一是要有积极创业的思想准备;
二是要有敢于创业的勇气;
三是要提高创业的能力。
34.家庭美德的基本规范是什么?尊老爱幼;男女平
等;夫妻和睦;勤俭持家;邻里团结。35.简述我国
婚姻家庭法的基本原则及关于结婚的相关规定。基本
原则:婚姻自由;一夫一妻;男女平等;保护妇女、
老人和儿童的合法权益;实行计划生育;夫妻互相忠
实、互相尊重,家庭成员间敬老爱幼、互相帮助。
规定:一是必须南农村双方完全自愿;
二是必须达到法定婚龄;
三是必须符合一夫一妻制。
36.简述复率的一般含义及社会主义法律的本质。法
律是由国家制定或认可并以国家强制力保证实施的,
反映有特定社会物质生活条件所决定的通知阶级抑制
的规范体系。
本质:从法律所体现的抑制来看,我国社会主义法律
是工人阶级领导下的广大人⺠意志的体现;
从法律的实质内容来看,我国社会主义法律是社会历
史发展规律的自然规律的反映,具有鲜明的科学性和
先进性;
从法律的社会作用来看,我国社会主义法律是中国特
色社会主义事业顺利发展,社会主义和谐社会建设的
法律保障。
37什么是法律制定、法律遵守、法律执行及法律适
用。法律制定就是有利权法的国家机关依照法定职权
和程序制定规范性法律文件的活动,是法律运行的起
始性和关键性环节;
法律遵守是指国家机关、社会组织和公⺠个人依照法
律规定行使权力和权利以及履行职责和义务的活动;",pdfplumber_visible_bbox
study-s1-ideology-e834581c52ce1f41-p0011-c01,study-s1-ideology-e834581c52ce1f41,PDF 第 11 页 · 片段 1,11,0,592,knowledge/study/sources/year1/pdf/study-s1-ideology-e834581c52ce1f41.pdf#page=11,"在广义上,法律执行是指国家机关及其公职人员,在
国家和公共事务管理中依照法定职权和程序,贯彻和
实施法律的活动。狭义上,法律执行则是指国家行政
机关执行法律的活动,也被成为行政执法。
法律适用是指国家司法机关及其公职人员依照法定职
权和程序适用法律处理案件的专⻔活动。
38.建设社会主义法治国家的主要任务是什么?1.完善
中国特色社会主义法律体系;
2.提高党依法执政的水平;
3.加快建设法治政府;
4.深化司法体制改革;
5.完善权力制约和监督机制;
6.培植新型的社会主义法律文化。
39.联系实际,谈谈如何理解复率权利和义务的关
系。结构上的相关关系;总量上的等值关系;功能上
的互补关系。
40.什么是法律思维方式?它的特征是什么?法律思
维方式,是指按照法律的规定、原理和精神,思考、
分析、解决法律问题的习惯与取向。
特征:将法律;讲证据;讲程序;讲法理。
41.大学生应该如何增强法制观念,维护法律的权
威?增强法制观念:学习法律知识;掌握法律方法;
参与法律实践。
维护法律权威:努力树立法律信仰;积极宣传法律知
识;敢于同违法犯罪行为作斗争。
42我国宪法的特征和基本原则是什么?特征:内容
上,宪法规定国家生活中最基本最重要的方面;在效
力上,宪法的法律效力最高;在制定和修改程序上,
宪法比其他法律更为严格。
43.我国的国家制度包括哪些制度?人⺠⺠主专政制",pdfplumber_visible_bbox
study-s1-ideology-e834581c52ce1f41-p0012-c01,study-s1-ideology-e834581c52ce1f41,PDF 第 12 页 · 片段 1,12,0,725,knowledge/study/sources/year1/pdf/study-s1-ideology-e834581c52ce1f41.pdf#page=12,"度;人⺠代表大会制度;中国共产党领导的多党合作
和政治协商制度;⺠族区域自治制度;基层群众自治
制度;基本经济制度。44.我国公⺠的基本权利和义
务有哪些?权利:平等权;政治权利和自由;宗教信
仰自由;人身自由权;批评、建议、申诉、控告、检
举权和取得国家赔偿权;社会经济权;文化教育权;
特定主体权利。
义务:维护国家统一和全国各⺠族团结;遵守宪法和
法律;维护祖国的安全、荣誉和利益;保卫祖国、依
法服兵役和参加⺠兵组织;依法纳税;其他义务。
45.什么是⺠法?我国⺠法的基本原则是什么?⺠法
是调整平等主体的公⺠之间、法人之间以及公⺠和法
人之间的财产关系和人身关系的法律规范的总和。
基本原则:一是平等原则;二是自愿原则;三是公平
原则;四是诚实信用原则。
46.简述我国⺠事权利制度的主要内容。⺠事权利是
指自然人、法人或其他组织在⺠事法律关系中享有的
具体权益。⺠事权利所包含的权益,可以分为财产权
益和非财产权益。因此,⺠事权利可以分为财产和非
财产权两大类。我国⺠法所规定的⺠事权利,主要有
物权、债权、知识产权、继承权、人身权等。
47.简述我国合同法律制度的主要内容。《合同法》
规定,当事人订立合同,有书面形式、口头形式和其
他形式。法律、行政法规规定采用书面形式或当事人
约定采用书面形式的,应当采用书面形式。合同法按
合同所反映交易关系的性质,将合同分为买卖合同、
赠送合同、借款合同、租赁合同、承揽合同、技术合
同、委托合同等15种48.什么是刑法?我国刑法的基
本原则是什么?刑法就是规定犯罪和刑罚的法律。
原则:一是罪刑法定原则;二是罪刑相当原则;三是
适用刑法一律平
49什么是犯罪?犯罪构成包括哪些要件?犯罪是指严",pdfplumber_visible_bbox
study-s1-ideology-e834581c52ce1f41-p0013-c01,study-s1-ideology-e834581c52ce1f41,PDF 第 13 页 · 片段 1,13,0,417,knowledge/study/sources/year1/pdf/study-s1-ideology-e834581c52ce1f41.pdf#page=13,"重危害社会,触犯刑法并应受到刑罚处罚的行为。
包括:犯罪主体;犯罪主观方面;犯罪客体;犯罪客
观方面。
50.什么是正当防卫?什么是紧急避险?其成立条件
分别是什么?为了使国家、公共利益、本人或者其他
人的人身、财产和其他权利免受正在进行的不法侵
害,而采取的制止不法侵害的行为,对不法侵害人造
成不超过明显限度的损害的,属于正当防卫。
条件:目的:保护合法权益,包括使国家、公共利
益、本人或者其他人的人身、财产和其他权利
起因:存在不法侵害
时间:正在进行的
对象:只限于不法侵害者本人
限度:不能明显的超过必要限度,造成重大损害。
为了使国家、公共利益、本人或者其他人的人身、财
产和其他权利免受正在发生的危险,不得已采取的行
为为紧急避险行为。
条件:目的:为了保护国家、公共利益、本人或他人
的合法利益
起因:合法权益受到“危险”的威胁
时间:正在发生
对象:第三者
限度:只能小于所避免的损害,不能等于或大于所避
免的损害",pdfplumber_visible_bbox
study-s1-linear-algebra-f79a31b39bd88215-p0001-c01,study-s1-linear-algebra-f79a31b39bd88215,PDF 第 1 页 · 片段 1,1,0,914,knowledge/study/sources/year1/pdf/study-s1-linear-algebra-f79a31b39bd88215.pdf#page=1,"1 · 方阵 B 满足 , 4B : B , 则必有 , 42 -B2 : (A+B)(A-B)O (
》 2 · 若方阵 , 4 有 : 0 巛 > 0 为整数 ) , 则必有 04 丨 : 0 。
3 · , 4 为同型矩阵 , 且秩 ( A ) 一秩 ( B ) , 则 AX : 0 与 x : 0 是同解方
程组 。 (
1. 阶实对称矩阵的特征根必为实数 ·
2 · 若矩阵 , 4 泌具有相同的秩 , 则 , 4X : 0 与 B 0 是冂解方程组 · (
3 · 非齐次线性方程组 AX : 0 ) 的全部解构线性空间 "" 的一个
子空间 ·
1. 若矩阵 , 4 与相似 , 则 . 4 等价于
2 · 设 , 4 是矩阵 , m<n , 且秩 4 ) : m , 则齐次方程组 , 4 0 只有零解 ·
3 . 在欧氏空间中只有零向量的模长为 0 ,
1 . 若两个 “ 维非零列向量与正交 , 则它们线性无关 。
2 . “ 阶矩阵 」 满足 , 42 一 3 」 一 2 = 0 , 其中万为 “ 阶单位矩阵 , 则 」 不可逆 。
3 . 若丆为线性空间厂中的正交变换 , , , ( m>l) 为中一个
正交向量组 , 则丆 , 丆 · , 丆一定是一个正交向量组 。
于矩阵的线性运算构成的线性空间的维数为以 ” + 1 ) / 2 。
2 . 若 “ 阶矩阵 」 可逆 , 则其伴随矩阵上也可逆 。
3 . 设中向量组 ,
线性无关 , ,
线性组合 々 1 + 々 202 + + 々 0
, 々 为不全为零的实数 , 则
1. 若阶矩阵 , 4 可逆 , 则其伴随矩阵 , 4 ' 满足@' 尸 = , 4 「 ' , 4 。
2 · 若非齐次线忄生方程组 x : 0 ) 有解 , 则它的解集合构成一个线性空间 。 (
3 · 若丆是欧氏空间厂中的一个正交变换 , 厂中向量线性相关 , 则必有
T , T , 线性相关 。
1. 对于任意阶矩阵 , B , 有 《 4 + 毕闫 + 固 。
2 . n 阶实对称矩阵的特征根必为实数 。
3 , 同一线性变换在不同基底下的矩阵是合同的 。",windows_ocr
study-s1-linear-algebra-f79a31b39bd88215-p0002-c01,study-s1-linear-algebra-f79a31b39bd88215,PDF 第 2 页 · 片段 1,2,0,743,knowledge/study/sources/year1/pdf/study-s1-linear-algebra-f79a31b39bd88215.pdf#page=2,"1. 设矩阵 」 与 B 相似 , 则必有 , 4 , 召同时可逆或不可逆 。
2 . 向量组仪 1 , 一 cqn 中 , 如果嘶与 cqn 对应的分量成比例 , 则向量组 1 , 屿 ,
3 . “ 阶矩阵 」 是正交矩阵 , 它的行向量组可作 R"" 空间的一组标准正交基 。
am 中线性相关 。 (
1. 所有 “ 阶实对角阵按照矩阵的线性运算规则构成 R "" “ ( 所有 “ 阶方阵构成的线性空间 ) 的
一个子空间 。
2 . 设 = 0 是 “ 阶方阵 」 的特征值 , 则方程组互 = 0 有非零解 。
3 . 设 」 为 、 × “ 阶矩阵 , , 则 。 “ 。
1. 」 是 mx “ 矩阵 , 0 ) = m , 则非齐次线性方程组血 : 乃 ( b 0 ) 有解 。
2 . 若@, 铷
, 明为 ” 维欧式空间厂的一个基底 , T 为厂中一个正交变换 , 则对于任意的 : 1 , 2 ,
Te. , Te
3 . 在五阶行列式中 , 项两 5 丐 4 的符号为一 1 。
1. 对应于 “ ( “ > 3 ) 阶实矩阵的相异特征值的实特征向量必是正交的 。
2 . 欧式空间厂中的向量 。 满足回 :@, 则 。 与 。 一正交 。
, “ 有
3 . ' 设 1 2 , “
是俨中一个正交向量组 , 则它们作为列向量组构成的矩阵的秩必为 m 。
1. 若矩阵等式 , ' = BX 成立 , 则 」 = B 。
2 . 在线性空间尹岡中 , 定义变换丆 : 丆 (x ) 丆 ( ) , 其中是中的多项式 , 是一固定实数 ,
则丆是线性变换 。
3 · 视维 ( “ 之 3 ) 欧几里得空间中 , 存在两个不同的单位向量 , 它们的内积是 1 。",windows_ocr
study-s1-linear-algebra-f79a31b39bd88215-p0003-c01,study-s1-linear-algebra-f79a31b39bd88215,PDF 第 3 页 · 片段 1,3,0,783,knowledge/study/sources/year1/pdf/study-s1-linear-algebra-f79a31b39bd88215.pdf#page=3,"7 · 下列说法不正确的是 (
(A) 相似矩阵有完全相同的特征多项式 。
(B) 若是欧式空间中的一个正交变换 , 则在的任意一个基底
下的矩阵为正交矩阵 。
(C) 若厂是一个觐维线性空间 , 则厂中向量组丐 ,
所有线性组合构成厂的一个子空间 。
(D) 二次型 x04 , 与二次型 BY 等价 , 二次型严 BY 与二次型
尸 cz 等价 , 则矩阵 A 与 c 等价 。
8 · , 4 与 B 均为 “ 阶方阵 , 则下列结论中成立的是 (
(A) @刿 : 0 , 则 , 4 = 0 或 B = 0 。
(B) IAB 》 = 0 , 则 | : 0 或 = 0 。
( 0 」 君 = 0 , 则 」 = 0 或 B = 0 。
(D) 」 召 0 , 则 0 或郦 0 。
5 . ” 阶方阵具有 ” 个不同的特征值是 」 与对角阵相似的
尹 =
(A) 充分必要条件
(C) 必要而非充分条件
(B) 充分而非必要条件
(D) 既非充分也非必要条件
0
8 · 设矩阵 」 : 0
3
(A)
0
2
0
(B)
1
0
0
6
1
0
0
(C)
0 0
0 1 , B = , 4 户 , 则
1 0
一 6
(D) 1
8 · 设齐次线性方程组 , 4X : 0 的通解为 x :
(A) ( 一 2 1 1 )
(B)
( 1 ) 矩阵 」 与 B 是合同关系
( 3 ) 矩阵 」 与 B 的秩相同
(A) 1 个
(B) 2 个
1
0 +
2
一 1 0
0
1
2
, 则系数矩阵为 (
(c)
1
7 . 矩阵小 B 满足 : 尹 0 艹 = B , 其中矩阵 p 是可逆矩阵 。 则下列命题正确的有 :
( 2 ) 矩阵 , 4 与召是等价关系
( 4 ) 矩阵 」 与 B 可能是相似关系
(C) 3 个
(D) 4 个",windows_ocr
study-s1-linear-algebra-f79a31b39bd88215-p0004-c01,study-s1-linear-algebra-f79a31b39bd88215,PDF 第 4 页 · 片段 1,4,0,243,knowledge/study/sources/year1/pdf/study-s1-linear-algebra-f79a31b39bd88215.pdf#page=4,"8 . 设山是 “ ( “ > 2 ) 阶方阵 ,
2
AB = 0 且 B 0 ,
(B) 丨召 0
则必有
(C) | B* 0
& 线性空间中前 3 个分量和为 0 的全体向量构成的子空间的维数是 :
(A) 2
(B) 3
(C) 4
(D) 5
6 . 对于方阵 」 与 .4T, 下面说法错误的是 :
(A) 它们有相同的特征根
( 司它们有相同的特征向量
(C) 它们有相同的特征多项式
(D) 它们的行列式值相同
5 . 在线性空间中定义如下变换 , 其中为线性变换的为",windows_ocr
study-s1-linear-algebra-f79a31b39bd88215-p0006-c01,study-s1-linear-algebra-f79a31b39bd88215,PDF 第 6 页 · 片段 1,6,0,548,knowledge/study/sources/year1/pdf/study-s1-linear-algebra-f79a31b39bd88215.pdf#page=6,"1
旯 + 2
四 、
( 1) 当旯取何值时 , 方程组无解 , 有解 ?
取为自由未知量 , 则当 = 0 时 , No
线性方程组 2 3
2
3
1
3
0
, 问 : ( 本题 13 分 )
( 2 ) 当方程组有无穷多组解时 , 求方程组的通解 。
解 : 方程组的增广矩阵为 :
1
B 2 3 見 + 2
1 一 2
十 0 一 2 )
2
一 2
1
1
3
0
1
0 一 20
分 0
0
1
1
1
( 5 分 )
0 0 一 3 ) + 1) 一 3
则当 : 一 1 时 , R(A)=2 ,
R(B)=3 , 方程组无解 。
当一 1 时 , R(A)=R(B) , 方程组有解 。
( 2 分 )
( 1 分 )
当 : 3 时 , R(A)=R(B) = 2 , 方程组有无穷多解 。 此时 ,
1
0
2
1
0 0
1
0
0 0 0
3
0
( 1 分 )
= 3 , No 亠 1 ,
( 1 分 )
即方程组有一个特解矿 = ( 3 , 一 1 , 0 ) T
取 = 1 , 方程组导出组的基础解系为 , 一 ( 一 7 , 3 , I)T
3
则方程组的通解为 : n=k 3 + 一 1 ,
( k R )
1
0
( 2 分 )
( 1 分 )",windows_ocr
study-s1-linear-algebra-f79a31b39bd88215-p0007-c01,study-s1-linear-algebra-f79a31b39bd88215,PDF 第 7 页 · 片段 1,7,0,106,knowledge/study/sources/year1/pdf/study-s1-linear-algebra-f79a31b39bd88215.pdf#page=7,"解 : 根据行列式的性质 , 原行列式等于 :
原式 :
I
10
1
5
2
0
I
5
一 I
0
0
0
2
0
1
10
5
: 一 ( 一 3 × 2 + 3 ) × 5
2
0
= 巧
2 分
2 分",windows_ocr
study-s1-linear-algebra-f79a31b39bd88215-p0008-c01,study-s1-linear-algebra-f79a31b39bd88215,PDF 第 8 页 · 片段 1,8,0,230,knowledge/study/sources/year1/pdf/study-s1-linear-algebra-f79a31b39bd88215.pdf#page=8,"0
1
1
1
1
一 1
一 1
1 . 计算行列式
2
0
2
2
2
3
3
0
3
3
其中 “ > 2 。
1 . 法一
币一 2 , 3 , . “ ) 各行减去第一行 , 然后所有行再加到首行
月一 1 0 0
0
0
( 2 分 )
0
0
0
I
一仂一 l) 0
( 2 分 )
一 ( 刀一 1) 0
( 2 分 )
法二 、 各列提出公因子
0
I
( 2 分 )
( 2 分 )
( 2 分 )
0
0
一 I
, 7 一 I
0
0",windows_ocr
study-s1-linear-algebra-f79a31b39bd88215-p0009-c01,study-s1-linear-algebra-f79a31b39bd88215,PDF 第 9 页 · 片段 1,9,0,339,knowledge/study/sources/year1/pdf/study-s1-linear-algebra-f79a31b39bd88215.pdf#page=9,"艺法一 、 第 i 行产 1 加到第一
2 · 计算 “ 阶行列式
法二
一 1
0
0
0
0
0
仃
0
0
0
0
一 1
0
一 1
0
0
0
0 “
a1+X
0
攴
0
0
0
x
一 1
0
0
0
0
0
0
x
0
一 1
0
0
一 1
0
0
( 3 分 )
按照第一行展开
x
一 1
0
而刀 2 一
0
x
0
0
0
0
0
0
: xD 一 1 + (—IY+I ‰
0
( 2 分 )
0
0
从而推得 0
= X + 口 IX + 口
= X(X + 口 1 + 口 2 ) + 口 3
其中 “ > 2 。
0 一 + 01 + x)xn-
( 2 分 )
+ 口
( 2 分 )
CI.X
( 3 分 )
( 1 分 )
( 3 分 )",windows_ocr
study-s1-linear-algebra-f79a31b39bd88215-p0010-c01,study-s1-linear-algebra-f79a31b39bd88215,PDF 第 10 页 · 片段 1,10,0,646,knowledge/study/sources/year1/pdf/study-s1-linear-algebra-f79a31b39bd88215.pdf#page=10,"得分
证明 : ] : @1 2 3 ] 一 1
3 = 0
七 、
设 , 3 为线性空间厂的一个基底 ,
= 20 + 30 + 20
3
: + 3 2 + 2
证明属 , , 也是步 ' 的一个基底 , 并求向量 : 2 一 + 3 在基底
属 2 3 下的坐标 。 ( 10 分 )
1 = 01
七 、 设丐 , , 为线性空间厂的一个基底 , : 2 丐 + 3 丐 + 2
= 丐 + 3 丐 + 203
证明 , , 也是厂的一个基底 , 并求向量 。 : 2 一 + 3 在基底 , , 下的
坐标 。 ( 10 分 )
1
0
1
2
3
2
1
3 : 1 2 , 03 ] M
2
第 4 页 , 共 6 页
一 2 分
1
由于国 : 一 1
0
2
3
2
1
2
1
0
2
5
2
4 = 2 0
2
知 , , 在同一个基底下的坐标列向量线性无关 , 从而 , 昼 3 线性无关构成三维
线性空间 v 的一个基底 。
( 注 : 其他方法证出是基底得 5 分 , 如证明属 3 线性无关 )
显然 。 在基底 [ , 丐 , ] 下的坐标为 x : ( 2 , 一 1 , 3 ) 丆 ,
而基底胆 1 , 。 2 , 。 3 ] 到 , , ] 的过渡矩阵为 M, M
0
1
1
3
2
5
2
一 2 分
一 2 分
因此 。 在基底 , 3 下的坐标为 Y : M-1x 一 [ 5 · 5000 , 一 5 . 0000 , 6 · 5000 了",windows_ocr
study-s1-linear-algebra-f79a31b39bd88215-p0011-c01,study-s1-linear-algebra-f79a31b39bd88215,PDF 第 11 页 · 片段 1,11,0,786,knowledge/study/sources/year1/pdf/study-s1-linear-algebra-f79a31b39bd88215.pdf#page=11,"八 、 设在向量组 2 , · , ‰,@ > 2 ) 中 , 0 , 且每个
@: 2 , 3 , · · · , m ) 都不能被 ,
线性表示 , 证明该
1 线
向量组线性无关 。 ( 8 分 )
八 、 设在向量组丐 , 丐
,a„,(m > 2 ) 中 , 丐 0 , 且每个 0 = 2 , 3 ,
, 1 线性表示 , 证明该向量组线性无关 。 ( 8 分 )
1 , 02
证明 : ( 多种方法 , 有 4 种以上方法 )
“ ) 都不能被
( 反证法 ) 假设该向量组线性相关 , 则有一组非全零的数 々 1 , 一 。 使得
一 2 分
设
, 中最后一个不为零的为 0
则必有 r > 1 , 否则 ( 1) 化为 kl : 0 , 从而 : 0 , 这与丐 0 矛盾
1
此时 ( 1 ) 化为 kl 丐 + 2 丐 + 一 + k = 0 , 得到 。 = 一
一 2 分
. 一 ( kl 丐 + 々 2 丐 + 一 + 一 1 )
即 。 可由 , , 一 1 线性表出 , 与已知条件矛盾 , 故假设错误 , 从而该向量组线性
无关 。
常见证明 2 : 设有则有一组数一 , 使得
一 1 分
若 々 0 , 则 ( 1 ) 化为
1
. 一 ( 々 1 丐 + k20 + . 一 + 一 1 ) , 即即可由丐 , 丐
性表出 , 与已知条件矛盾 , 从而必有 : 0 。 此时 ( 1) 化为
m—1 m—l
类似可得 1 = 0
: 0 , . 一 2 : 0 , 此时 ( 1 ) 化为 1 = 0 , 由于 。 0 , 故必有 kl
: : 0 时 ( 1) 成立 , 从而该向量组线性无关 。
因此仅当左 1 : k2 :
证 3 : 数学归纳法 , 证 4 : 证明任何一个向量都不能被其它向量线性表出 。
= 0 。",windows_ocr
study-s1-linear-algebra-f79a31b39bd88215-p0012-c01,study-s1-linear-algebra-f79a31b39bd88215,PDF 第 12 页 · 片段 1,12,0,612,knowledge/study/sources/year1/pdf/study-s1-linear-algebra-f79a31b39bd88215.pdf#page=12,"九 、 设实矩阵 ( 其中 m > 的的秩为 “ 。 矩阵 : cTc 。
证明 : ( 1) 是正定矩阵 ; ( 2 ) @+ > 1 , 其中 E 为 “ 阶
单位阵 。 ( 共 5 分 )
九 、 设实矩阵 ( 其中 m > “ ) 的秩为 “ 。 矩阵 A=CTCo 证明 : ( 1 ) 」 是正定
矩阵 ; ( 2 ) @+ > 1 , 其中丆为 “ 阶单位阵 。 ( 共 5 分 )
证明 : ( 多种方法 , 注意 , 本题阅卷可出现 0 · 5 分 , 5 = 2 · 5 + 2 · 5 。 )
( 1 ) 由灭 ( 0 : “ , 知其次线性方程组 cx : 0 只有零解 ,
第 5 页 , 共 6 页
从而任取 “ 维列向量 Y 0 , 有 0 0 ,
显然 A 对称 , 而 YTAY : YTCTCY : ( c 均气 c 均 > 0 , 故二次型 YTAY 正定
从而 A>O.
( 2 ) 由 A 对称知存在阶正交矩阵 p 使得尹与尹 : 刀为对角形 ,
而 」 = 尹刀尹丆 , 因此 + 叫 : | 尸刀尹 ' + 尹尹
一 0 · 5 分
一 0 · 5 分
一 1 分
一 0 · 5 分
一 0 · 5 分
由 ( 1 ) 知 A>0 , 从而 D 的对角元 , 即 A 的特征根 , 都大于零 , 故对焦矩阵 D+E 的对角
元都大于 1 , 因此@+ : | 刀 + > 1.",windows_ocr
study-s1-linear-algebra-f79a31b39bd88215-p0013-c01,study-s1-linear-algebra-f79a31b39bd88215,PDF 第 13 页 · 片段 1,13,0,333,knowledge/study/sources/year1/pdf/study-s1-linear-algebra-f79a31b39bd88215.pdf#page=13,"七 、
为阶 > 2 ) 可逆矩阵 , 为 “ 维列向量 , b 为实常数 。 记分块
, 其中 , 4 * 为 , 4 的伴随矩
阵 , 方为觐阶单位矩阵 ·
( 本题 9 分 )
(1) 计算并化简尹 0 ,
( 2 ) 证明 0 可逆的充要条件是 , 4 一 b.
E 0 」
解 : (I) PQ :
丆 b
0 闫@一 」 一 1 刃
0 一
( 5 分 )
( 2 ) 矩阵 Q 可逆的充要条件是 | Q 汾 0 ( 1 分 )
因为 A 可逆 , 所以 , 则有
: | 00 , 如果丨 Q 汾 0 , 则有回 : ( 2 分 )
因此 , Q 可逆的充要条件是
又因为 | A 汾 0 , 所以 0 可逆的充要条件是 」 一 ‰ 。 ( 2 分 )",windows_ocr
study-s1-linear-algebra-f79a31b39bd88215-p0014-c01,study-s1-linear-algebra-f79a31b39bd88215,PDF 第 14 页 · 片段 1,14,0,700,knowledge/study/sources/year1/pdf/study-s1-linear-algebra-f79a31b39bd88215.pdf#page=14,"八 、 设向量组士 , . , 和向量组 B : , , · · · , 的秩分别为尹
和佑试证明 : 若向量组 , 4 可由线性表示 , 则尹孓 ·
( 本题 8 分 )
证明 : 设向量组 A 的极大线性无关组为 ( 有 p 个向量 ) 。
向量组 B 的极大线性无关组为 BI( 有 q 个向量 ) 。 ( 2 分 )
由极大线性无关组的性质 , B 可由 BI 线性表示 。
AI 是 A 的部分组 , 又 A 可由 B 线性表示 , 所以
可由 B 线性表示 。 也可以由 BI 线性表示 。
( 4 分 )
又因为是线性无关的向量组 , 所以有
户孓 q
( 2 分 )
九 、 设是 3 维列向量 , 矩阵 」 : “ T + 0 ( 本题 5 分 )
证明 : (1) 」 的秩灭 ( A 2 ;
( 2 ) 若线性相关 , 则 4 ) < 2 ·
证明 : ( 1 ) 因为佑阝是 3 维列向量 , 所以 R(a) 51 , R(ß) ,
同时 R(aT) , R(ßT)
则 R(aaT) min{ R(a) , R(aT) }
R(ß 阝 T) min{ R(ß) , R(ßT)}
又 R(A) R(uuT) + R( 阝 ßT)
所以 R(A) 2
( 1 分 )
( 1 分 )
( 1 分 )
( 2 ) 因为山阝线性相关 , 所以有 a=kß , 或者阝 = k
k 为常数 。
( 1 分 )
因此可得 , A=(1+k2) 阝 ßT , 或者 A=(1+k2)
则 R(A)= R(aaT) , 或者 R(A)= R(ßßT) ( 1 分 )
所以有 R(A)<2",windows_ocr
study-s1-linear-algebra-f79a31b39bd88215-p0015-c01,study-s1-linear-algebra-f79a31b39bd88215,PDF 第 15 页 · 片段 1,15,0,354,knowledge/study/sources/year1/pdf/study-s1-linear-algebra-f79a31b39bd88215.pdf#page=15,"七 、 设 , 4 , 猕 c , 刀均为 ” 阶方阵 , 」 是可逆矩阵 , 且有 , 4 : 倡 , 证明 :
( 本题 10 分 )
七 、 本题共 10 分
因为己知 」 可逆 , 作分块矩阵乘积 :
丆 0 “ 4
一 4 一 1 丆方
丆
而行列式
一方 , 4
所以 :
C
左式 :
刀
0
丆
一丑 4 一 lA + 方
= 1 ( 1 分 ) ,
0 C
丆方刀
一方 , 4 一 lC + 刀
丆
0 , 4 C
丆方刀
, 4
0
0
、 D 一 4 一 °C
一方 , 4 一 10
根据拉普拉斯定理 , 左式 : 闫 .@
证毕 。
。 又因为己知 , 4 方
一 ! 0 =@刀一召互 4 。 0 =@刀一召 0 = 右式
( 3 分 )
, ( 3 分 )
。 ( 3 分 )",windows_ocr
study-s1-linear-algebra-f79a31b39bd88215-p0016-c01,study-s1-linear-algebra-f79a31b39bd88215,PDF 第 16 页 · 片段 1,16,0,163,knowledge/study/sources/year1/pdf/study-s1-linear-algebra-f79a31b39bd88215.pdf#page=16,"回 : 一 1 , 证明 | 艹
七 、 设 」 是 “ 阶方阵 , 且丆 = 万 ,
= 0
( 其中是 “ 阶单位矩阵 ) 。
证明 : 」 + 一
一丆 + 丆
所以
+ E 《 : 0
( 本题 9 分 )
( 2 分 )
( 1 分 )
( 1 分 )
( 2 分 )
( 1 分 )
( 1 分 )
( 1 分 )",windows_ocr
study-s1-linear-algebra-f79a31b39bd88215-p0017-c01,study-s1-linear-algebra-f79a31b39bd88215,PDF 第 17 页 · 片段 1,17,0,369,knowledge/study/sources/year1/pdf/study-s1-linear-algebra-f79a31b39bd88215.pdf#page=17,"九 、 设 」 是 mxn 的实矩阵 , 己知矩阵 B = 丆 + 」 04 , 其中丆是 “ 阶单位矩阵 ,
证明 : 当 > 0 时 , 矩阵 B 为正定矩阵 。
方丆 : 丆 + 」 04 ) 丆
证明 :
又 A 是实矩阵
所以 , B 是实对称矩阵
( 本题 4 分 )
( 1 分 )
) 丆 0 是一 n 维实向量 。
设任意 × : 0 , ,
则无丆方 : 天气旯丆 + 」 丆 」 )
: 无气丆 ) 天 + 天气 」 0 ) 天
因为 × 是一不为 0 的实向量 , 所以有丆无 > 0
又 A 是 m × “ 的实矩阵 , 所以 AX 是 m 维实向量 。
则@无了 0 0
所以对于任意不为 0 的 n 维实向量 × , 满足
天丆方天 > 0
即 B 是正定矩阵
( 1 分 )
( 1 分 )
( 1 分 )",windows_ocr
study-s1-linear-algebra-f79a31b39bd88215-p0018-c01,study-s1-linear-algebra-f79a31b39bd88215,PDF 第 18 页 · 片段 1,18,0,289,knowledge/study/sources/year1/pdf/study-s1-linear-algebra-f79a31b39bd88215.pdf#page=18,"五 、 设肥中的两组基分别为 :
1
2
1
0
1
1
1
0
1
己知线性变换 。 在基 , 下的矩阵为
1 ) 求由基 , 到基 , 的过渡矩阵 M;
2 ) 求 0 在基 , 下的矩阵 。
解 : 1 )
乃 2 = 一 + 3 仅 2
2 ) 令 A=
则 。 在基下的矩阵 :
〖 式子 2 分 , 求逆 2 分 , 结果 2 分 〗
0
1
2
I
0
I
1
( 本题 12 分 )
[ 1 分 ]
[ 2 分 ]
[ 3 分 ]
〖 式子 2 分 , 求逆 2 分 , 结果 2 分 〗
方一 M , 4 彳 =
3
一 I
1
0
3
0
0
2
0
I
3",windows_ocr
study-s1-linear-algebra-f79a31b39bd88215-p0019-c01,study-s1-linear-algebra-f79a31b39bd88215,PDF 第 19 页 · 片段 1,19,0,592,knowledge/study/sources/year1/pdf/study-s1-linear-algebra-f79a31b39bd88215.pdf#page=19,"九 、 设 , 4 是 “ 阶实对称矩阵 , / 是一个正实数 , 证明 : 当 ' 充分大时 , 正 + , 4 是正定矩阵 。
( 其中是 “ 阶单位矩阵 )
证明 : 法 1
A 为阶实对称矩阵 , 所以 AT = A
@下十 ) T = tE 十 AT = tE 十 A
所以 tE+A 是 n 阶实对称矩阵
( 本题 4 分 )
( 1 分 )
因为 A 为 n 阶实对称矩阵 , 所以 A 的特征值都是实数 , ( 1 分 )
设为 “ ” 。 不妨假设其中的值最小 。
则 tE+A 的特征值为 t + + , 入 n 亦都是实数 。 ( 1 分 )
当 t > 一时 , t + > 0 = 1 “ ”
即 tE+A 的特征值都大于 0 , 所以 tE+A 是正定矩阵 。 ( 1 分 )
A 为 n 阶实对称矩阵 , 所以 AT A
所以 tE+A 是阶实对称矩阵
因为 A 为阶实对称矩阵 , 所以 A 的特征值都是实数 ,
设为人 “ ” 标 。 不妨假设其中入 1 的值最小 。
存在正交矩阵使得 :
CTAC = C-IAC = “ ” 入
CT(tE+ A)C = C ̄L()E + A)C = tE + C ̄iAC
当 t > 一时 , t 十 > 0 . 1 “ ”
即 tE+A 的特征值都大于 0 , 所以正 + 是正定矩阵 。
( 2 分 )",windows_ocr
study-s1-linear-algebra-f79a31b39bd88215-p0020-c01,study-s1-linear-algebra-f79a31b39bd88215,PDF 第 20 页 · 片段 1,20,0,444,knowledge/study/sources/year1/pdf/study-s1-linear-algebra-f79a31b39bd88215.pdf#page=20,"九 、 己知存在 “ 阶非零实矩阵使得矩阵 , 4 : cTc , 证明 + 叫 > 1
其中为 ” 阶单位矩阵 。
( 本题 4 分 )
证明 : 因为 AT = (CTC)T = cTc : A, 且 c 为非零实矩阵 , 所以 A 是非零的实对称矩阵 。 对于任意的
n 维非 0 实向量 x ,
则 XTAX = YTY : ' “ 0 ,
所以 , 矩阵 A 是半正定或者正定矩阵 。
( 1 分 )
A 的所有特征值都大于等于 0 。 A 是非零的实对称矩阵 , 一定能够找到可逆矩阵 P 使得 :
P AP = diag()i 梅 “ } 0 i 1 , 2 , “ 0 丐
且一定存在 > 0 , 否则 A = 0 , 与题设矛盾 。 不妨设 0 。
则 A= P diag()l 0 . “
然斗瞓 = IPdiag()i , 一 ,
(n)p ̄l 卟 PP
= p 刂 p 以 0 产 1 ) 对 、 “ ( 斗 1 )
命题得证 。
( 1 分 )
( 2 分 )",windows_ocr
study-s1-linear-algebra-f79a31b39bd88215-p0021-c01,study-s1-linear-algebra-f79a31b39bd88215,PDF 第 21 页 · 片段 1,21,0,475,knowledge/study/sources/year1/pdf/study-s1-linear-algebra-f79a31b39bd88215.pdf#page=21,"证明 : 若 , ,
八 、 证明 : 若
八 、 ” 维欧氏空间 0 。
01 , 01
XTX
X{XI
七 、 己知 : ( 1 , 2 , 3 ) :
‰ 是厂内的一个向量组 , 令
02
线性无关 , 则刀 0 。
线性无关 , 则刀 0 。
( 本题 9 分 )
解 : 设 , , 一 , 在 / 中某标准正交基下的坐标列向量依次为 , , 一 , , , ( 2 分 )
则两 〉 :
若 , , “ 。 。 线性无关 , 则 xr,X2,...,x 线性无关 ,
令 M=(Xl,X2, .,x ) , 则 M 为 “ 阶方阵且胆 0 ,
X2
于是刀 :
证法一
X TX
XnT XI
( 2 分 )
( 3 分 )
( 2 分 )
2 1
1
而 ' : ( 1
2 : ( 1 + 1 + 1 ) : ( 3 ) ,
3
( 2 分 )
( 3 分 )
( 2 分 )
而向量乘 1 阶矩阵与向量作数乘是相等的 , 因此 ,
1
3
才 = 。 (ßaTY : 3 "" 一 。 一 3 "" 1 2 1 ( 2 分 )
3
1",windows_ocr
study-s1-linear-algebra-f79a31b39bd88215-p0022-c01,study-s1-linear-algebra-f79a31b39bd88215,PDF 第 22 页 · 片段 1,22,0,571,knowledge/study/sources/year1/pdf/study-s1-linear-algebra-f79a31b39bd88215.pdf#page=22,"九 、 自然数 m,n 满足 m > “ > 0 。
, 4 为 m × “ 矩阵 , B 为 “ × m 矩阵 ,
〈 本题 4 分 )
且
九 、 自然数 m “ 满足 m > “ > 0 。 , 4 为 m × “ 矩阵 , B 为 “ × m 矩阵 , 且
证明 : 秩 ( , 4B ) : “ 。 ( 本题 4 分 )
证明 : 因秩 ( , 4B 阝秩 (B) : 觐 , ( 2 分 ) , 以下只需证明 , 4 君的列向量中确可找到 “ 个线性
无关的向量 。
记 B 的第列为列向量 , 由矩阵乘法 , AB 的第列为 ,
因己知秩 ( B ) : ” , 因此属 , 昼 , . . 。 的秩为 “ , 即属 , 昼 , “ 。 角 , 的极大线性无关组包含 “
个向量 , 设这个极大线性无关组为 , , 一 。 考虑 , 4B 的第 / 1 运 · 列共 “ 个列向
量 , 4 ” 4 ” · ” , 4 。 若数 k k 使
即 , 4 伊 、 羼
因秩 (A ) : “ , , 4 的 “ 个列向量线性无关 , 所以由上式有 :
1
但 ” . ” 线性无关 , 所以 : k2 :
因此 , ” 4 ” · ” , 线性无关 , 故秩 ( , 4B ” 。 结合前面式子 , 知命题成立 。 ( 2 分 )",windows_ocr
study-s1-linear-algebra-f79a31b39bd88215-p0023-c01,study-s1-linear-algebra-f79a31b39bd88215,PDF 第 23 页 · 片段 1,23,0,224,knowledge/study/sources/year1/pdf/study-s1-linear-algebra-f79a31b39bd88215.pdf#page=23,"五 、 在线性空间中 , 给定一组基底 : 丐 =
在 R2 中定义变换 6 :
XI+X
(1) 证明 : 变换 6 为线性变换 。
( 2 ) 求在基底丐下的矩阵 A
解 : 显然 。
0 住
所以变换 。 为线性变换
0
则 。 在基底下的矩阵 A=
a + c
e R2, e 则 。 + 一
+ d
书 +c + b + 。 0
åa
( 2 分 )
a +
( 本题 9 分 )
( 2 分 )
( 3 分 )
(TCY
( 2 分 )",windows_ocr
study-s1-linear-algebra-f79a31b39bd88215-p0024-c01,study-s1-linear-algebra-f79a31b39bd88215,PDF 第 24 页 · 片段 1,24,0,629,knowledge/study/sources/year1/pdf/study-s1-linear-algebra-f79a31b39bd88215.pdf#page=24,"九 、 ” 阶矩阵 」 满足 」 2 一 」 一 2 : 0 。
证明 (1) 」 的特征值为一 1 和 2 。
( 2 ) 」 与对角形矩阵相似 。
( 1 ) 设 」 的特征值 /\ 所对应的特征向量为 x 。 则
( 本题 5 分 )
OX = 042 一一 2 ) = “ 42 一 “ 4 一 2 = “ 4 ( 丸 ) 一 /\X 一 2 入 = 吓 2 一一 2 ) ,
因 X* 0 , 所以 /\2 一 /\ 一 2 : 0 。 因此 /\ 一 2 或 /\ 一一 1 。 ( 2 分 )
( 2 ) 且的关于 /\ : 2 的特征子空间的维数为一胄@一 2 . 0 , 故可从中取一@4 一 2 个向量构成
线性无关的向量组 SI , , 4 的关于 /\ : 一 1 的特征子空间的维数为一 (A + 到 , 故可从中取
” 一 + 个向量构成线性无关的向量组 S2 。 将 SI 和 , 合并得到的向量组 S 依然是线性无关的向
量组 , 且每一个都是 」 的特征向量 。 S 含有向量的个数为 2 ” 一 [R(A 十 、 0 + , 4 一 20 ] , 但
由 04 一 2004 + = 0 得到 , 月 04 + + 月 04 一 2 ” ; 另一方面 ,
因此 (A + + , 4 一 2E ) 一 - 所以 5 ' 含有个向量 , 即 , 4 有 n 线性无关的特征向量 , 因此与对
角形矩阵相似 。 ( 3 分 )",windows_ocr
study-s1-linear-algebra-f79a31b39bd88215-p0025-c01,study-s1-linear-algebra-f79a31b39bd88215,PDF 第 25 页 · 片段 1,25,0,601,knowledge/study/sources/year1/pdf/study-s1-linear-algebra-f79a31b39bd88215.pdf#page=25,"得分
九 、 设 」 是 “ 阶矩阵 , 如果存在正整数朊使得亍 = 0 ( 0 为 “ 阶零矩阵 ) , 则
称 」 是 “ 阶幂零矩阵 。 证明 :
( 1) 如果 , 4 是 “ 阶幂零矩阵 , 则矩阵 , 4 的特征值全为 0 。
( 2 ) 如果 , 4 0 是 “ 阶幂零矩阵 , 则矩阵 , 4 不与对角矩阵相似 。
证明 : ( 1 ) 设 」 是 “ 阶幂零矩阵 , 则 : 0
设 A 的特征值为入 , 属于入的特征向量为 , 则有
A a = 入 a
等式两端左乘以矩阵舻一 , 得到 :
Ak a : “ 1 入 a =Aka=0
因为为特征向量 , 所以 0 , 则有 :
产一 0 , 所以入 : 0
即的特征值全为 0
x 满足 :
( 本题 5 分 )
( 1 分 )
( 1 分 )
( 2 ) 如果 , 4 0 是 “ 阶幂零矩阵 , 根据上文 , 其特征值全为 0 , 则它的特征向量
( 入 E-A) X = 0 ,
即 AX=O
因为 , 4 仇所以 R (A) : r 〉 0 ,
那么方程组 AX=O 的解向量组的基础解系有 n-r<n 向量 ,
( 1 分 )
( 1 分 )
只有当 n 阶矩阵有 n 个线性无关的特征向量时 , 矩阵才可以与对角矩阵相似 。
显然 , 非零的 “ 阶幂零矩阵不满足这一条件 , 所以不与对角矩阵相似 。 ( 1 分 )",windows_ocr
study-s1-linear-algebra-f79a31b39bd88215-p0026-c01,study-s1-linear-algebra-f79a31b39bd88215,PDF 第 26 页 · 片段 1,26,0,946,knowledge/study/sources/year1/pdf/study-s1-linear-algebra-f79a31b39bd88215.pdf#page=26,"九 、 矩阵 」 是 “ 阶实对称矩阵 , 是 “ 维欧氏空间 , 。 属于 , 尹是 “ 阶正交矩阵 ,
( 2 ) 一定存在一个正实数 go , 对于任意的 “ 维实向量 x , 都有下互 \' 卜 goxTx 。
(l) 因为尸为正交矩阵 , 所以
( 2 ) 因为身为实对称矩阵 , 所以可以找到一个正交变换 Æ\ 。 : C 丫 , 将二次型 xTAX 化为平方和
其中見 、
= 尹 ‰ 证明 :
( 4 分 )
一 1 = 0 , 即 bTb 一 1 。 必要性得证 。
、 为是 、 4 的 ” 个实特征值 。 取 “ =maxflk 《 以 、 《 一 」 的则
因此 , 取 go “ , 就有 XTAX 孓 go 无无
说明 : 上面直接取 go 一 m { 以 0 在 ] , 一 , 1 } 也可以 。
八 、 设实矩阵 , 4 : E- bbT, 是 “ 阶单位阵 ,
求证 : (1) 」 2 : , 4 的充要条件是俨 b : 1 ;
( 2 ) 当 bTb : 1 时 , 」 不可逆 。
八 、 证明 :
0 ) 充分性 。 己知 bTb : 1 。 计算 :
b 是 “ 维非零实列向量 。
」 2 = ( 丆一 bbT) ( 一 bbT) = 一 bbTE 一 EbbT + bbTbbT = 一 bbT
将 bTb 一 1 代入上式 , 得 : 一方一 bbT
一 bbT + b@铴帅丆 = 一 bbT
必要性 , 己知 」 2 = 」 , 即 」 2 一 4 = 0 。 计算 :
bTb 为一个 1 × 1 矩阵 , 因此上式又可表示为 : 0 一 @铴一 1 帅 。
因为台为非 0 列向量 。 因此是非 0 矩阵 。 所以由上式得 : bTb
( 充分性和必要性各 3 分 )
( 2 ) 反证法 。
= 小充分性得证 。
如果 A 可逆 。 因己知硭台一 1 , 由 ( 1 ) 知 , 4 满足 , 42 一 , 4 。 此式等号两边都乘 , 4 1 , 得 .
即方一 bbT = E , 因此 bbT = 0 。
但己知 b 为非 0 列向量 , 局 T 是非 0 矩阵 。 矛盾 。 因此 」 可逆不成立 , 即 」 不可逆 。
",windows_ocr
study-s1-linear-algebra-f79a31b39bd88215-p0026-c02,study-s1-linear-algebra-f79a31b39bd88215,PDF 第 26 页 · 片段 2,26,846,1019,knowledge/study/sources/year1/pdf/study-s1-linear-algebra-f79a31b39bd88215.pdf#page=26,"乘 , 4 1 , 得 .
即方一 bbT = E , 因此 bbT = 0 。
但己知 b 为非 0 列向量 , 局 T 是非 0 矩阵 。 矛盾 。 因此 」 可逆不成立 , 即 」 不可逆 。
( 本题 5 分 )
0 分 )
〈 本题 9 分 )
( 2 分 )
0 分 )
( 2 分 )
0 分 )
0 分 )
0 分 )
0 分 )",windows_ocr
study-s1-linear-algebra-f79a31b39bd88215-p0027-c01,study-s1-linear-algebra-f79a31b39bd88215,PDF 第 27 页 · 片段 1,27,0,646,knowledge/study/sources/year1/pdf/study-s1-linear-algebra-f79a31b39bd88215.pdf#page=27,"九 、 , 4 是 “ 阶方阵 , 证明 : 」 2 : 成立的充要条件是 , 4 + 切 + (A 一均 : “ 。
九 , 证 :
必要性 : 己知 , 42 = 方 , 因此@ + 一 0 = 0 , 所以 4 + + 一 07 ,
充分性 : 己知蛰 , 4 + 到 + @ 一 0 : 宀则
又应用矩阵的分块初等变换 ,
、 4 + E 0
0 」 一刊
, 4 + 方 0
0 、 4 一
2 方
0 一 4 ) 0
因此胄
0 一方
A + E 0
一 + 2 一 2 方
方一 . 4
2 方
过一 E
2 方
0
0 , 42 一
= 宀但 .@0 一宀故虽 , 42 一 0
2 方
2 」 一 2E 2 」 一 2 方
0 , 42 一方 0
= 0 。
因此 、 42 一 E 亠 0 , 即 」 2 = 。
八 、 设 」 , B , 0 刀都是 “ 阶矩阵 , 其中回 : 6 并且 」 c = 0 ,
求证 :
八 . 证明 : 山闫 : 6 己知 ,
丆 0 」
CA 一 1 丆 C
因此 」 可逆 。
0 D—CÆIB
此式两边取行列式 , 山于左边第一个矩阵行列式为 1 , 因此有
C 0 一 CA 一方
根据行列式乘法的公式 , 以及己知 」 c = 0 , 有
: 回@亠4。
C 刀
〈 本题 5 分 )
0 分 )
0 分 )
0 分 )
( 共 2 分 )
( 本题 9 分 )
( 1 分 )
( 2 分 )
( 3 分 )
( 3 分 )",windows_ocr
study-s1-linear-algebra-f79a31b39bd88215-p0028-c01,study-s1-linear-algebra-f79a31b39bd88215,PDF 第 28 页 · 片段 1,28,0,814,knowledge/study/sources/year1/pdf/study-s1-linear-algebra-f79a31b39bd88215.pdf#page=28,"九 、 」 是三阶实对称方阵 , 且满足条件 」 2 一 2 . 4 : 0 , 己知 R(A)= 2
( 1) 求 」 的全部特征值 。
( 2 ) 当 々 为何值时 , 矩阵 」 + 为正定矩阵 , 其中丆为三阶单位矩阵 。
九 . 解 : 设 」 的特征值为属于的特征向量为 A' ' , 则有互 : 元 。
( 本题 5 分 )
山己知 」 2 一 2 」 : 0 , 有 0 : OX : C42 一 2 」 ) : 」 2 一 2 : 2 一 2 元 : ( 2 一 2 ,
因无 0 , 所以尸一以一 0 。 故 」 的特征值只能是 0 或 2 。 且 」 与对角形矩阵相似 。 所相似的
对角形矩阵的秩与 」 的秩相等 , 为 2 , 且对角形矩阵对角线上元素都是 」 的特征值 , 因此 」 的
特征值为 0 : 在 : 2 , 在 : 0 。
2 0 0
」 是实对称矩阵 , 则存在正交矩阵 c , 使 CTAC : 0 2 0 , 于是
0 0 0
2 + 0 0
C 气 」 + 丆 ) C : C 丆 」 C' + 々 丆 : 0
2 + 0
0
( 3 分 )
即 」 + 与此对角形矩阵合同 , 该对角形矩阵正定的充要条件是 > 0 , 因此 > 0 时 , 」 +
正定 。
九 、 己知 」 是 “ 阶实反对称矩阵 , 证明 E 一 」 2 是正定矩阵 。
九 、 证明 : 由 , 4 是 “ 阶实反对称矩阵得 , 4 丆 = 一 , 4 , 从而一 , 42 = + , 40
考虑二次型 x 气丆一 , 42 ) x , 对于 VX 0 , 有 xTx > 0 , ()X ) 气 , 4X ) 0 ,
故 x 气方一 」 2 ) x 是正定二次型 , 从而方一 42 是正定矩阵 ,
( 2 分 )
( 本题 5 分 )
( 1 分 )
( 2 分 )
( 1 分 )
( 1 分 )",windows_ocr
study-s1-linear-algebra-f79a31b39bd88215-p0029-c01,study-s1-linear-algebra-f79a31b39bd88215,PDF 第 29 页 · 片段 1,29,0,530,knowledge/study/sources/year1/pdf/study-s1-linear-algebra-f79a31b39bd88215.pdf#page=29,"6 , 己知二次型 :
( 1) t 为何值时 , 该二次型是正定的
( 2 ) 取 t = 1 , 用可逆线性变化化二次型为标准型 , 并写出所用的
线性变换 。
(l) 二次型的矩阵为為 =
厶 = 纟 > 0 , 」 2
故当 > 2 时 · 二次型了止定 ,
1
1
1
, 选取纟使得
一 1
= 产一 1 > 0 , 山
( 2 ) 歹亠 + + + 2 + 2 工 1 妁一
玺 1 = , 1
2 工 2 ,
再令一
即 =
+ z ” 得标准形为
, 得歹 = 一 4
丆 = 一 4z; + 4
所用的可逆线性变换为
7 、 2 设向量组 ' '
试证明 :
( 1) 可表示为 '
中 , 前 “ 一 I 个向量线性相关 , 后 ” 一 I 个向量线性无关 ,
, 丐一 1 的线性组合 ;
( 2 ) 丐不能表示为 。
, 一 1 的线性组合 。
, , 封线性无关 ,
证明 : ( 1 ) 由题设知
' 丐一 1 线性相关 ,
又
所以 01 可表示为 , , 丐一 1 的线性组合 。
( 2 ) 反证法 。
, 一 1 的线性组合 ,
若能表示为
所以 ,
能表示为 ” , 丐一 [ 的线性组合 ,
, 线性相关 , 矛盾 。",windows_ocr
study-s1-linear-algebra-f79a31b39bd88215-p0030-c01,study-s1-linear-algebra-f79a31b39bd88215,PDF 第 30 页 · 片段 1,30,0,944,knowledge/study/sources/year1/pdf/study-s1-linear-algebra-f79a31b39bd88215.pdf#page=30,"计算机类本科生 2020—2021 学年第一学期线性代数课程期末考试试卷(A 卷)
专业(大类或特色班): 年级:20 学号: 姓名: 成绩:
说明:AT表示矩阵A的转置矩阵,A*表示矩阵A的伴随矩阵,E是单位矩阵,O是零矩阵, R(A)或r(A)表示矩阵A的秩
A−1表示可逆矩阵A的逆矩阵, |A|表示方阵A的行列式, , 表示向量,  的内积。
一 .客观题:1−3 小题为判断题,在对的后面括号中填“√”,错的后面括号中填“”,
4−8 为单选题,将正确选项前的字母填在括号中. (每小题 2 分,共 16 分)。
1. 若矩阵等式AX = BX 成立,则A= B。 ( )
2. 在线性空间P[x]中,定义变换T : f(x) f(x ),其中
0
第 1页 /共 9页
f ( x ) 是P[x]中的多项式, x
0
是一固定实数,
则T 是线性变换。 ( )
3. n维(n ≥ 3)欧几里得空间中,存在两个不同的单位向量,它们的内积是1。 ( )
4. 下列命题中正确的是 ( )
(A) 任意 n 个n+1维向量线性相关 (B) 任意 n 个n+1维向量线性无关
(C) 任意n+1个n维向量线性相关 (D) 任意n+1个 n
草稿区
-
得分
-
维向量线性无关
5. 在线性空间R3中定义如下变换,其中为线性变换的为 ( )
(A) (x ,x ,x )=( x ,x ,x ) (B) (x ,x ,x )=(x +1,x ,x )
1 1 2 3 1 2 3 2 1 2 3 1 2 3
(C) (x ,x ,x )=(x2,x2,x2) (D) (x ,x ,x )=(x ,x ,0)
3 1 2 3 1 2 3 4 1 2 3 2 3
6. 下列矩阵不相似于对角矩阵的是 ( )
1 2 1 2 1 2 1 2
(A) (B) (C) (D)
       
0 3 0 1 2 3 2 4
       
a a a −a 4a −a 3a
11 12 13 11 21 31 31
7. 如果行列式 D = a a a  0,则行列式 M = −a 4a −a 3a = ( )
",pdfplumber_visible_bbox
study-s1-linear-algebra-f79a31b39bd88215-p0030-c02,study-s1-linear-algebra-f79a31b39bd88215,PDF 第 30 页 · 片段 2,30,844,1106,knowledge/study/sources/year1/pdf/study-s1-linear-algebra-f79a31b39bd88215.pdf#page=30,"     
a a a −a 4a −a 3a
11 12 13 11 21 31 31
7. 如果行列式 D = a a a  0,则行列式 M = −a 4a −a 3a = ( )
21 22 23 12 22 32 32
a a a −a 4a −a 3a
31 32 33 13 23 33 33
(A) −3D (B) −4D (C) −12D (D) 4D
8. 设 A为 n(n>3)阶可逆方阵, 则(3A)*= ( )
(A) 3A* (B) 3n−1A* (C) 3nA* (D) 3−1A*",pdfplumber_visible_bbox
study-s1-linear-algebra-f79a31b39bd88215-p0031-c01,study-s1-linear-algebra-f79a31b39bd88215,PDF 第 31 页 · 片段 1,31,0,197,knowledge/study/sources/year1/pdf/study-s1-linear-algebra-f79a31b39bd88215.pdf#page=31,"二 、行列式计算 (第 1 小题 6 分,第 2 小题 8 分,共 14 分)
x + a b c d
a x + b c d
1.计算行列式 。
a b x + c d
a b c x + d
2. 计算
第 2页 /共 9页
n
↑
得分
草稿区
1 x x x x
1 1 x x x
1 1 1 x x
阶行列式 D = ,其中n 2。
n
I
1 1 1 1 x
1 1 1 1 1",pdfplumber_visible_bbox
study-s1-linear-algebra-f79a31b39bd88215-p0032-c01,study-s1-linear-algebra-f79a31b39bd88215,PDF 第 32 页 · 片段 1,32,0,147,knowledge/study/sources/year1/pdf/study-s1-linear-algebra-f79a31b39bd88215.pdf#page=32,"草稿区
5 2 0 0   1 0 
得分
   
2 1 0 0 0 −1
三、已知A=   , B =  ,求A−1及AB。 (本题 10 分)
0 0 1 −2  1 1 
   
0 0 1 1 −1 0
   
J
第 3页 /共 9页",pdfplumber_visible_bbox
study-s1-linear-algebra-f79a31b39bd88215-p0033-c01,study-s1-linear-algebra-f79a31b39bd88215,PDF 第 33 页 · 片段 1,33,0,135,knowledge/study/sources/year1/pdf/study-s1-linear-algebra-f79a31b39bd88215.pdf#page=33,"得分
草稿区
四、当与如何取值时,下面方程组有唯一解?无解?有无穷解?当有解时,求出全部解。
(本题 14 分)
x + 2x = −1
1 3

−x + x − 3x = 2
1 2 3

2x − x +x =

1 2 3
第 4页 /共 9页",pdfplumber_visible_bbox
study-s1-linear-algebra-f79a31b39bd88215-p0034-c01,study-s1-linear-algebra-f79a31b39bd88215,PDF 第 34 页 · 片段 1,34,0,310,knowledge/study/sources/year1/pdf/study-s1-linear-algebra-f79a31b39bd88215.pdf#page=34,"0 1 1 1 1 1
           
五、设R3的两个基 = 1 , = 0 , = 2 ; = 1 , = 1 , = 0 ,
1   2   3   1   2   3  
           
0 1 2 1 0 0
           
(1) 求由基 ,,到,, 的过渡矩阵
1 2 3 1 2 3
第 5页 /共 9页
M
得分
草稿区
。
(2) 已知向量= + ,求向量在基 ,,下的坐标。 (本题 9 分)
1 2 1 2 3
/",pdfplumber_visible_bbox
study-s1-linear-algebra-f79a31b39bd88215-p0035-c01,study-s1-linear-algebra-f79a31b39bd88215,PDF 第 35 页 · 片段 1,35,0,187,knowledge/study/sources/year1/pdf/study-s1-linear-algebra-f79a31b39bd88215.pdf#page=35,"六、已知二次型: f(x ,x ,x )=2x2 +2x2 +2x2 +2x x +2x x +2x x , (本题 14 分)
1 2 3 1 2 3 1 2 1 3 2 3
用正交变换化 f(x ,x ,x )为标准形,求出所用正交变换矩阵
1 2 3
第 6页 /共 9页
P
得分
草稿区
-
并说明该二次型的类型(正定、负定、半
,
正定、半负定、不定)。
↑
I",pdfplumber_visible_bbox
study-s1-linear-algebra-f79a31b39bd88215-p0036-c01,study-s1-linear-algebra-f79a31b39bd88215,PDF 第 36 页 · 片段 1,36,0,115,knowledge/study/sources/year1/pdf/study-s1-linear-algebra-f79a31b39bd88215.pdf#page=36,"七、已知,,是线性方程组
1 2 3
第 7页 /共 9页
A X = O 的一个基础解系,证明 +,  +,  +也是
1 2 2 3 3 1
A X = O
草稿区
的一
得分
个基础解系。 (本题 9 分)",pdfplumber_visible_bbox
study-s1-linear-algebra-f79a31b39bd88215-p0037-c01,study-s1-linear-algebra-f79a31b39bd88215,PDF 第 37 页 · 片段 1,37,0,86,knowledge/study/sources/year1/pdf/study-s1-linear-algebra-f79a31b39bd88215.pdf#page=37,"八、A,C,D均为
第 8页 /共 9页
n
得分
A −D
草稿区
阶方阵。已知A+C 可逆且D可逆。求分块矩阵
 
的逆矩阵。 (本题 9 分)
C D
 ",pdfplumber_visible_bbox
study-s1-linear-algebra-f79a31b39bd88215-p0038-c01,study-s1-linear-algebra-f79a31b39bd88215,PDF 第 38 页 · 片段 1,38,0,61,knowledge/study/sources/year1/pdf/study-s1-linear-algebra-f79a31b39bd88215.pdf#page=38,"九、已知 A是 n 阶实反对称矩阵,证明
第 9页 /共 9页
E − A 2
草稿区
得分是正定矩阵。 (本题 5 分)",pdfplumber_visible_bbox
study-s1-linear-algebra-f79a31b39bd88215-p0039-c01,study-s1-linear-algebra-f79a31b39bd88215,PDF 第 39 页 · 片段 1,39,0,834,knowledge/study/sources/year1/pdf/study-s1-linear-algebra-f79a31b39bd88215.pdf#page=39,"人工智能学院本科生 2019—2020 学年第一学期线性代数课程期末考试试卷(A 卷)
草稿区
专业(大类): 年级:20 学号: 姓名: 成绩:
说明:AT表示矩阵A的转置矩阵,A*表示矩阵A的伴随矩阵,E是单位矩阵,O是零矩阵, R(A)或r(A)表示矩阵A的秩
A−1表示可逆矩阵A的逆矩阵, |A|表示方阵A的行列式, , 表示向量,  的内积。
得分一 .客观题:1−3 小题为判断题,在对的后面括号中填“√”,错的后面括号中填“”,
4−8 为单选题,将正确选项前的字母填在括号中. (每小题 2 分,共 16 分)。
1. 对应于 n(n>3)阶实矩阵的相异特征值的实特征向量必是正交的。 ( )
2. 欧式空间V 中的向量,满足=,则+与正交。 ( )
3. 设α ,α ,⋯,α 是Rn中一个正交向量组,则它们作为列向量组构成的矩阵的秩必为 m。 ( )
1 2 m
4. 设三阶矩阵 A, 满足 A  1,则 2A = ( )
(A) -8 (B) 8 (C) -2 (D) 2
5. 设 A为 n 阶方阵, 满足 AB=O,且 B≠0 则: ( )
(A) A 的列向量组线性无关 (B) A=O
(C) A 的列向量组线性相关 (D) A 的行向量组线性无关
6. 对于方阵 A 与 AT,下面说法错误的是: ( )
(A) 它们有相同的特征根 (B) 它们有相同的特征向量
(C) 它们有相同的特征多项式 (D) 它们的行列式值相同
7. n元齐次线性方程组Ax  0有非零解的充要条件是: ( )
(A) R(A)n (B)R(A)n (C)R(A)  n (D) R(A)n
a b 
I 8. 设矩阵A   其中a  b 0且a2 b2 1,则 A为: ( )
b a
 
(A) 正定矩阵 (B) 负定矩阵 (C) 初等矩阵 (D)正交矩阵
第 1页 /共 9页",pdfplumber_visible_bbox
study-s1-linear-algebra-f79a31b39bd88215-p0040-c01,study-s1-linear-algebra-f79a31b39bd88215,PDF 第 40 页 · 片段 1,40,0,258,knowledge/study/sources/year1/pdf/study-s1-linear-algebra-f79a31b39bd88215.pdf#page=40,"得分
草稿区
二 、行列式计算 (第 1 小题 6 分,第 2 小题 8 分,共 14 分)
-
0 2 3 n1 n
1 0 3 n1 n
1 2 0 n1 n
1.计算行列式 D  ,其中n 2。
n
1 2 3 0 n
1 2 3 n1 0
x 0 0 0 a
n
1 x 0 0 a
n1
0  1 x 0 a
n2
2. 计算n阶行列式 D  0 0  1 0 a ,其中n 2。
n n3
0 0 0 x a
2
0 0 0 1 a  x
1
S ~
第 2页 /共 9页",pdfplumber_visible_bbox
study-s1-linear-algebra-f79a31b39bd88215-p0041-c01,study-s1-linear-algebra-f79a31b39bd88215,PDF 第 41 页 · 片段 1,41,0,100,knowledge/study/sources/year1/pdf/study-s1-linear-algebra-f79a31b39bd88215.pdf#page=41,"草稿区
5 2 0 0
得分
 
2 1 0 0
三、已知A  ,求 A4 及 A* 。 (本题 10 分)
0 0 8 3
 
0 0 5 2
 
g
第 3页 /共 9页",pdfplumber_visible_bbox
study-s1-linear-algebra-f79a31b39bd88215-p0042-c01,study-s1-linear-algebra-f79a31b39bd88215,PDF 第 42 页 · 片段 1,42,0,189,knowledge/study/sources/year1/pdf/study-s1-linear-algebra-f79a31b39bd88215.pdf#page=42,"得分
草稿区
四、当a与b取何值时,下面方程组有唯一解?无解?有无穷解?当有无穷解时,求出全部解。
(本题 14 分)
 x  x  x 1
1 3 4

 x  x  x  x  0

1 2 3 4
x (a  3)x  2x  2b

2 3 4

3x  2x  x  ax  1

1 2 3 4
第 4页 /共 9页",pdfplumber_visible_bbox
study-s1-linear-algebra-f79a31b39bd88215-p0043-c01,study-s1-linear-algebra-f79a31b39bd88215,PDF 第 43 页 · 片段 1,43,0,206,knowledge/study/sources/year1/pdf/study-s1-linear-algebra-f79a31b39bd88215.pdf#page=43,"五、设在线性空间P[x]中,有序基底(I)为x4,x3,x2,x,1,有序基底(II)为
得分 4  
1, 1 x, 1 x x2, 1 x x2  x3, 1 x x2  x3  x4,
草稿区
 
(1) 求基底(I)到基底(II)的过渡矩阵。
(2) 求多项式1 2x 3x2 4x3 5x4在基底(II)下的坐标。 (本题 9 分)
-
第 5页 /共 9页",pdfplumber_visible_bbox
study-s1-linear-algebra-f79a31b39bd88215-p0044-c01,study-s1-linear-algebra-f79a31b39bd88215,PDF 第 44 页 · 片段 1,44,0,163,knowledge/study/sources/year1/pdf/study-s1-linear-algebra-f79a31b39bd88215.pdf#page=44,"得分六、已知二次型:f(x ,x ,x ) 2x2 5x2 5x2 4x x 4x x 8x x , (本题 14 分)
草稿区
1 2 3 1 2 3 1 2 1 3 2 3
用正交变换化 f(x ,x ,x )为标准形,并求出所用正交变换矩阵Q 及该二次型的符号差。
1 2 3
-
~I
第 6页 /共 9页",pdfplumber_visible_bbox
study-s1-linear-algebra-f79a31b39bd88215-p0045-c01,study-s1-linear-algebra-f79a31b39bd88215,PDF 第 45 页 · 片段 1,45,0,147,knowledge/study/sources/year1/pdf/study-s1-linear-algebra-f79a31b39bd88215.pdf#page=45,"草稿区
七、已知向量组(I) ,, 的秩为 3,向量组(II) ,,,的秩为 3,向量组(III) ,,,的秩为 4,
1 2 3 1 2 3 4 1 2 3 5
得分
证明向量组,,, 的秩为 4。 (本题 9 分)
1 2 3 5 4
第 7页 /共 9页",pdfplumber_visible_bbox
study-s1-linear-algebra-f79a31b39bd88215-p0046-c01,study-s1-linear-algebra-f79a31b39bd88215,PDF 第 46 页 · 片段 1,46,0,91,knowledge/study/sources/year1/pdf/study-s1-linear-algebra-f79a31b39bd88215.pdf#page=46,"得分
草稿区
八、设A,B,C,D 都是 n 阶矩阵,其中 A  6 并且AC  CA ,
A B
求证:  ADCB 。 (本题 9 分)
C D
-
第 8页 /共 9页",pdfplumber_visible_bbox
study-s1-linear-algebra-f79a31b39bd88215-p0047-c01,study-s1-linear-algebra-f79a31b39bd88215,PDF 第 47 页 · 片段 1,47,0,117,knowledge/study/sources/year1/pdf/study-s1-linear-algebra-f79a31b39bd88215.pdf#page=47,"-
草稿区
得分
九、 A是三阶实对称方阵,且满足条件A2 2AO,已知R(A)2。
(1)求 A的全部特征值。
(2)当 k 为何值时,矩阵A+kE为正定矩阵,其中E为三阶单位矩阵。 (本题 5 分)
S
第 9页 /共 9页",pdfplumber_visible_bbox
study-s1-linear-algebra-f79a31b39bd88215-p0048-c01,study-s1-linear-algebra-f79a31b39bd88215,PDF 第 48 页 · 片段 1,48,0,893,knowledge/study/sources/year1/pdf/study-s1-linear-algebra-f79a31b39bd88215.pdf#page=48,"人工智能/计算机/网络安全学院本科生 2018—2019 学年第一学期线性代数课程期末考试试卷(A 卷)
专业(大类): 年级:20 学号: 姓名: 成绩:
说明:AT表示矩阵A的转置矩阵,A*表示矩阵A的伴随矩阵,E是单位矩阵,O是零矩阵, R(A)或r(A)表示矩阵A的秩草稿区
A−1表示可逆矩阵A的逆矩阵, |A|表示方阵A的行列式, 〈α, β〉表示向量α, β 的内积。
得分一 .客观题:1−3 小题为判断题,在对的后面括号中填“√”,错的后面括号中填“×”,
4−8 为单选题,将正确选项前的字母填在括号中. (每小题 2 分,共 16 分)。
1. A是m×n矩阵,R(A)= m,则非齐次线性方程组Ax = b (b ≠ 0)有解。 ( )
2. 若[ε,ε ,,ε ] 为 n 维欧式空间 V 的一个基底,T 为 V 中一个正交变换,则对于任意的i, j =1,2,,n 有
1 2 n
-
1, i = j
Tε,Tε =  。 ( )
i j 0, i ≠ j

3. 在五阶行列式中,项 α α α α α 的符号为−1。 ( )
21 32 45 14 53
4. n 阶实对称矩阵 A 正定的充要条件是: ( )
(A) A 是可逆矩阵 (B) 对某个X = (x ,x ,,x )T ≠ 0有XTAX > 0
1 2 n
(C) A 的所有的特征值均为正值 (D) 可以找到一个正交矩阵 F,使 FTAF 为对角矩阵
5. 设 A, B 均为 n 阶正交矩阵阵,C = AB, 则必有: ( )
(A) A + B = O (B) C 为正交矩阵 (C) A = 0或 B=0 (D) A + B = 0
6. 矩阵 A, B 满足:PTAP = B,其中矩阵 P 是可逆矩阵。则其中错误的是: ( )
(A) 矩阵 A 与 B 是相似关系 (B) 矩阵 A 与 B 是合同关系
(C) 矩阵 A 和 B 的秩相同 (D) 矩阵 A 与 B 是等价关系
7. 设 A, B 为满足 AB = O 的两个 n 阶非零矩阵, 则必有: ( )
",pdfplumber_visible_bbox
study-s1-linear-algebra-f79a31b39bd88215-p0048-c02,study-s1-linear-algebra-f79a31b39bd88215,PDF 第 48 页 · 片段 2,48,793,1028,knowledge/study/sources/year1/pdf/study-s1-linear-algebra-f79a31b39bd88215.pdf#page=48," (B) 矩阵 A 与 B 是合同关系
(C) 矩阵 A 和 B 的秩相同 (D) 矩阵 A 与 B 是等价关系
7. 设 A, B 为满足 AB = O 的两个 n 阶非零矩阵, 则必有: ( )
(A) A ≠ 0 (B) B ≠ 0 (C) A 的列向量组线性无关 (D) 线性方程组 AX = O 有非零解
8. 线性空间R5中前 3 个分量和为 0 的全体向量构成的子空间的维数是: ( )
(A) 2 (B) 3 (C) 4 (D) 5
第 1页 /共 9页",pdfplumber_visible_bbox
study-s1-linear-algebra-f79a31b39bd88215-p0049-c01,study-s1-linear-algebra-f79a31b39bd88215,PDF 第 49 页 · 片段 1,49,0,307,knowledge/study/sources/year1/pdf/study-s1-linear-algebra-f79a31b39bd88215.pdf#page=49,"得分
草稿区
二 、行列式计算 (第 1 小题 6 分,第 2 小题 8 分,共 14 分)
1 −1 1 x −1
1 −1 x +1 −1
1.计算四阶行列式 D = 。
1 x −1 1 −1
x +1 −1 1 −1
a + y a a ... a a
1 2 3 n−1 n
a a + y a ... a a
1 2 3 n−1 n
a a a + y ... a a
2. 计算n阶行列式 D = 1 2 3 n−1 n ,其中n> 2。
    
a a a ... a + y a
1 2 3 n−1 n
a a a ... a a + y
1 2 3 n−1 n
第 2页 /共 9页",pdfplumber_visible_bbox
study-s1-linear-algebra-f79a31b39bd88215-p0050-c01,study-s1-linear-algebra-f79a31b39bd88215,PDF 第 50 页 · 片段 1,50,0,121,knowledge/study/sources/year1/pdf/study-s1-linear-algebra-f79a31b39bd88215.pdf#page=50,"草稿区
2 0 2
得分
 
三、设 A,B 均为三阶矩阵,E 是三阶单位矩阵,已知 AB = 2A + B, B = 0 4 0 , 求:A – E。
 
 
2 0 2
 
(本题 10 分)
&
第 3页 /共 9页",pdfplumber_visible_bbox
study-s1-linear-algebra-f79a31b39bd88215-p0051-c01,study-s1-linear-algebra-f79a31b39bd88215,PDF 第 51 页 · 片段 1,51,0,150,knowledge/study/sources/year1/pdf/study-s1-linear-algebra-f79a31b39bd88215.pdf#page=51,"-
得分 - 草稿区
四、k 为何值时,下面方程组有唯一解,无解,有无穷多组解?在有解情况下,求出其全部解。 (本题 14 分)
 x + x + kx = 4
1 2 3

−x + kx + x = k2
1 2 3

x − x + 2x = −4

1 2 3
第 4页 /共 9页",pdfplumber_visible_bbox
study-s1-linear-algebra-f79a31b39bd88215-p0052-c01,study-s1-linear-algebra-f79a31b39bd88215,PDF 第 52 页 · 片段 1,52,0,284,knowledge/study/sources/year1/pdf/study-s1-linear-algebra-f79a31b39bd88215.pdf#page=52,"五、设[α,α,,α ] 是 n 维向量空间V 的一个基,[α,α +α,,α +α ++α ] 也是V 的一个基,
得分 1 2 n 1 1 2 1 2 n
草稿区
(1)求后一个基 [α,α +α,,α +α ++α ] 到前一个基 [α,α,,α ] 的过渡矩阵 A。
1 1 2 1 2 n 1 2 n
(2)已知向量β在前一个基[α,α,,α ]下的坐标X = (n,n−1,,2,1)T ,求β在后一个基
1 2 n
[α,α +α,,α +α ++α ] 下的坐标 Y。 (本题 9 分)
1 1 2 1 2 n
第 5页 /共 9页",pdfplumber_visible_bbox
study-s1-linear-algebra-f79a31b39bd88215-p0053-c01,study-s1-linear-algebra-f79a31b39bd88215,PDF 第 53 页 · 片段 1,53,0,196,knowledge/study/sources/year1/pdf/study-s1-linear-algebra-f79a31b39bd88215.pdf#page=53,"草稿区
得分六、已知二次型: f(x ,x ,x )= −3x2 − 3x2 −4x x + 4x x + 8x x (本题 14 分)
1 2 3 2 3 1 2 1 3 2 3
(1) 写出它的矩阵 A;
(2) 用正交变换化 f(x ,x ,x )为标准形,并求出所用的正交变换;
1 2 3
(3) 判定该二次型是哪种二次型(正定,负定,半正定,半负定,不定)。
第 6页 /共 9页",pdfplumber_visible_bbox
study-s1-linear-algebra-f79a31b39bd88215-p0054-c01,study-s1-linear-algebra-f79a31b39bd88215,PDF 第 54 页 · 片段 1,54,0,143,knowledge/study/sources/year1/pdf/study-s1-linear-algebra-f79a31b39bd88215.pdf#page=54,"草稿区
七、设α,α,,α 线性无关,β可由α,α,,α 线性表示,β 不可由α,α,,α 线性表示,
1 2 m 1 1 2 m 2 1 2 m
得分
证明:α,α,,α ,λβ +β 线性无关(其中λ为实数)。 (本题 9 分)
1 2 m 1 2
-
第 7页 /共 9页",pdfplumber_visible_bbox
study-s1-linear-algebra-f79a31b39bd88215-p0055-c01,study-s1-linear-algebra-f79a31b39bd88215,PDF 第 55 页 · 片段 1,55,0,128,knowledge/study/sources/year1/pdf/study-s1-linear-algebra-f79a31b39bd88215.pdf#page=55,"得分草稿区
八、设实矩阵 A = E − bbT, E 是 n 阶单位阵, b 是 n 维非零实列向量。
求证:(1) A2 = A 的充要条件是 bTb = 1; -
(2) 当 bTb = 1 时, A 不可逆。 (本题 9 分)
第 8页 /共 9页",pdfplumber_visible_bbox
study-s1-linear-algebra-f79a31b39bd88215-p0056-c01,study-s1-linear-algebra-f79a31b39bd88215,PDF 第 56 页 · 片段 1,56,0,75,knowledge/study/sources/year1/pdf/study-s1-linear-algebra-f79a31b39bd88215.pdf#page=56,"草稿区
得分九、A是 n 阶方阵,证明:A2 = E 成立的充要条件是R(A+ E)+ R(A− E)= n。 (本题 5 分)
第 9页 /共 9页",pdfplumber_visible_bbox
study-s1-linear-algebra-f79a31b39bd88215-p0057-c01,study-s1-linear-algebra-f79a31b39bd88215,PDF 第 57 页 · 片段 1,57,0,927,knowledge/study/sources/year1/pdf/study-s1-linear-algebra-f79a31b39bd88215.pdf#page=57,"电光计控学院本科生 2017——2018 学年第一学期线性代数课程期末考试试卷(A 卷)
专业: 年级: 学号: 姓名: 成绩:
说明:AT表示矩阵A的转置矩阵,A*表示矩阵A的伴随矩阵,E是单位矩阵,O是零矩阵, R(A)或r(A)表示矩阵A的秩草稿区
A−1表示可逆矩阵A的逆矩阵, |A|表示方阵A的行列式, , 表示向量, 的内积。
得分一 .客观题:1−3 小题为判断题,在对的后面括号中填“√”,错的后面括号中填“”,
4−8 为单选题,将正确选项前的字母填在括号中. (每小题 2 分,共 16 分)。
1. 所有 n 阶实对角阵按照矩阵的线性运算规则构成Rnn(所有 n 阶方阵构成的线性空间)的
一个子空间。 ( )
2. 设 0 是 n 阶方阵 A 的特征值,则方程组 AX=O 有非零解。 ( )
3. 设 A 为 s×n 阶矩阵,r(A)=s,则s n。 ( )
4. 排列 14532 的逆序数为 ( )
(A)2 (B)3 (C)4 (D)5
5. 在R3中,与向量  (1,1,1)T, (1,2,1)T 都正交的单位向量是 ( )
1 2
(A) (-1, 0, 1)T (B)(1/ 2)(-1, 0, 1)T (C) (1, 0, -1)T (D)(1/ 2)(1, 0, 1)T
a a a  a a  a a  0 0 1 1 0 0
11 12 13 31 32 33 33
       
6. 设A a a a ,D  a a a a ,P  0 1 0 ,P  0 1 0 ,则 D= ( )
 21 22 23  21 22 23 23 1   2  
       
a a a a a a a 1 0 0 0 1 1
       
31 32 33 11 12 13 13
(A)P AP1 (B)P AP (C)P AP (D)P APT
1 2 1 2 2 1 1 2
7. 矩阵 A,B 是n阶正定矩阵,矩阵P 是可逆矩阵,则以下矩阵不一定是正定矩阵的是: ( )
",pdfplumber_visible_bbox
study-s1-linear-algebra-f79a31b39bd88215-p0057-c02,study-s1-linear-algebra-f79a31b39bd88215,PDF 第 57 页 · 片段 2,57,827,1061,knowledge/study/sources/year1/pdf/study-s1-linear-algebra-f79a31b39bd88215.pdf#page=57,"(A)P AP1 (B)P AP (C)P AP (D)P APT
1 2 1 2 2 1 1 2
7. 矩阵 A,B 是n阶正定矩阵,矩阵P 是可逆矩阵,则以下矩阵不一定是正定矩阵的是: ( )
(A)A B (B)B1 (C)AB (D)PTAP
8. 设 A,B 是n(n 2)阶方阵,ABO 且 B≠O,则必有 ( )
(A)(A B)2  A2  B2 (B)| B| 0 (C)|B*| 0 (D)| A*| 0
第 1页 /共 9页",pdfplumber_visible_bbox
study-s1-linear-algebra-f79a31b39bd88215-p0058-c01,study-s1-linear-algebra-f79a31b39bd88215,PDF 第 58 页 · 片段 1,58,0,210,knowledge/study/sources/year1/pdf/study-s1-linear-algebra-f79a31b39bd88215.pdf#page=58,"得分
草稿区
二 、行列式计算 (第 1 小题 6 分,第 2 小题 8 分,共 14 分)
1 a 2 3 4
1 2 a 3 4
1.计算四阶行列式 。
1 2 3 a 4
1 2 3 4 a
0 x x x x 1
x 0 x x x 1
x x 0 x x 1
2. 计算n阶行列式 ,其中n 2,x 0。
x x x 0 x 1
x x x x 0 1
1 1 1 1 1 0
第 2页 /共 9页",pdfplumber_visible_bbox
study-s1-linear-algebra-f79a31b39bd88215-p0059-c01,study-s1-linear-algebra-f79a31b39bd88215,PDF 第 59 页 · 片段 1,59,0,134,knowledge/study/sources/year1/pdf/study-s1-linear-algebra-f79a31b39bd88215.pdf#page=59,"草稿区
 1 0 0  1 0
得分
   
三、若AX=B,其中A 1 1 0 ,B  0 1 ,(1)求A1;(2)求矩阵X 。
   
   
1 2 1 2 0
   
(本题 10 分)
第 3页 /共 9页",pdfplumber_visible_bbox
study-s1-linear-algebra-f79a31b39bd88215-p0060-c01,study-s1-linear-algebra-f79a31b39bd88215,PDF 第 60 页 · 片段 1,60,0,148,knowledge/study/sources/year1/pdf/study-s1-linear-algebra-f79a31b39bd88215.pdf#page=60,"得分草稿区
四、当为何值时,线性方程组: (本题 14 分)
x  x  x  3
1 2 3

 x x  x  2 有唯一解,无解和有无穷多解?
1 2 3

x  x x  2

1 2 3
当方程组有无穷解时,求其所有解。
第 4页 /共 9页",pdfplumber_visible_bbox
study-s1-linear-algebra-f79a31b39bd88215-p0061-c01,study-s1-linear-algebra-f79a31b39bd88215,PDF 第 61 页 · 片段 1,61,0,255,knowledge/study/sources/year1/pdf/study-s1-linear-algebra-f79a31b39bd88215.pdf#page=61,"五、设V 是二阶实对称矩阵全体的集合对于通常矩阵的加法与数乘运算所构成的实数域R上的线性空间,
得分
1 0 0 1 0 0
草稿区
且A  ,A  ,A  是V 的一个基,在V 中
     
1 0 0 2 1 0 1 0 1
     
1 1
定义合同变换 T(A)  PTAP ,其中P 
 
。
0 1
 
(1)证明 T 为线性变换。
(2)求 T 在基 [A ,A ,A ]下的矩阵。 (本题 9 分)
1 2 3
第 5页 /共 9页",pdfplumber_visible_bbox
study-s1-linear-algebra-f79a31b39bd88215-p0062-c01,study-s1-linear-algebra-f79a31b39bd88215,PDF 第 62 页 · 片段 1,62,0,173,knowledge/study/sources/year1/pdf/study-s1-linear-algebra-f79a31b39bd88215.pdf#page=62,"草稿区
得分六、已知二次型: f(x ,x ,x ) 2x2 2x2 3x2 2x x (本题 14 分)
1 2 3 1 2 3 1 2
(1)写出它的矩阵;(2)用正交变换化 f(x ,x ,x )为标准形,并求出所用的正交变换;
1 2 3
(3)判定该二次型是哪种二次型(正定,负定,半正定,半负定,不定)。
第 6页 /共 9页",pdfplumber_visible_bbox
study-s1-linear-algebra-f79a31b39bd88215-p0063-c01,study-s1-linear-algebra-f79a31b39bd88215,PDF 第 63 页 · 片段 1,63,0,78,knowledge/study/sources/year1/pdf/study-s1-linear-algebra-f79a31b39bd88215.pdf#page=63,"草稿区
七、已知 (1,2,3)T,求一组非零向量,,使,, 两两正交。 (本题 9 分)
1 2 3 1 2 3
得分
第 7页 /共 9页",pdfplumber_visible_bbox
study-s1-linear-algebra-f79a31b39bd88215-p0064-c01,study-s1-linear-algebra-f79a31b39bd88215,PDF 第 64 页 · 片段 1,64,0,100,knowledge/study/sources/year1/pdf/study-s1-linear-algebra-f79a31b39bd88215.pdf#page=64,"得分草稿区
八、设A是 n 阶矩阵,若存在正整数 k,使线性方程组Akx O 有解向量,且
Ak1O,证明:向量组,A, ,Ak1是线性无关。 (本题 9 分)
第 8页 /共 9页",pdfplumber_visible_bbox
study-s1-linear-algebra-f79a31b39bd88215-p0065-c01,study-s1-linear-algebra-f79a31b39bd88215,PDF 第 65 页 · 片段 1,65,0,142,knowledge/study/sources/year1/pdf/study-s1-linear-algebra-f79a31b39bd88215.pdf#page=65,"草稿区
得分九、矩阵A是n阶实对称矩阵,Rn是n维欧氏空间,属于Rn,P 是n阶正交矩阵,
 P,证明:
(1) ,  , 。
(2)一定存在一个正实数g ,对于任意的n维实向量X ,都有 XTAX  g XTX 。 (本题 5 分)
0 0
第 9页 /共 9页",pdfplumber_visible_bbox
study-s1-linear-algebra-f79a31b39bd88215-p0066-c01,study-s1-linear-algebra-f79a31b39bd88215,PDF 第 66 页 · 片段 1,66,0,895,knowledge/study/sources/year1/pdf/study-s1-linear-algebra-f79a31b39bd88215.pdf#page=66,"计算机类本科生 2023 一 2024 学年第一学期线性代数课程期末考试试卷 (A 卷 )
年级 : 20 . 一 , . 学号 :
专业 ( 大类或特色班 ) :
说明 : . 4T 表示矩阵的转矩阵 , 表示矩阵刁的伴随矩阵 , 是单位矩阵 , 0 是零矩阵或 ' 表示矩阵的秩
才 1 表示可逆矩阵刁的逆矩阵 , | 表示方阵刁的行列式 , 〈 表示向量 “ 的内积 。
喀观题 : 1 一 3 小题为判断题 , 在对的后面括号中填 “ ” , 错的后面括号中填 “ × ” ,
4 一 8 为单选题 , 将正确选项前的字母填在括号中 . 侮小题 2 分 , 共 16 分 ) 。
1. 实矩阵是 × ” 矩阵 , 则矩阵和冈舻都是半正定矩阵 。
2 . 若矩阵冈的列向量线性相关 , 则的行向量不一定线性相关 。
3 . 设 ( : 1 , 2 , 3 ) 是三阶行列式中元素的代数余子式 , 则当丐 34 采 + k + ‰ 时必为 1 。
4 · 二次型丆 , , 工 3 ) : 一 1) 对 + 旯对 + + 1 ) 对 , 当满足下列条件时是正定二次型
草稿区
(C) 旯 > 1
) > 0
@) 旯 1
5 . 己知 2 阶行列式 : 7 , 网 : 5 , 则丨 5 炉 :
(A) 7
(C) 7 / 125
) 175
. ) 35
6 · 设在 B 都是阶正交矩阵 , 则下面哪一个一定是正交矩阵
(A) 刀 + B
(C) AB
伊 ) 一 B
) ( k 为实数 )
7 . 设丐 , 是齐次线性方程组 : 0 的一个基础解系 , 则下面哪个也是 = 0 的基础解系 (
8 · 向量组丐 = ( 1 , 一 1 , 2 , 4 ) , = ( 0 , 3 , 1 , 2), = ( 3 , 0 , 7 , 14L 04 = ( 1 , 一 2 , 2 , 0 ) , 5 = ( 2 , 1 , 5 , 10 ) , 则该向量组的极大无
关组是
(D) 0 丨 . , 0 , 05
第 1 页 / 共 9 页
扫描全能王
3 亿人都在用的扭喵焱 pp",windows_ocr
study-s1-linear-algebra-f79a31b39bd88215-p0067-c01,study-s1-linear-algebra-f79a31b39bd88215,PDF 第 67 页 · 片段 1,67,0,149,knowledge/study/sources/year1/pdf/study-s1-linear-algebra-f79a31b39bd88215.pdf#page=67,"、 行列式计算
3
1 · 计算行列式
1
2 · 计算阶行列式
( 第 1 小题 6 分 , 第 2 小题 8 分 , 共 14 分 )
0
1
4
1
1
1
1
1
3
1
2
1
义
义
无
3
2
1
无
无
4
3
2
1
其中 ” 3 。
1
扫描全能王
3 亿人都在用的扭喵焱 pp",windows_ocr
study-s1-linear-algebra-f79a31b39bd88215-p0068-c01,study-s1-linear-algebra-f79a31b39bd88215,PDF 第 68 页 · 片段 1,68,0,86,knowledge/study/sources/year1/pdf/study-s1-linear-algebra-f79a31b39bd88215.pdf#page=68,"得分
、 己知 :
1
一 1
1
1
1
1
, 且满足才 x
这里才是冈的伴随矩阵 , 求矩阵 x 。
( 本题 10 分 )
扫描全能王
3 亿人都在用的扭喵焱 pp",windows_ocr
study-s1-linear-algebra-f79a31b39bd88215-p0069-c01,study-s1-linear-algebra-f79a31b39bd88215,PDF 第 69 页 · 片段 1,69,0,169,knowledge/study/sources/year1/pdf/study-s1-linear-algebra-f79a31b39bd88215.pdf#page=69,"四 、 当 k 如何取值时 , 下面方程组无解 ? 有唯一解 ? 有无穷解 ? 当有解时 , 求出全部解 ( 对于有无穷多解
情况 , 要求利用导出组基础解系的方式求出通解 ) 。
( 本题 10 分 )
丸 1 + 无 2 一 3 = 一 1
1 + 2 + 3 = 1
1 + 2 一 3 =
扫描全能王
3 亿人都在用的扭喵焱 pp",windows_ocr
study-s1-linear-algebra-f79a31b39bd88215-p0070-c01,study-s1-linear-algebra-f79a31b39bd88215,PDF 第 70 页 · 片段 1,70,0,170,knowledge/study/sources/year1/pdf/study-s1-linear-algebra-f79a31b39bd88215.pdf#page=70,"五 、 全体二阶实矩阵构成实数域灭上的线性空间 / , 取固定实数矩阵刁 :
c(X) = AX— X4 , X e / 。
( 1 ) 证明是 / 中的一个线性变换 。
( 2 ) 在 / 中取一组基 : :
, 在 / 中定义变换 。 ·
( 本题 10 分 )
, 求 。 在该基下的矩阵 。
扫描全能王
3 亿人都在用的扭喵焱 pp",windows_ocr
study-s1-linear-algebra-f79a31b39bd88215-p0071-c01,study-s1-linear-algebra-f79a31b39bd88215,PDF 第 71 页 · 片段 1,71,0,213,knowledge/study/sources/year1/pdf/study-s1-linear-algebra-f79a31b39bd88215.pdf#page=71,"分六 、 己知二次型 : 歹 ( 无 1 , , 3 ) : 17 对 + 14 ( 对 + 对 ) 一 4 ( 而 + 义产 3 + 2 义 3 ) ,
( 1 ) 给出它的系数矩阵并求出矩阵的特征根和特征向量 。
( 本题 15 分 )
( 2 ) 用正交变换 x 一化歹 01 , , 无 3 ) 为标准形 , 给出变换矩阵 , 并给出该二次型的正 、 负惯性指数
和符号差 。
扫描全能王
3 亿人都在用的扭喵焱 pp",windows_ocr
study-s1-linear-algebra-f79a31b39bd88215-p0072-c01,study-s1-linear-algebra-f79a31b39bd88215,PDF 第 72 页 · 片段 1,72,0,150,knowledge/study/sources/year1/pdf/study-s1-linear-algebra-f79a31b39bd88215.pdf#page=72,"七 、 设为 “ > 2 ) 阶方阵 , 设 0 是无 : 0 的一个解 , 若存在一组向量
= 一 : 2 , 3 , · · · , s , 证明 : 向量组 , , · · · , 线性无关 。
· , , 使得
2 , 3 ,
( 本题 10 分 )
扫描全能王
3 亿人都在用的扭喵焱 pp",windows_ocr
study-s1-linear-algebra-f79a31b39bd88215-p0073-c01,study-s1-linear-algebra-f79a31b39bd88215,PDF 第 73 页 · 片段 1,73,0,109,knowledge/study/sources/year1/pdf/study-s1-linear-algebra-f79a31b39bd88215.pdf#page=73,"八 、 设 A,B 为同阶实方阵 ,
( 1 ) 求证 :
( 2 ) 若 c : + B , 刀 : 一 B 均可逆 , 求矩阵 M :
( 本题 10 分 )
的逆矩阵 。
扫描全能王
3 亿人都在用的扭喵焱 pp",windows_ocr
study-s1-linear-algebra-f79a31b39bd88215-p0074-c01,study-s1-linear-algebra-f79a31b39bd88215,PDF 第 74 页 · 片段 1,74,0,73,knowledge/study/sources/year1/pdf/study-s1-linear-algebra-f79a31b39bd88215.pdf#page=74,"九 、 设为 2 阶实方阵 , 且回 < 0 , 证明 : 必相似于对角形矩阵 。
( 本题 5 分 )
扫描全能王
3 亿人都在用的扭喵焱 pp",windows_ocr
study-s1-linear-algebra-f79a31b39bd88215-p0075-c01,study-s1-linear-algebra-f79a31b39bd88215,PDF 第 75 页 · 片段 1,75,0,892,knowledge/study/sources/year1/pdf/study-s1-linear-algebra-f79a31b39bd88215.pdf#page=75,"电光计控软件学院本科生 2016——2017 学年第一学期线性代数课程期末考试试卷(A 卷)
专业: 年级: 学号: 姓名: 成绩:
说明:AT表示矩阵A的转置矩阵,A*表示矩阵A的伴随矩阵,E是单位矩阵,O是零矩阵,
A−1表示可逆矩阵A的逆矩阵, |A|表示方阵A的行列式, , 表示向量, 的内积。 草稿区
一 .客观题:1−3 小题为判断题,在对的后面括号中填“√”,错的后面括号中填“”,
4−8 为单选题,将正确选项前的字母填在括号中. (每小题 2 分,共 16 分)。
1. 设矩阵 A与B相似,则必有
第 1页 /共 9页
A , B 同时可逆或不可逆。 ( )
2. 向量组α ,α ,...,α 中,如果α 与α 对应的分量成比例,则向量组α ,α ,...,α 中线性相关。( )
1 2 m 1 m 1 2 m
3. n阶矩阵 A是正交矩阵,它的行向量组可作 R n 空间的一组标准正交基。 ( )
4. 设A是 4 阶矩阵,且 A 的行列式| A| 0,则 A 中 ( )
(A)必有一列元素全为0 (B)必有两列元素成比例
(C)必有一列向量是其余列向量的线性组合 (D)任意列向量是其余列向量的线性组合
5. 设 n 元齐次线性方程组AX 0,若R(A) r  n,则其基础解系 ( )
(A)唯一存在 (B)共有nr个 (C)含有nr个向量 (D)含有无穷多个向量
6. 设,, 是欧式空间的标准正交基,则向量  2 3的模长为 ( )
1 2 3 1 2 3
(A)6 (B)0 (C) 6
得分
(D) 14
7. 矩阵 A,B满足:PTAP  B,其中矩阵P 是可逆矩阵。则下列命题正确的有: ( )
(1)矩阵 A与B是合同关系 (2)矩阵 A与B是等价关系
(3)矩阵 A与B的秩相同 (4)矩阵 A与B可能是相似关系
(A)1 个 (B)2 个 (C)3 个 (D)4个
8. 向量(1,2,3)T 与(2,k,6)T 正交,则k 等于 ( )
(A)-10 (B)-4 (C)4 (D)10",pdfplumber_visible_bbox
study-s1-linear-algebra-f79a31b39bd88215-p0076-c01,study-s1-linear-algebra-f79a31b39bd88215,PDF 第 76 页 · 片段 1,76,0,160,knowledge/study/sources/year1/pdf/study-s1-linear-algebra-f79a31b39bd88215.pdf#page=76,"二 、行列式计算 (第 1 小题 6 分,第 2 小题 8 分,共 14 分) 草稿区
1 1 1 2
1 1 4 1
1.计算四阶行列式
2 4 6 1
。
1 2 4 2
2. 计算
第 2页 /共 9页
n
得分
a a a x
a a x a
阶行列式 ,其中n 2。
a x a a
x a a a",pdfplumber_visible_bbox
study-s1-linear-algebra-f79a31b39bd88215-p0077-c01,study-s1-linear-algebra-f79a31b39bd88215,PDF 第 77 页 · 片段 1,77,0,118,knowledge/study/sources/year1/pdf/study-s1-linear-algebra-f79a31b39bd88215.pdf#page=77,"1 0 0 
 
三、设矩阵A 0 2 1 ,矩阵
 
 
0 1 2
 
第 3页 /共 9页
X 满足2A1X  A*X (本题 10 分) 草稿区
其中A*是矩阵 A的伴随矩阵,求矩阵 X
得分
。",pdfplumber_visible_bbox
study-s1-linear-algebra-f79a31b39bd88215-p0078-c01,study-s1-linear-algebra-f79a31b39bd88215,PDF 第 78 页 · 片段 1,78,0,167,knowledge/study/sources/year1/pdf/study-s1-linear-algebra-f79a31b39bd88215.pdf#page=78,"四、当
第 4页 /共 9页
a 得分为何值时,线性方程组: (本题 14 分) 草稿区
 x  x  x 1
1 2 3

 2x  3x a  3x  3 有唯一解,无解和有无穷多解?
1 2 3

2x a  2x a  2x  4

1 2 3
当方程组有无穷多组解时,求其通解。",pdfplumber_visible_bbox
study-s1-linear-algebra-f79a31b39bd88215-p0079-c01,study-s1-linear-algebra-f79a31b39bd88215,PDF 第 79 页 · 片段 1,79,0,260,knowledge/study/sources/year1/pdf/study-s1-linear-algebra-f79a31b39bd88215.pdf#page=79,"五、设V 是二阶实对称矩阵全体的集合对于通常矩阵的加法与数乘运算所构成的实数草稿区
1 0 0 1 0 0
域R上的线性空间,且 A = ( ),A = ( ),A = ( ) 是
1 0 0 2 1 0 3 0 1
第 5页 /共 9页
V 的一个基,试证:
2 0 0 0 0 1
B = ( ),B = ( ),B = ( ) 也是
1 0 0 2 0 3 3 1 0
V 的一个基,并求 V
得分
4 2
中向量A  
2 3
 
在基 [B ,B ,B ]下的坐标。 (本题 9 分)
1 2 3",pdfplumber_visible_bbox
study-s1-linear-algebra-f79a31b39bd88215-p0080-c01,study-s1-linear-algebra-f79a31b39bd88215,PDF 第 80 页 · 片段 1,80,0,179,knowledge/study/sources/year1/pdf/study-s1-linear-algebra-f79a31b39bd88215.pdf#page=80,"得分六、已知二次型: f(x ,x ,x ) x2  x2  x2 4x x 4x x 4x x , (本题 14 分) 草稿区
1 2 3 1 2 3 1 2 1 3 2 3
用正交变换化 f(x ,x ,x )为标准形,并求出所用的正交变换;
1 2 3
判定该二次型的是那种二次型(正定,负定,半正定,半负定,不定)。
第 6页 /共 9页",pdfplumber_visible_bbox
study-s1-linear-algebra-f79a31b39bd88215-p0081-c01,study-s1-linear-algebra-f79a31b39bd88215,PDF 第 81 页 · 片段 1,81,0,92,knowledge/study/sources/year1/pdf/study-s1-linear-algebra-f79a31b39bd88215.pdf#page=81," 1 1
七、已知(1,2,3), 1, , ,设AT,求  
 2 3
第 7页 /共 9页
A n 。 ( n  2 )
得分
(本题 9 分) 草稿区",pdfplumber_visible_bbox
study-s1-linear-algebra-f79a31b39bd88215-p0082-c01,study-s1-linear-algebra-f79a31b39bd88215,PDF 第 82 页 · 片段 1,82,0,139,knowledge/study/sources/year1/pdf/study-s1-linear-algebra-f79a31b39bd88215.pdf#page=82,"得分八、向量组,,..., (r  2)线性无关,设 ,  , ...,    ... 草稿区
1 2 r 1 1 2 1 2 r 1 2 r
证明:向量组,,..., 线性无关。 (本题 9 分)
1 2 r
第 8页 /共 9页",pdfplumber_visible_bbox
study-s1-linear-algebra-f79a31b39bd88215-p0083-c01,study-s1-linear-algebra-f79a31b39bd88215,PDF 第 83 页 · 片段 1,83,0,160,knowledge/study/sources/year1/pdf/study-s1-linear-algebra-f79a31b39bd88215.pdf#page=83,"九、设 A是
第 9页 /共 9页
n 阶矩阵,如果存在正整数 k ,使得 A k  O ( O 为 n 阶零矩阵),则草稿区
称 A是 n 阶幂零矩阵。证明:
(1)如果 A是 n 阶幂零矩阵,则矩阵 A 的特征值全为 0。
(2)如果AO是 n 阶幂零矩阵,则矩阵 A
得分
不与对角矩阵相似。 (本题 5 分)",pdfplumber_visible_bbox
study-s1-linear-algebra-f79a31b39bd88215-p0084-c01,study-s1-linear-algebra-f79a31b39bd88215,PDF 第 84 页 · 片段 1,84,0,922,knowledge/study/sources/year1/pdf/study-s1-linear-algebra-f79a31b39bd88215.pdf#page=84,"电光、计控学院本科生 2015—2016 学年第一学期线性代数课程期末考试试卷(A 卷)
专业: 年级: 学号: 姓名: 成绩:
说明:AT表示矩阵A的转置矩阵,A*表示矩阵A的伴随矩阵,E是单位矩阵,O是零矩阵,
A−1表示可逆矩阵A的逆矩阵, |A|表示方阵A的行列式, , 表示向量, 的内积。 草稿区
得分一 .客观题:1−3 小题为判断题,在对的后面括号中填“√”,错的后面括号中填“”,
4−8 为单选题,将正确选项前的字母填在括号中. (每小题 2 分,共 16 分)。
1. 对于任意 n 阶矩阵 A,B,有 AB  A  B 。 ( )
2. n 阶实对称矩阵的特征根必为实数。 ( )
3.同一线性变换在不同基底下的矩阵是合同的。 ( )
4.下列是 6 阶行列式 a 展开式中的项,且取“”号的是 ( )
ij
A. a a a a a a ; B. a a a a a a ;
11 26 33 4·2 54 65 21 53 16 42 65 34
C. a a a a a a ; D.a a a a a a
51 32 13 44 25 66 15 23 32 44 51 66
5.设 A,B,C 是同阶可逆方阵,下面各等式中正确的是 ( )
A. ABC = CBA B. ABC  A B C
C.  ABC T  ATBTCT D.  ABC 1  A1B1C1
6. 设有实二次型 f(x ,x ,x )= x2  x2,则二次型 f 为( )二次型。
1 2 3 2 3
A.正定 B.负定
C.不定 D.半正定
7. 设 3 阶矩阵 A 有特征值 0,1,2,其对应的特征向量分别为,, ,令P  2 ,则P1AP( )
1 2 3 3 1 2
A. diag{2, 1, 0} B. diag{2, 0, 1} C. diag{0, 1, 4} D. diag{2, 0, 2}
8.设 n 阶矩阵 A 满足A2 0,E是 n 阶单位矩阵,则 ( )
A. E A  0,但E A 0 B. E A 0,但 E A 0
",pdfplumber_visible_bbox
study-s1-linear-algebra-f79a31b39bd88215-p0084-c02,study-s1-linear-algebra-f79a31b39bd88215,PDF 第 84 页 · 片段 2,84,822,967,knowledge/study/sources/year1/pdf/study-s1-linear-algebra-f79a31b39bd88215.pdf#page=84,", 1, 4} D. diag{2, 0, 2}
8.设 n 阶矩阵 A 满足A2 0,E是 n 阶单位矩阵,则 ( )
A. E A  0,但E A 0 B. E A 0,但 E A 0
C. E A 0,且 E A 0 D. E A 0 且 E A 0
第 1 页,共 9 页",pdfplumber_visible_bbox
study-s1-linear-algebra-f79a31b39bd88215-p0085-c01,study-s1-linear-algebra-f79a31b39bd88215,PDF 第 85 页 · 片段 1,85,0,192,knowledge/study/sources/year1/pdf/study-s1-linear-algebra-f79a31b39bd88215.pdf#page=85,"得分二 、行列式计算 (第 1 小题 6 分,第 2 小题 8 分,共 14 分) 草稿区
x y x y
1.计算行列式 y x y x 的值
x y x y
a 1 0 0 0 a  2
0 a  5 0 a  6 0
2. 计算行列式 0 0 a  9 0 0 的值
0 a  7 0 a  8 0
a  3 0 0 0 a  4
第 2 页,共 9 页",pdfplumber_visible_bbox
study-s1-linear-algebra-f79a31b39bd88215-p0086-c01,study-s1-linear-algebra-f79a31b39bd88215,PDF 第 86 页 · 片段 1,86,0,72,knowledge/study/sources/year1/pdf/study-s1-linear-algebra-f79a31b39bd88215.pdf#page=86,"得分 0 1 2
三、设 A 1 1 4 ,判断 A 是否可逆,若可逆,求A 1 (本题 10 分) 草稿区
2 1 0
第 3 页,共 9 页",pdfplumber_visible_bbox
study-s1-linear-algebra-f79a31b39bd88215-p0087-c01,study-s1-linear-algebra-f79a31b39bd88215,PDF 第 87 页 · 片段 1,87,0,122,knowledge/study/sources/year1/pdf/study-s1-linear-algebra-f79a31b39bd88215.pdf#page=87,"得分 x x 1
1 2
x x 1
四、对于线性方程组: 1 3 (本题 14 分) 草稿区
x ax x b
1 2 3
(1)当 a,b 取何值时,无解,有唯一解,有无穷多解?
(2)当方程组有无穷多解时求其通解。
第 4 页,共 9 页",pdfplumber_visible_bbox
study-s1-linear-algebra-f79a31b39bd88215-p0088-c01,study-s1-linear-algebra-f79a31b39bd88215,PDF 第 88 页 · 片段 1,88,0,196,knowledge/study/sources/year1/pdf/study-s1-linear-algebra-f79a31b39bd88215.pdf#page=88,"得分 1 1
  , 
五、在线性空间 R2 中,给定一组基底: 1 

0 

2 

1 

(本题 9 分) 草稿区
x   x 
 1  2
在R2中定义变换 σ:    
x x x
   
2 1 2
(1) 证明:变换 σ 为线性变换。
(2) 求 σ 在基底 , 下的矩阵 A。
1 2
第 5 页,共 9 页",pdfplumber_visible_bbox
study-s1-linear-algebra-f79a31b39bd88215-p0089-c01,study-s1-linear-algebra-f79a31b39bd88215,PDF 第 89 页 · 片段 1,89,0,165,knowledge/study/sources/year1/pdf/study-s1-linear-algebra-f79a31b39bd88215.pdf#page=89,"得分六、已知二次型: f(x ,x ,x ) 2x2 3x2 3x2 2x x (本题 14 分) 草稿区
1 2 3 1 2 3 2 3
用正交变换 X=PY 化 f(x ,x ,x )为标准形,并求出其正交变换矩阵 P;
1 2 3
同时说明该二次型的类型(正定、负定、半正定、半负定、不定)。
第 6 页,共 9 页",pdfplumber_visible_bbox
study-s1-linear-algebra-f79a31b39bd88215-p0090-c01,study-s1-linear-algebra-f79a31b39bd88215,PDF 第 90 页 · 片段 1,90,0,95,knowledge/study/sources/year1/pdf/study-s1-linear-algebra-f79a31b39bd88215.pdf#page=90,"得分七、设
1
,
2
, ,
s
是齐次方程组AX 0的一个基础解系, 不是AX 0的解, (本题 9 分) 草稿区
证明: , , , , 线性无关.
1 2 s
第 7 页,共 9 页",pdfplumber_visible_bbox
study-s1-linear-algebra-f79a31b39bd88215-p0091-c01,study-s1-linear-algebra-f79a31b39bd88215,PDF 第 91 页 · 片段 1,91,0,94,knowledge/study/sources/year1/pdf/study-s1-linear-algebra-f79a31b39bd88215.pdf#page=91,"得分
O A
o
八、设 A 和 C 都是 n 阶可逆矩阵,M    , 为零矩阵,D 为 n 阶矩阵 (本题 9 分) 草稿区
C D
 
求M1
第 8 页,共 9 页",pdfplumber_visible_bbox
study-s1-linear-algebra-f79a31b39bd88215-p0092-c01,study-s1-linear-algebra-f79a31b39bd88215,PDF 第 92 页 · 片段 1,92,0,87,knowledge/study/sources/year1/pdf/study-s1-linear-algebra-f79a31b39bd88215.pdf#page=92,"得分九、 n 阶矩阵 A满足 A2  A2E 0。 (本题 5 分) 草稿区
证明 (1) A的特征值为1和2。
(2) A与对角形矩阵相似。
第 9 页,共 9 页",pdfplumber_visible_bbox
study-s1-linear-algebra-f79a31b39bd88215-p0093-c01,study-s1-linear-algebra-f79a31b39bd88215,PDF 第 93 页 · 片段 1,93,0,920,knowledge/study/sources/year1/pdf/study-s1-linear-algebra-f79a31b39bd88215.pdf#page=93,"电光计控学院本科生 2014—2015 学年第一学期线性代数课程期末考试试卷(A 卷)
专业: 年级: 学号: 姓名: 成绩:
说明:AT表示矩阵A的转置矩阵,A*表示矩阵A的伴随矩阵,E是单位矩阵,O是零矩阵,
A−1表示可逆矩阵A的逆矩阵, |A|表示方阵A的行列式, 〈α, β〉表示向量α, β的内积。
一 .客观题:1−3 小题为判断题,在对的后面括号中填“√”,错的后面括号中填“×”,
4−8 为单选题,将正确选项前的字母填在括号中. (每小题 2 分,共 16 分)。
( )−1 −1
1. 若 n 阶矩阵 A可逆,则其伴随矩阵A*满足 A* = A A。 ( )
2. 若非齐次线性方程组AX = b(b ≠ 0)有解,则它的解集合构成一个线性空间。 ( )
3. 若 T 是欧氏空间V 中的一个正交变换,V 中向量α,α,α 线性相关,则必有
1 2 3
Tα,Tα,Tα 线性相关。 ( )
1 2 3
4. Rn(n>10)中一组非全零向量α,α,α 线性相关,则α,α,α 生成的子空间的维数为
1 2 3 1 2 3
( )
(A)0或1或2或3. (B)0或1或2 (C)1或2. (D)1或2或3
5. n阶方阵A具有n个线性无关的特征向量是A与对角矩阵相似的 ( ) 条件。
(A)充分 (B) 必要 (C) 充分必要 (D) 既不充分也不必要
6. 设 n 阶矩阵A与B相似,则 ( )
(A) A−λE = B −λE ; (B)A与B有相同的特征值和特征向量;
(C)A与B都相似于一个对角阵; (D)对任意实数t ,A− tE 与B − tE 相似。
7. 若方阵 A 不可逆,则A的列向量中 ( )
n×n
(A)必有一个向量为零向量; (B) 必有二个向量对应分量成比例;
(C) 必有一个向量是其余向量的线性组合;(D) 任一列向量是其余列向量的线性组合。
1  0 
   
8. 设齐次线性方程组AX = 0的通解为X = c 0 + c 1 ,则系数矩阵A为 ( )
1  2 
   
2 −1
   
2 0 −1 −1 0 2 
",pdfplumber_visible_bbox
study-s1-linear-algebra-f79a31b39bd88215-p0093-c02,study-s1-linear-algebra-f79a31b39bd88215,PDF 第 93 页 · 片段 2,93,820,1082,knowledge/study/sources/year1/pdf/study-s1-linear-algebra-f79a31b39bd88215.pdf#page=93,"
8. 设齐次线性方程组AX = 0的通解为X = c 0 + c 1 ,则系数矩阵A为 ( )
1  2 
   
2 −1
   
2 0 −1 −1 0 2 
(A)(−2 1 1) (B) (C) (D) (−2 −1 1)
   
0 1 1 0 1 −1
   
二 、行列式计算 (第 1 小题 6 分,第 2 小题 8 分,共 14 分)
a 0 0 b
1 1
0 a b 0
2 2
1.计算四阶行列式 0 b a 0 .
3 3
b 0 0 a
4 4",pdfplumber_visible_bbox
study-s1-linear-algebra-f79a31b39bd88215-p0094-c01,study-s1-linear-algebra-f79a31b39bd88215,PDF 第 94 页 · 片段 1,94,0,932,knowledge/study/sources/year1/pdf/study-s1-linear-algebra-f79a31b39bd88215.pdf#page=94,"a +1 a  a a
1 2 n−1 n
a a + 2  a a
1 2 n−1 n
2. 计算n阶行列式d =      ,其中n> 2。
n
a a  a + n−1 a
1 2 n−1 n
a a  a a + n
1 2 n−1 n
三、设n阶方阵A和B满足AB = A+ B,E 为n阶单位矩阵。 (本题 10 分)
3 5 0
 
(1) 证明A− E是可逆矩阵; (2) 若A= 1 2 0 ,求B。
 
 
0 0 2
 
x + x + x + x = 0,
1 2 3 4

x + 2x + 2x =1,
四、对于线性方程组:

2 3 4 ,a,b为何值时,方程组无解、有唯
−x +(a − 3)x − 2x = b,

2 3 4

3x + 2x + x + ax = −1

1 2 3 4
一解和有无穷多组解?并对方程组有无穷多组解的情形,求其通解。 (本题 14 分)
五、设 R4中的一个基e ,e ,e ,e 依次为以下 4 个向量: (本题 10 分)
1 2 3 4
1 0 0 0 2 0 0 0
               
0 1 0 0 1 3 0 0
               
α = α = α = α =
0,0,1,0,又 1 0, 2 1, 3 2 , 4 1
               
0 0 0 1 0 0 1 3
               
是R4的另一个基。
1)求由基 e , e , e , e 到基α ,α ,α ,α 的过渡矩阵;
1 2 3 4 1 2 3 4
( )T
2)求向量 x ,x ,x ,x 在后一组基下的坐标。
1 2 3 4
六、已知二次型: f(x ,x ,x ,x )= 2x x + 2x x , 用正交变换化 f(x ,x ,x ,x )为标
1 2 3 4 1 2 3 4 1 2 3 4
",pdfplumber_visible_bbox
study-s1-linear-algebra-f79a31b39bd88215-p0094-c02,study-s1-linear-algebra-f79a31b39bd88215,PDF 第 94 页 · 片段 2,94,832,1096,knowledge/study/sources/year1/pdf/study-s1-linear-algebra-f79a31b39bd88215.pdf#page=94,"的坐标。
1 2 3 4
六、已知二次型: f(x ,x ,x ,x )= 2x x + 2x x , 用正交变换化 f(x ,x ,x ,x )为标
1 2 3 4 1 2 3 4 1 2 3 4
准形,并求出所用的正交变换; 再求出该二次型的符号差。(本题 14 分)
七、已知α +α,α +α,α +α,α +α,α +α线性无关,
1 2 2 3 3 4 4 5 5 1
证明α,α,α,α,α线性无关。 (本题 9 分)
1 2 3 4 5
八、n维欧氏空间V ,α,α,,α 是V 内的一个向量组,令
1 2 n",pdfplumber_visible_bbox
study-s1-linear-algebra-f79a31b39bd88215-p0095-c01,study-s1-linear-algebra-f79a31b39bd88215,PDF 第 95 页 · 片段 1,95,0,225,knowledge/study/sources/year1/pdf/study-s1-linear-algebra-f79a31b39bd88215.pdf#page=95,"α,α α,α  α,α
1 1 1 2 1 n
α,α α,α  α,α
D = 2 1 2 2 2 n ,
   
α ,α α ,α  α ,α
n 1 n 2 n n
证明:若α,α,,α 线性无关,则D ≠ 0。 (本题 9 分)
1 2 n
九 、 自然数 m,n 满足 m > n> 0 。 A 为 m×n 矩阵 , B 为 n×m 矩阵 , 且
秩(A)= 秩(B)= n, 证明:秩(AB)= n。 (本题 4 分)",pdfplumber_visible_bbox
study-s1-linear-algebra-f79a31b39bd88215-p0096-c01,study-s1-linear-algebra-f79a31b39bd88215,PDF 第 96 页 · 片段 1,96,0,732,knowledge/study/sources/year1/pdf/study-s1-linear-algebra-f79a31b39bd88215.pdf#page=96,"电光计控学院本科生 2013——2014 学年第一学期线性代数课程期末考试试卷(A 卷)
专业: 年级: 学号: 姓名: 成绩:
说明:AT表示矩阵A的转置矩阵,A*表示矩阵 A的伴随矩阵,E是单位矩阵,O是零矩阵,
A−1表示可逆矩阵 A的逆矩阵, |A|表示方阵 A的行列式, , 表示向量, 的内积。
得分一 .客观题:1−3 小题为判断题,在对的后面括号中填“√”,错的后面括号中填“”,
4−8 为单选题,将正确选项前的字母填在括号中. (每小题 2 分,共 16 分)。
1. 所有n(n>2)阶反对称矩阵关于矩阵的线性运算构成的线性空间的维数为n(n+1)/2。 ( )
2. 若 n 阶矩阵 A可逆,则其伴随矩阵A*也可逆。 ( )
3. 设Rn中向量组,,线性无关,k ,k ,k 为不全为零的实数,则
1 2 s 1 2 s
线性组合k k k  O 。 ( )
1 1 2 2 s s
4. 设, 是 5 元齐次线性方程组 Ax O的基础解系,则矩阵 A的秩R(A)= ( )
1 2
(A) 1 (B) 2 (C) 3 (D) 4
5. n 阶方阵 A具有n 个不同的特征值是 A与对角阵相似的 ( )
(A)充分必要条件 (B)充分而非必要条件
(C)必要而非充分条件 (D)既非充分也非必要条件
6. 设  (1,1,0,0),  (0,0,1,1),  (1,0,1,0),  (1,1,1,1),则它的极大无关组可以是 ( )
1 2 3 4
(A), (B), ,
1 2 1 2 3
(C), , (D), , ,
1 2 4 1 2 3 4",pdfplumber_visible_bbox
study-s1-linear-algebra-f79a31b39bd88215-p0097-c01,study-s1-linear-algebra-f79a31b39bd88215,PDF 第 97 页 · 片段 1,97,0,405,knowledge/study/sources/year1/pdf/study-s1-linear-algebra-f79a31b39bd88215.pdf#page=97,"7. 设 A是n 阶方阵, x , x 均为线性方程组 Ax 的解,且 x  x ,则 A = ( )
1 2 1 2
(A) 0 (B) 1 (C) xTx (D) A 依赖于是否为零向量。
1 2
0 0 1 1 0 0
   
8. 设矩阵 A 0 2 0 ,P  0 0 1 ,B  AP,则 B =( )
   
   
3 0 0 0 1 0
   
(A) -1 (B) 6 (C) -6 (D) 1
第 1 页,共 9 页
得分二 、行列式计算 (第 1 小题 6 分,第 2 小题 8 分,共 14 分)
1 1 1 0
1 1 0 1
D 
1.计算行列式的值。
1 0 1 1
0 1 1 1
1 1 1  1
1 2 2  2
2. 计算 n 阶行列式 1 2 3  3 (n 2)
    
1 2 3  n",pdfplumber_visible_bbox
study-s1-linear-algebra-f79a31b39bd88215-p0098-c01,study-s1-linear-algebra-f79a31b39bd88215,PDF 第 98 页 · 片段 1,98,0,475,knowledge/study/sources/year1/pdf/study-s1-linear-algebra-f79a31b39bd88215.pdf#page=98,"得分三、矩阵 X,A,B 满足 AX  3X  B,其中 (本题 8 分)
3 0 1  1 1 1 
   
A 0 5 0 ,B  2 2 2 ,求矩阵 X 。
   
   
3 0 3 3 6 9
   
得分四、当 a 取何值时,线性方程组: (本题 14 分)
x 4x  x 1

1 2 3
ax  3x  3 无解,有惟一解,有无穷多解?
2 3
x  3x (a 1)x  0

1 2 3
并在方程组有无穷多解时求其通解。
得分五、设R2中的两组基分别为: (本题 12 分)
 2  1 1 1
  ,  和   ,  ,
       
1 1 2 0 1 0 2 1
       
3 0
已知线性变换在基, 下的矩阵为 。
 
1 2 0 2
 
1)求由基, 到基, 的过渡矩阵 M;
1 2 1 2
2)求在基, 下的矩阵。
1 2",pdfplumber_visible_bbox
study-s1-linear-algebra-f79a31b39bd88215-p0099-c01,study-s1-linear-algebra-f79a31b39bd88215,PDF 第 99 页 · 片段 1,99,0,490,knowledge/study/sources/year1/pdf/study-s1-linear-algebra-f79a31b39bd88215.pdf#page=99,"得分六、已知二次型: f (x ,x ,x ) x2  x2  x2  2x x  2x x  2x x (本题 14 分)
1 2 3 1 2 3 1 2 1 3 2 3
求一个正交变换 X  PY ,把 f 化为标准形,并写出该标准型;
指出该二次型的类型(正定、负定、半正定、半负定、不定)。
得分七、已知非零向量, ,向量组   ,   ,  3 
1 2 1 1 2 2 1 2 3 1 2
(1)证明, , 线性相关;
1 2 3
(2)找到一组不全为零的实数k ,k ,k 使k   k   k   O成立。
1 2 3 1 1 2 2 3 3
(本题 10 分)
E E  B 
得分
八、A,B 均为 n 阶方阵,E 为 n 阶单位矩阵,矩阵M 
 
,
A E  A AB
 
求矩阵 M 的逆矩阵。 (本题 8 分)
得分九、设 A 是 n 阶实对称矩阵,t 是一个正实数,证明:当 t 充分大时,tE+A 是正定矩阵。
(其中 E 是 n 阶单位矩阵) (本题 4 分)",pdfplumber_visible_bbox
study-s1-linear-algebra-f79a31b39bd88215-p0100-c01,study-s1-linear-algebra-f79a31b39bd88215,PDF 第 100 页 · 片段 1,100,0,934,knowledge/study/sources/year1/pdf/study-s1-linear-algebra-f79a31b39bd88215.pdf#page=100,"信息学院本科生 2012——2013 学年第一学期线性代数课程期末考试试卷(A 卷)
专业: 年级: 学号: 姓名: 成绩:
说明:AT表示矩阵A的转置矩阵,A*表示矩阵A的伴随矩阵,E是单位矩阵,O是零矩阵,
A−1表示可逆矩阵A的逆矩阵, |A|表示方阵A的行列式, α, β表示向量α, β的内积。 草稿区
得分一 .客观题:1−3 小题为判断题,在对的后面括号中填“√”,错的后面括号中填“×”,
4−8 为单选题,将正确选项前的字母填在括号中. (每小题 2 分,共 16 分)。
1. 若两个n 维非零列向量α与β正交,则它们线性无关。 ( )
2. n 阶矩阵 A满足A2 − 3A−=2E O,其中 E为 n 阶单位矩阵,则 A不可逆。 ( )
3. 若 T 为线性空间 V中的正交变换,α,α,α ( m>1)为 V中一个
1 2 m
正交向量组,则Tα,Tα ,Tα 一定是一个正交向量组。 ( )
1 2 m
4. 下列行列式的值可能不为 0 的是 ( )
(A)行列式 D 中有两列对应元素之和都为 0 (B)行列式 D 中某行元素全为 0
(C)行列式 D 中有两行含有相同的公因子 (D)行列式 D 中有一行与另一行元素对应成比例
5. 如果一个非齐次方程组有解,则有惟一解的充要条件是它的导出组 ( )
(A)有解 (B) 无解 (C) 只有零解 (D) 有非零解
6. 设 n 阶矩阵 A,B 和 C,则下列说法正确的是 ( )
(A) AB = AC ,则B = C (B) AB = O,则 A = 0 或 B = 0
(C) (AB)T = ATBT (D) (A−=+−B)(A B) A2 B2
1
7. 设λ= 是可逆矩阵 A的一个特征值,则矩阵
(
3A2)−1
有一个特征值等于 ( )
2
4 3 1 1
(A) (B) (C) (D)
3 4 2 4
8. 设 A,B 为 n 阶方阵,A*,B*分别为 A,B 对应的伴随矩阵,分块矩阵
 A O
C =  , 则 C 的伴随矩阵 C*等于 ( )
O B
 A B* O   B A* O   A A* O   B B* O 
",pdfplumber_visible_bbox
study-s1-linear-algebra-f79a31b39bd88215-p0100-c02,study-s1-linear-algebra-f79a31b39bd88215,PDF 第 100 页 · 片段 2,100,834,1020,knowledge/study/sources/year1/pdf/study-s1-linear-algebra-f79a31b39bd88215.pdf#page=100,"B 对应的伴随矩阵,分块矩阵
 A O
C =  , 则 C 的伴随矩阵 C*等于 ( )
O B
 A B* O   B A* O   A A* O   B B* O 
(A)  (B)   (C)   (D)  
 O B A*   O A B*   O B B*   O A A* 
第 1 页,共 9 页",pdfplumber_visible_bbox
study-s1-linear-algebra-f79a31b39bd88215-p0101-c01,study-s1-linear-algebra-f79a31b39bd88215,PDF 第 101 页 · 片段 1,101,0,235,knowledge/study/sources/year1/pdf/study-s1-linear-algebra-f79a31b39bd88215.pdf#page=101,"得分二 、行列式计算 (第 1 小题 6 分,第 2 小题 8 分,共 14 分) 草稿区
3 1 −1 2
−5 0 3 −1
1.计算四阶行列式 .
4 1 1 3
1 −3 3 −1
1+ a 1 1  1 1
1
1 1+ a 1  1 1
2
1 1 1+ a  1 1
2. 计算 n 阶行列式 3 a ≠=0 i 1,2n.
      i
1 1 1  1+ a 1
n−1
1 1 1  1 1+ a
n
第 2 页,共 9 页",pdfplumber_visible_bbox
study-s1-linear-algebra-f79a31b39bd88215-p0102-c01,study-s1-linear-algebra-f79a31b39bd88215,PDF 第 102 页 · 片段 1,102,0,153,knowledge/study/sources/year1/pdf/study-s1-linear-algebra-f79a31b39bd88215.pdf#page=102,"得分三、求矩阵 X,使下式成立: (本题 8 分) 草稿区
0 1 0 1 0 1 1 2 3
     
1 0 0 X 0 1 0 = 4 5 6
     
     
0 0 1 0 0 1 7 8 9
     
第 3 页,共 9 页",pdfplumber_visible_bbox
study-s1-linear-algebra-f79a31b39bd88215-p0103-c01,study-s1-linear-algebra-f79a31b39bd88215,PDF 第 103 页 · 片段 1,103,0,164,knowledge/study/sources/year1/pdf/study-s1-linear-algebra-f79a31b39bd88215.pdf#page=103,"得分四、对于线性方程组: (本题 13 分) 草稿区
 λx + x + x =−λ 3

1 2 3
x +λx + x−= 2 ,λ为何值时,方程组无解、有惟一解和有无穷多解?
1 2 3
x + x +λx−= 2

1 2 3
并在方程组有无穷多解时,试用其导出组的基础解系表示全部解。
第 4 页,共 9 页",pdfplumber_visible_bbox
study-s1-linear-algebra-f79a31b39bd88215-p0104-c01,study-s1-linear-algebra-f79a31b39bd88215,PDF 第 104 页 · 片段 1,104,0,210,knowledge/study/sources/year1/pdf/study-s1-linear-algebra-f79a31b39bd88215.pdf#page=104,"得分五、已知三维向量空间R3的两组基: (本题 12 分) 草稿区
I: α = (1,0,0)T ,α = (0,1,0)T,α = (0,0,1)T;
1 2 3
II: β =−(3, 5,4)T ,β =−(2, 1,2)T ,β =−( 2,5−, 3)T;
1 2 3
1)求由基α,α ,α 到基β,β ,β 的过渡矩阵;
1 2 3 1 2 3
2)求在两组基下有相同坐标的向量。
第 5 页,共 9 页",pdfplumber_visible_bbox
study-s1-linear-algebra-f79a31b39bd88215-p0105-c01,study-s1-linear-algebra-f79a31b39bd88215,PDF 第 105 页 · 片段 1,105,0,184,knowledge/study/sources/year1/pdf/study-s1-linear-algebra-f79a31b39bd88215.pdf#page=105,"得分六、已知二次型: f (x ,x ,x )= 2x2 + 5x2 + 5x2 + 4−x x 4−x x 8x x (本题 15 分) 草稿区
1 2 3 1 2 3 1 2 1 3 2 3
用正交变换化 f (x ,x ,x )为标准形,并求出其正交变换矩阵 P;
1 2 3
同时说明该二次型的类型(正定、负定、半正定、半负定、不定)。
第 6 页,共 9 页",pdfplumber_visible_bbox
study-s1-linear-algebra-f79a31b39bd88215-p0106-c01,study-s1-linear-algebra-f79a31b39bd88215,PDF 第 106 页 · 片段 1,106,0,88,knowledge/study/sources/year1/pdf/study-s1-linear-algebra-f79a31b39bd88215.pdf#page=106,"得分七、设 A 是 n 阶方阵,且AAT = E , A =− 1,证明 A+ E = 0 (本题 9 分) 草稿区
(其中 E 是 n 阶单位矩阵)。
第 7 页,共 9 页",pdfplumber_visible_bbox
study-s1-linear-algebra-f79a31b39bd88215-p0107-c01,study-s1-linear-algebra-f79a31b39bd88215,PDF 第 107 页 · 片段 1,107,0,137,knowledge/study/sources/year1/pdf/study-s1-linear-algebra-f79a31b39bd88215.pdf#page=107,"得分八、设X *是非齐次线性方程组AX =≠β(β O)的一个解, X ,X ,,X 是它导出组的草稿区
1 2 n−r
基础解系,证明:X * ,X * − X ,X * − X ,,X * − X 线性无关。 (本题 9 分)
1 2 n−r
第 8 页,共 9 页",pdfplumber_visible_bbox
study-s1-linear-algebra-f79a31b39bd88215-p0108-c01,study-s1-linear-algebra-f79a31b39bd88215,PDF 第 108 页 · 片段 1,108,0,96,knowledge/study/sources/year1/pdf/study-s1-linear-algebra-f79a31b39bd88215.pdf#page=108,"得分九、设 A 是m×n的实矩阵,已知矩阵B =λE + ATA,其中 E 是 n 阶单位矩阵, 草稿区
证明: 当λ> 0时,矩阵 B 为正定矩阵。 (本题 4 分)
第 9 页,共 9 页",pdfplumber_visible_bbox
study-s1-linear-algebra-f79a31b39bd88215-p0109-c01,study-s1-linear-algebra-f79a31b39bd88215,PDF 第 109 页 · 片段 1,109,0,945,knowledge/study/sources/year1/pdf/study-s1-linear-algebra-f79a31b39bd88215.pdf#page=109,"信息学院本科生 2011——2012 学年第一学期线性代数课程期末考试试卷(A 卷)
专业: 年级: 学号: 姓名: 成绩:
说明:AT表示矩阵A的转置矩阵,A*表示矩阵A的伴随矩阵,E是单位矩阵,O是零矩阵,
A−1表示可逆矩阵A的逆矩阵, |A|表示方阵A的行列式, , 表示向量, 的内积。
得分一 .客观题:1−3 小题为判断题,在对的后面括号中填“√”,错的后面括号中填“”,
4−8 为单选题,将正确选项前的字母填在括号中. (每小题 2 分,共 16 分)。
1. 若矩阵A与B相似,则A等价于B. ( )
2. 设 A是mn 矩阵,m<n,且秩 R(A)=m,则齐次方程组 AX= O 只有零解. ( )
3. 在欧氏空间中只有零向量的模长为 0. ( )
a a a a a a  a
11 12  m 13 11  n 11 12 13
4. 设行列式 , ,则行列式等于 ( )
a a a a a a  a
21 22 23 21 21 22 23
(A) m+n (B) -(m+n) (C) m-n (D) n-m
B  CT AC
5. 设 A为 n 阶方阵,C 是 n 阶正交矩阵,且 ,则下列结论不成立的是( )
(A)A与 B 相似 (B)A与 B 等价
(C)A与 B 有相同的特征值 (D)A与 B 有相同的特征向量
a b 
6. 设矩阵 A   其中 a  b  0 且 a 2  b 2  1 ,则 A为 ( )
b a
 
(A)初等矩阵 (B) 正交矩阵 (C) 正定矩阵 (D) 负定矩阵
7. 对于 n 阶矩阵 A,以下哪个条件不能得出“A与对角形矩阵相似”的结论 ( )
(A)A有 n 个互异的特征值 (B)A有 n 个线性无关的特征向量
(C)A是实对称矩阵 (D)A的秩为 1
8. n 阶矩阵 A,B,C 满足 ABC=E,E 为 n 阶单位矩阵,则 B 的逆矩阵等于 ( )
(A)
A1C1 (B)C1A1
(C)
C A
(D)
AC
得分二 、行列式计算(第 1 题 6 分,第 2 题 8 分,共 14 分)
x  a b c d
a x  b c d
",pdfplumber_visible_bbox
study-s1-linear-algebra-f79a31b39bd88215-p0109-c02,study-s1-linear-algebra-f79a31b39bd88215,PDF 第 109 页 · 片段 2,109,845,1073,knowledge/study/sources/year1/pdf/study-s1-linear-algebra-f79a31b39bd88215.pdf#page=109,"
(A)
A1C1 (B)C1A1
(C)
C A
(D)
AC
得分二 、行列式计算(第 1 题 6 分,第 2 题 8 分,共 14 分)
x  a b c d
a x  b c d
1.计算四阶行列式 .
a b x  c d
a b c x  d
1 1 1  1 1
1 2 1  1 1
1 1 3  1 1
2. 计算 n(n>2)阶行列式 .
     
1 1 1  n1 1
1 1 1  1 n",pdfplumber_visible_bbox
study-s1-linear-algebra-f79a31b39bd88215-p0110-c01,study-s1-linear-algebra-f79a31b39bd88215,PDF 第 110 页 · 片段 1,110,0,893,knowledge/study/sources/year1/pdf/study-s1-linear-algebra-f79a31b39bd88215.pdf#page=110,"得分三、求矩阵 X,使下式成立:
1 1 1 1 1 2 3 4
   
0 1 1 1 0 1 2 3
  X    (本题 8 分)
0 0 1 1 0 0 1 2
   
0 0 0 1 0 0 0 1
   
得分四、为何值时,方程组:
x  x  x 1

1 2 3
2x x  2x  2 有惟一解,无解或有无穷多解?
1 2 3
5x ( 3)x ( 2)x  6

1 2 3
并在有无穷多解时求出方程组的通解. (本题 13 分)
得分五、已知三维向量空间R3的一个基:, , ; (本题 12 分)
1 2 3
设  2  3  3 ,  2   2,   5  3.
1 1 2 3 2 1 2 3 3 1 2 3
1) 证明, , 也是R3的一个基;
1 2 3
2)求由基, , 到基, , 的过渡矩阵;
1 2 3 1 2 3
3)若向量在基, , 下的坐标为(1,-2,0),求在基, , 下的坐标.
1 2 3 1 2 3
得分六、求一个正交变换 X=PY, 将下列二次型化成标准型 (本题 15 分)
f (x ,x ,x ) 3x2  3x2  2x2  2x x ;
1 2 3 1 2 3 1 2
并求出该二次型的秩,同时说明该二次型的类型(正定、负定、半正定、半负定、不定).
得分七、设 A,B,C,D 均为 n 阶方阵,A 是可逆矩阵,且有 A B= BA,证明:
A C
 AD BC .
B D
(本题 10 分)
得分八、设X *是非齐次线性方程组 AX  b的一个解,X ,X ,,X 是它导出组的
1 2 nr
基础解系,证明:X * ,X ,X ,,X 线性无关。 (本题 8 分)
1 2 nr
得分九、已知存在 n 阶非零实矩阵 C,使得矩阵A CTC ,证明 A E 1
其中 E 为 n 阶单位矩阵。 (本题 4 分)",pdfplumber_visible_bbox
study-s1-linear-algebra-f79a31b39bd88215-p0111-c01,study-s1-linear-algebra-f79a31b39bd88215,PDF 第 111 页 · 片段 1,111,0,927,knowledge/study/sources/year1/pdf/study-s1-linear-algebra-f79a31b39bd88215.pdf#page=111,"信息学院本科生 2010-2011 学年第一学期
线性代数课程期末考试试卷(A 卷)
专业: 年级: 学号: 姓名: 成绩:
说明:AT表示矩阵 A 的转置矩阵,A*表示矩阵 A 的伴随矩阵,E 是单位矩阵,O 是零矩
阵, A−1表示可逆矩阵A的逆矩阵, |A|表示方阵A的行列式, , 表示向量, 的内积.
一.客观题:1−3 小题为判断题,在对的后面括号中填“√”,错的后面
括号中填“”,4−8 为单选题,将正确选项前的字母填在括号中. (每小
题 2 分,共 16 分)
1. n阶实对称矩阵的特征根必为实数. ( )
2. 若矩阵A,B具有相同的秩,则AX= 0 与BX= 0是同解方程组. ( )
3. 非齐次线性方程组 AX ( 0)的全部解构成线性空间Rn的一个
子空间. ( )
4. 在下列构成 6 阶行列式展开式的各项中,取“”的有 ( )
A. a a a a a a B. a a a a a a
15 23 32 44 51 66 11 26 32 24 53 65
C. a a a a a a D. a a a a a a
21 53 16 42 65 34 51 32 13 44 25 66
5. 设,是相互正交的 n 维实向量,则下列式中错误的是 ( )
2 2 2
A.  =   B.   
2 2 2
C.  =   D.    
6. 设 
1,1,1T
, 
2,0,1T
是齐次线性方程组 AX = 0 的基础解系,
1 2
则矩阵 A 可能是: ( )
1 1 2
 
2 3 1
A. 0 1 1 B. C.1 1 2 D.以上都不对
   
3 1 1
   
2 3 5
 
7. 设 n 阶方阵 A 与 B 等价,则必有: ( )
A. A  B B. A  B
C. 若 A  0,则有 B  0 D. A   B
8. 设 A 为 n 阶方阵,AB = 0,且矩阵 B ≠ 0,则必有: ( )
A.A 的列向量组线性无关 B.A=0
",pdfplumber_visible_bbox
study-s1-linear-algebra-f79a31b39bd88215-p0111-c02,study-s1-linear-algebra-f79a31b39bd88215,PDF 第 111 页 · 片段 2,111,827,963,knowledge/study/sources/year1/pdf/study-s1-linear-algebra-f79a31b39bd88215.pdf#page=111,". A  B
C. 若 A  0,则有 B  0 D. A   B
8. 设 A 为 n 阶方阵,AB = 0,且矩阵 B ≠ 0,则必有: ( )
A.A 的列向量组线性无关 B.A=0
C.A 的列向量组线性相关 D.A 的行向量组线性无关
第1页, 共3页",pdfplumber_visible_bbox
study-s1-linear-algebra-f79a31b39bd88215-p0112-c01,study-s1-linear-algebra-f79a31b39bd88215,PDF 第 112 页 · 片段 1,112,0,752,knowledge/study/sources/year1/pdf/study-s1-linear-algebra-f79a31b39bd88215.pdf#page=112,"二、行列式计算(第 1 题 6 分,第 2 题 8 分,共 14 分)
2 3 1 0
3 2 1 2
1.计算四阶行列式 .
1 1 0 2
4 5 2 3
1 2  n2 n1 n
2 3  n1 n n
3 4  n n n
2. 计算 n(n>2)阶行列式
     
n1 n n n n n
n n n n n n
0 1 0 1 0 0 1 4 3 
     
三、 设矩阵 X 满足 1 0 0 X 0 0 1  2 0 1 .
     
     
0 0 1 0 1 0 1 2 0
     
求矩阵 X. (本题 8 分)
1 2 1  x  1
1
    
四、 线性方程组 2 3  2 x  3 ,问:(本题 13 分)
  2  
    
1  2 x 0
    
3
(1) 当取何值时,方程组无解,有解?
(2) 当方程组有无穷多组解时,求方程组的通解。
五、 已知线性空间R3的基, , 到基, , 的过渡矩阵为P ,
1 2 3 1 2 3
且
1 0 1 2 2 1 
       
  0 ,  1 ,  2 ; P  3 2 2 .
1   2   3    
       
1 0 2 4 3 0
       
试求:(1) 基, , ;
1 2 3
(2) 在基 ,, 与 ,, 下有相同坐标的全体向量.
1 2 3 1 2 3
第2页, 共3页",pdfplumber_visible_bbox
study-s1-linear-algebra-f79a31b39bd88215-p0113-c01,study-s1-linear-algebra-f79a31b39bd88215,PDF 第 113 页 · 片段 1,113,0,507,knowledge/study/sources/year1/pdf/study-s1-linear-algebra-f79a31b39bd88215.pdf#page=113,"(本题 12 分)
六、 求一个正交变换 X=PY, 将下列二次型化成标准型
f (x ,x ,x ) x2 2x2 2x2 4x x 4x x 8x x
1 2 3 1 2 3 1 2 1 3 2 3
并说明该二次型的类型(正定、负定、半正定、半负定、不定).
(本题 15 分)
七、 A为n阶(n>2)可逆矩阵,为n维列向量,b为实常数。记分块
 E 0   A 
矩阵 P  , Q  , 其中 A*为 A的伴随矩
   
TA* | A| T b
   
阵, E 为n阶单位矩阵. (本题 9 分)
(1) 计算并化简PQ,
(2) 证明Q可逆的充要条件是 TA1 b.
八、 设向量组 A:,,, 和向量组 B:,,, 的秩分别为 p
1 2 L 1 2 S
和 q. 试证明:若向量组A可由B线性表示,则 p q.
(本题 8 分)
九、 设,是 3 维列向量,矩阵 AT T.(本题 5 分)
证明:(1) A 的秩 R(A) ≤ 2;
(2) 若,线性相关,则 R(A) < 2.
第3页, 共3页",pdfplumber_visible_bbox
study-s1-linear-algebra-f79a31b39bd88215-p0114-c01,study-s1-linear-algebra-f79a31b39bd88215,PDF 第 114 页 · 片段 1,114,0,805,knowledge/study/sources/year1/pdf/study-s1-linear-algebra-f79a31b39bd88215.pdf#page=114,"信息学院本科生 2009-2010 学年第一学期
线性代数课程期末考试试卷(A 卷)
专业: 年级: 学号: 姓名: 成绩:
说明:AT表示矩阵A的转置,A*表示矩阵A的伴随矩阵,E是单位矩阵,O是零矩阵, A−1
表示可逆矩阵A的逆矩阵, |A|表示方阵A的行列式, , 表示向量, 的内积.
一、 客观题:1−3 小题为判断题,在对的后面括号中填“√”,
得分
错的后面括号中填“”,4−8 为单选题,将正确选项前的
字母填在括号中. (每小题 2 分,共 16 分)
1. 方阵A,B满足 AB  BA,则必有 A2  B2  (A B)(A B)。( )
2. 若方阵 A有Ak  0(k  0为整数), 则必有| A| 0。 ( )
3. A,B为同型矩阵,且秩(A)=秩(B),则 AX  0 与BX  0是同解方
程组。 ( )
4. n阶实对称矩阵A正定,则以下结论错误的是( )
(A) 可以找到一个正交矩阵F ,使FTAF 为对角矩阵。
(B) A的所有的特征值均为正值。
(C) A是不可逆矩阵。
(D) 对某个X  (x ,x ,,x )T  0,必有XTAX  0。
1 2 n
5. n维向量,正交,则内积 , ( )
(A) 1 (B) 2 (C) 1 (D) 0
6. 下列说法不正确的是 ( )
(A) 存在满足PQ  0的两个非零n(n1)阶矩阵P 和Q。
(B) n(n1)维实线性空间V 中任何n个线性无关的向量都构成V 的
一个基底。
(C) 设V 是一个任意的n维欧式空间,T 是V 中一个任意的线性变
换,则V 中的零向量在T 作用下的象一定也是零向量。
(D) T 是线性空间V 中线性变换,向量组,,, 线性无关,则
1 2 m
T,T,,T 线性无关。
1 2 m
第1页, 共3页",pdfplumber_visible_bbox
study-s1-linear-algebra-f79a31b39bd88215-p0115-c01,study-s1-linear-algebra-f79a31b39bd88215,PDF 第 115 页 · 片段 1,115,0,741,knowledge/study/sources/year1/pdf/study-s1-linear-algebra-f79a31b39bd88215.pdf#page=115,"7. 下列说法不正确的是 ( )
(A) 相似矩阵有完全相同的特征多项式。
(B) 若T 是欧式空间V 中的一个正交变换,则T 在V 的任意一个基底
下的矩阵为正交矩阵。
(C) 若V 是一个n维线性空间,则V中向量组,,, (m  n)的
1 2 m
所有线性组合构成V的一个子空间。
(D) 二次型 XTAX 与二次型YTBY 等价,二次型YTBY 与二次型
ZTCZ 等价,则矩阵A与C等价。
8. A与B均为n阶方阵,则下列结论中成立的是 ( )
(A) | AB| 0,则A 0或B  0。
(B) | AB| 0,则| A| 0或|B| 0。
(C) AB  0,则A 0或B  0。
(D) AB  0,则| A| 0或|B| 0。
二、 三阶方阵 A,B 满足关系式 AB E  A2  B ,其中
得分
1 0 1
 
A 0 2 0 ,求B。 (10 分)
 
1 0 1
 
三、 计算n(n 2)阶行列式 (两小题分别 6、8 分,共 14 分)
得分
0 1 1  1 1
a 1  1 1 0 x  x x
1 a  1 1 x 0  x x
1. 2. , x  0
         
1 1  a 1 x x  0 x
1 x x  x 0
四、 参数分别取什么值时,方程组
得分
 x  x (2)x 1
1 2 3

(3 2)x (2)x  x  无解、有无穷多解、有唯一
1 2 3

(2)x (2)x  x 1

1 2 3
解?并求方程组有解时的解。(14 分)
第2页, 共3页",pdfplumber_visible_bbox
study-s1-linear-algebra-f79a31b39bd88215-p0116-c01,study-s1-linear-algebra-f79a31b39bd88215,PDF 第 116 页 · 片段 1,116,0,551,knowledge/study/sources/year1/pdf/study-s1-linear-algebra-f79a31b39bd88215.pdf#page=116,"得分五、 求正交变换X  PY ,将二次型
f(x ,x ,x )  2x2 2x2 2x2 2x x 2x x 2x x
1 2 3 1 2 3 1 2 1 3 2 3
化为标准形,并写出其标准形。(16 分)
得分
六、 Q是一个n阶正交矩阵,证明
1  Q Q
是一个2n阶正交矩阵。 (7 分)
 
2  Q Q 
七、 设,, 为线性空间V 的一个基底,
得分
1 2 3
   
1 1 2

  2 3 2
2 1 2 3

  3 2

3 1 2 3
证明,, 也是V 的一个基底,并求向量 2   3 在基底
1 2 3 1 2 3
,, 下的坐标。 (10 分)
1 2 3
得分八、 设在向量组,,, (m  2) 中,  0 ,且每个
1 2 m 1
 (i  2,3,,m)都不能被,,, 线性表示,证明该
i 1 2 i1
向量组线性无关。(8 分)
得分九、 设实矩阵C (其中m  n)的秩为n。矩阵 ACTC。
mn
证明:(1)A是正定矩阵;(2) A E 1,其中E为n阶
单位阵。(共 5 分)
第3页, 共3页",pdfplumber_visible_bbox
study-s1-programming-26355822c1f8144c-p0001-c01,study-s1-programming-26355822c1f8144c,PDF 第 1 页 · 片段 1,1,0,945,knowledge/study/sources/year1/pdf/study-s1-programming-26355822c1f8144c.pdf#page=1,"人工智能学院本科生 2020 一 2021 学年第 1 学期
《 高级语言程序设计 》 课程期末考试试卷 (A 卷 )
、 单项选择 ( 本題共 20 分 , 每小题
1.1 以下选项中 , 不能作为函数返回值的是 〈
2 分 )
B.
C.
B.
D.
A.
C.
以
void
delete
1.2 抄 . 彳亍语句心 arx = . a , ; inty 。 1 佣 ; 以后 , 变量 y 的值是 (
0 . 97
13 下列说法正硝的是 (
可以直接用二维数组首地址赋值给普通指针变量
两个相同类型的指针 p, q, 可以进行相相减
一个函数形参被声明为类型 , 它的实参可以是血型指针 , 也可以是血型数
指针不能指向数组中某个具体素的地址
1.4 下列选项中铺误的是 (
指针变量是把内存中另一个数据的地址作为其值的支量
int? 叻 “ 足文了常量指针 , “ int . 定义了指针常量
定义指针时可以不对其初始化
恤叩 0 ] , 庫 a , 则 p 指向的是数组叶地址
巧定义一个交换 a 和 b 的函数 , 下列关于函数的声明 , ` 正确的是 (
第 . 1 . 页共 10 页
、 0 记 。 b g 恤血 〗
voidexchange(int&a.int
、 0 尾 excbange(int · int *b)•,
voidexchange(intmint•».
r.6 下列语句正确的是 〈
恤瑁 = 卩 , 4 , 51:
0
int•a=newinti51;
1.7 下列关于变量的表述中 , 正确的是 (
全局变量只能被当前程序文件台师数或语句使用
全局变量只能被主函数访问
局部变量可以被函数外部的匆使用
静态变量会被自动初始化
1.8 若函数调用的实多为數组名对 , 那么传递给形参的实
獤组首元素
A.
数组所有元的值
数组首地址
0
数组所有元素的地址
1.9 下列程序的输出绍果是 〈
#inciude<iostream>
using namespacestd9
艹 wa 区 i *pl.int 、 2 )
int temp ;
te p = 彘 pl + pl ;
彘 pl = p2 .
*p2—temp ;
int main(){
",windows_ocr
study-s1-programming-26355822c1f8144c-p0001-c02,study-s1-programming-26355822c1f8144c,PDF 第 1 页 · 片段 2,1,845,1008,knowledge/study/sources/year1/pdf/study-s1-programming-26355822c1f8144c.pdf#page=1,"mespacestd9
艹 wa 区 i *pl.int 、 2 )
int temp ;
te p = 彘 pl + pl ;
彘 pl = p2 .
*p2—temp ;
int main(){
钿 t = 头匍 = 巧 ;
swap()a , (b) ;
return 0 ;
第一 2 一页共 10 页
扫描全能王创建",windows_ocr
study-s1-programming-26355822c1f8144c-p0002-c01,study-s1-programming-26355822c1f8144c,PDF 第 2 页 · 片段 1,2,0,837,knowledge/study/sources/year1/pdf/study-s1-programming-26355822c1f8144c.pdf#page=2,"出错
C 5 9
凵 0 下列循环代码的环次是
t 黑以 5 ;
do(cout<<x—<•<endl ;
无限
、 程序改错 ( 本題共 16 分 )
2 · 1 〈 8 分 ) 有如下 c 代码 , 该程序可以实现将字符串连到
之后 , 输州 “ 2 的内容 . 请找出棍序中的 4 处错误或缺失 , 用横线
标出误或缺失所在位置 , 并进行改正 。
#include OS m >
using std ;
int main0 {
cbar sl 卩闐 ] = ""bappy
cbar s211001=""newyear!"" ;
int length = 0 ;
inti=O;
len = '
while [ 刂 ' ) {
No n 豇 b + il = 51 ;
cout < < $ 1 < < endl ;
No rn 0 ;
( 2 冫
第 . 3 . 页共 10 页
( 3 )
( 8 分 ) 有如下 c “ 代码 》 该程序可以实现将数字字符串转化为
整型 , 请找出稷序中的处错误或缺失 , 用桢线标出宿呗缺失所在
位置 , 进行改正 。
#include<iostream>
using namespace d ;
iotrmain() {
char strfl 。 "" 2020 叭 0 俨
int num :
iat i—Oi
while ( r 川 ! = {
柠 , num + = strffl;
num = 1
草区
cout<'< 以蜘畢鼕叩b@r:
0 ,
(1)
( 2 )
( 3 )
( 4 )
读程序与结果 ( 本題共
3 . 1 ( 5 分 )
#inelude«iostream>
using namespace std :
return 1 ;
lse 茳 ( 2 ) {
return 2 ;
else x % 2 !
return 山段 ug 体 . ;
20
分 )
第 · 4 . 页共 10 页
扫描全能王创建",windows_ocr
study-s1-programming-26355822c1f8144c-p0003-c01,study-s1-programming-26355822c1f8144c,PDF 第 3 页 · 片段 1,3,0,847,knowledge/study/sources/year1/pdf/study-s1-programming-26355822c1f8144c.pdf#page=3,"return chøng ( · 2 ) ) + c g 夏 ) ;
int
Cint x—L8;_
return 0 ;
在 VisuaI Studio 环境下执行鲒果 :
3 · 2 〈 5 分 )
#include<ostream>
using namespnce std ;
int mainO
int 0 , d ;
whiJeCB0)
n誡@+1淖.2;
cout<<d<<endl ;
return 0 ;
在 Vi Studio 环境下执行结果 :
33 ( 5 分 )
#include 凹 m >
using namespace std;
main(){
int temp;
血 arrqy15J= { 5 , , 2 , 4 } ;
for(jnt HJ;i<$;i++){
for 伽刂司 ; j 炸艹 ) {
if(array(jJqrray[j+11){
第一 5 共 10 页
temp--arrayljl ;
arrayßl=arreylj+ll ;
arraylj+ll*temp ; }
for(int i ; i ; “ ) {
cout«arraylil«e• "" ;
在 s 加 。 环境下执行结果 :
3 . 4 ( 5 分 〉
#include<iostream>
using namßpace std ;
iAtmainO
int 021 , i , a 卩 000 ] um ;
圳 i 卜 x % 10 ;
i + 1 ;
cout<<""couut=""<<i<qndl<<'sum=""<<sum<<endl ;
return 0 ;
Visua1 Studio 环境下执行结果 :
四 、 程序填空 ( 本题共 24 分 , 每空 2
4 . 1 下函数的功能是对矩阵进行转置熨作 。 请完善该程序
艹尾 matrix141161iT
double newanatrix161141
int
第 . 6 项共 10 页
分 )
扫描全能王创建",windows_ocr
study-s1-programming-26355822c1f8144c-p0004-c01,study-s1-programming-26355822c1f8144c,PDF 第 4 页 · 片段 1,4,0,717,knowledge/study/sources/year1/pdf/study-s1-programming-26355822c1f8144c.pdf#page=4,"Dew-mntrixUJliJ—
( 1 )
( 2 )
4 , 2 下程序判断一个数是否为回又数 · 请完善该程序 ·
#include<ostmm>-
using namespacestd ;
int mainO {
cin>•>N :
int temp=N.sam=O ;
whiIe(N!—O'
sum 郦旦 m 10 ;
( 3 )
cout<<""yes"" ;
else{
return 0 ;
(1)
0 )
( 3 )
43 下程序刈 N 的阶乘进行和 。 请完善该程序 。
#include<ostream>
using std ;
int fact0Fial(int
""int = 1 ;
return r ;
int mainO{
第 . 7 . 页共 10 页
int “ m ;
°C 望 N ;
rorOnt
sum+— 、
return 0 ;
0 )
4 · 4 以下程序可以去除字符串中复的字符 , 请完善该程序 。
#include <iostream>
#ineludeqtring.h>
using namespace std ;
int main0 {
cbar result11001; - ,
for(int ; kstrlen(s) ;
bOOl•r 以一 e .
forOnt j 〕 刂 ; j + 十 '
if(sljl==slil){
break;
if(trepeat)(
r—uit#enl=
( 3 、
resultUenl= ( 4 )
cout<<result ;
(1)
( 2 )
( 3 )
( 4 )
第 . 8 . 页共 10 页
回一 . 回
扫描全能王创建",windows_ocr
study-s1-programming-26355822c1f8144c-p0005-c01,study-s1-programming-26355822c1f8144c,PDF 第 5 页 · 片段 1,5,0,361,knowledge/study/sources/year1/pdf/study-s1-programming-26355822c1f8144c.pdf#page=5,"五 、 程序设计 〈 本题共 20 分 )
5 · 1 ( 10 分 ) 请设计一个函数实现从数组中删除某个元素的功能 。 该
数删除数蛆 ar “ y 中第一个值 k 的元素 , 然后将后面所有元素依
次向前动一地黑返缸 、 如果数组中没有该元 , . 则
不改数组 , 仍返数组长函的开头己经给出 , 只需要写出完
整的函数即可 ·
intdeJete(intarrayn , intlen,intk)s
第 . 9 、 页共 10 页
5 · 2 〈 10 分 ) 请设计一个程序 , 将一个 32 位的工进就奴抉成
形式并输出 · 程序中关键转换函数的开头需声明为 v 。 e 玳 No t
array[l) , 其中数组 arnyll 的长度为 32 ·
第 . 10 · 页共 10 页
草稿区
扫描全能王创建",windows_ocr
study-s1-programming-26355822c1f8144c-p0006-c01,study-s1-programming-26355822c1f8144c,PDF 第 6 页 · 片段 1,6,0,948,knowledge/study/sources/year1/pdf/study-s1-programming-26355822c1f8144c.pdf#page=6,"人工智能学院本科生 2020 一 2021 学年第 1 学期
《 高级语言程序设计 》 课程期末考试试卷 (A 卷 )
、 单顼选择 ( 本題共 20 分 , 每小題 2 分 )
I.I 以下选项中 , 不能作为函数返回值的是 (
A. voidexchange(inta,intb);
B. void int b);
C. void exchange(int · int •b);
D. voidexchange(intø- •b);
1.6 下列语句是 (
A. 血 % 叫 1.2 , 3 } ;
B. int aB . 卩 , 4 , 5 <
C. int •a—new int15];
D.
1.7 下列关于变量的表述中 , ( 丘的是 (
A. 全局变量只能被当前程序文件的函数或
B. 全局变量只能被主数访问 ,
C. 局部变量可以被函数外部的语句使用
D. 静态变量衾被臼动初蚱些一 . 一
用
D. delete
1 执行语句 char x =
C. 仇 97
, ; inty—x/100 ; 以后 , 变量 y 的值是 (
B. 两个相同类型的指针 p, q , 可以进行相 × 相减
C. 一个函数形 0 被声明为血 · 类型 , 它的实芝尹以是 int 型指针 ,
组
D. 指针不能指向数组中某个具丿素的地址
1.4 下列选项中
指能变是把内在史另二个数据的地址作为其值 《 量
A.
int.• 磊 、 定灵了常量指针 , co 咩 《 定义了指针常量
B.
症义指针时可以不对其初始化一一
0
血 a 卩 OJ , *p=a, AJp 指向的是数组可扁地址
IS 定戈一个交换 a 和 b 的函数 , 下列关于函数的声明 ,
第 . 1 · 页共 10 页
也可以是 int 型数
1.8 若函数训用蓽氐雾殛国那么转递给形参的实
际上是 (
数组首元
A.
数组所有元值
B.
数组首地址
C.
数组所有元素的地址
D.
1.9 下列程序的果是 (
#include<iostream>
using namespace-std}
voidswap(int *pl , int 、 2 )
int temp ;
temp=*pl+*pl ;
pl = * p2 ;
",windows_ocr
study-s1-programming-26355822c1f8144c-p0006-c02,study-s1-programming-26355822c1f8144c,PDF 第 6 页 · 片段 2,6,848,1027,knowledge/study/sources/year1/pdf/study-s1-programming-26355822c1f8144c.pdf#page=6,"e<iostream>
using namespace-std}
voidswap(int *pl , int 、 2 )
int temp ;
temp=*pl+*pl ;
pl = * p2 ;
*p2=temp ;
int main(){
inta=9 . b = 5 ;
swap(& ) ;
return 0 ;
第 · 2 “ 页共 10 页
0",windows_ocr
study-s1-programming-26355822c1f8144c-p0007-c01,study-s1-programming-26355822c1f8144c,PDF 第 7 页 · 片段 1,7,0,795,knowledge/study/sources/year1/pdf/study-s1-programming-26355822c1f8144c.pdf#page=7,"草稿区
B. 18 , 5
C. 5 9
D. 5 18
d0 { cout < 心 No 0 , , 笮 d
无限
、 程序改错 ( 本題共
2
16 分 )
( 3 ) 5 / 二 5 冂 /
( 4
( 8 分 ) 有如下 C + + 代码 , 该程序可以实现将数
型找程序中的 4 处错误缺失 , 用横线
位置 , 并进行改正 。
using namespace , td ;
char = "" 202 ""
int num;
while (strlil @ '\O') {
. num +—strlil :
num = 10 ;
COut < < ""
return 0 ,
字符串转化为
缺在
B.
2.1 分 ) 有如下 c + 代码 , 该程序可以实现筻二 0 到
之后 , 出对 2 的内 · 请找出程序中的 4 处错误或缺朱 , 撵线
, 并进行改正 。
de <iostream>
using namøpace std ;
int main() {
char 对卩 { I = ""happy "" ;
char 娌卩佣 = "" new y r ! "" ;
int length = 0 ;
inti =
wh 似川一哺 ? {
length 。 i+l ·
瞓 + 刂 = $ 1 卧
cout < < 对 < < endl;
加 rn 伙
( 2 )
第 · 3 . 页共 10 页
( 4 )
得分
、 读程序写结果 ( 本
20
分 )
3 · 1 ( 5 分 )
#include<iostream>
using namespace std;
int change(intx){
if(x—l){
returD 1 ; 、
else x 2 ) {
return 2 ;
else i % ) {
return cha 巛 1 ) ;
第 . 4 . 页共 10 页",windows_ocr
study-s1-programming-26355822c1f8144c-p0008-c01,study-s1-programming-26355822c1f8144c,PDF 第 8 页 · 片段 1,8,0,792,knowledge/study/sources/year1/pdf/study-s1-programming-26355822c1f8144c.pdf#page=8,"2
return ' h•n 以 . 2 〗 2 尸丈 b “ 。 号瓦 ) ;
在 、 “ I Studio . 环境下执行 :
3 ( 5 分 )
“ 騭 namespace 以山
血 mainO
int n 。 120 , d 司 ;
n 吖 + 1 . · 2 ;
co 以 < < nd
return
在 Studio 环境下执行结果 :
33 ( 5 分 )
using namespace 山
血 mainO{
inttemp;
n 刂司 ; j 炸用艹
if(arrayljJ<arraylj+11){
第 . 5 . 页共 10 页
temp—arrayljl ;
•rraylj+ll•«temp ; }
for(int i—O;i<S;i++){
cout<<arraylil<<"" "" ;
return 0 ;
在 Visua1 Studio 环境下执行结果 :
3 . 4 ( 5 分 )
#include<iostream>
using namespace std;
int mainO
int 2021 , i II , su , ;
while(1>O)
川 i ] = x 。 10 ;
sum=sum+alil ;
cout<<""count=""<<i<<.endl<<'sum=""<<sum<<•endl ;
return 0 ;
在 VisuaI Studio 环境下执行结果 :
得分
四 、 程序填空 ( 本题共 24
萆区
2
分 )
丿
分 , 每空 2
。 请完善该程序 。
4 . 1 以下函数的功能是对
void trans( double matrixi41161)
double new 雎 r 区 [ 国卜 ]
int i , j;
fo i = 0 ; i . < 4 ; i 艹 ) {
置
第 · 6 · 页共 10 页",windows_ocr
study-s1-programming-26355822c1f8144c-p0009-c01,study-s1-programming-26355822c1f8144c,PDF 第 9 页 · 片段 1,9,0,580,knowledge/study/sources/year1/pdf/study-s1-programming-26355822c1f8144c.pdf#page=9,"( 2 )
以下程序判断一个数是否为哀数
以 、 in namespace std ;
int main() {
int N ;
cin>>N;
int temp= um=;O•
hi N ! )
$ um um 10 ;
cout<<""yes"" ;
return 0 ;
, 请完善该程序 。
int um ;
r(int 1 ; i 心 。 N 計 + + ) {
sum+— 0 )
cout•<<-sum;
return 0 ;
( 3 )
4 · 4 以下程序可以去除串重复的
#include <iostream>
#include
using namespace std;
int main() {
cin>
for(int i=O;F-strlen(s);i++){
1
请完善该程序 。
4 . 3 以下程序的
#include<ostream>
using namespace d ;
。 请完善该程序
res= ( 2 ,
return ;
intmainO{
第 . 7 . 页共 10 页
if(sljl==slil){ / / 廷 . .
break ;
resulttlenl= ( 4 )
cout<<result ;
return0 ;
( 2 ) SL 刂妙
( 3 ) I en 弋忄丷 '
第 . 8 . 页共 10 页",windows_ocr
study-s1-programming-26355822c1f8144c-p0010-c01,study-s1-programming-26355822c1f8144c,PDF 第 10 页 · 片段 1,10,0,503,knowledge/study/sources/year1/pdf/study-s1-programming-26355822c1f8144c.pdf#page=10,"五 、 程序设计 ( 本題共 20 分 )
5 . 1 ( 10 分 ) 请
现从数组中删除基个元素的功能 . 该
数旃数组 “ “ , , 第
, 然后将后面所有元素依
组长如 . 果燾组中有 《 《 则
不一一一。一@聖::;:::一...一.丿函数的开头已经给出 , 只需写出完
整的函数即可 .
int deJete(intarrayIJ , int Jen , int k);
声 0 才丿 : 0 」 ` ‰ 刁亏 “ 丿
次 0 〕 : 和 ' 丿 7 丿 / 尾湔
/ 纟橇 ” 7 丿
第一 ' 9 . 页共 10 页
\ 9 s.2 ( 10 分 ) 请设计一个程序 , 将一个 32 位的土迸藪转换成
形式并输出 。 程序中关键转换函数的开头褡声明为 - id “ c No 畔 nt
“ “ (l) 其中数组 array[l 的长度为 32 ·
甚 ct “ 冫
e()e / / 是灸 、 隶扌刊
= 0 泛 〕 了十十丿
i'lt / = 30 冫二 O 万一一冫
草稿区
; i<3i)iff)
心韧冫丿 / 迸 , 才位杉
以努 ( t3 / / 谭用
第 .
共 10 页",windows_ocr
study-s1-programming-b8a8c17240ffa3e4-p0003-c01,study-s1-programming-b8a8c17240ffa3e4,PDF 第 3 页 · 片段 1,3,0,142,knowledge/study/sources/year1/pdf/study-s1-programming-b8a8c17240ffa3e4.pdf#page=3,"考试题型
● 单项选择
● 10题每题2分共20分
● 程序改错-4个语法错误,在答题纸上指出错误所
在行,说明错误原因或进行改正。
正在载入...
● 2题每题8分共16分
● 读程序写结果
● 4题每题6分共24分
● 程序填空
● 4题 10空每空2分共20分
● 程序设计
2",pdfplumber_visible_bbox
study-s1-programming-b8a8c17240ffa3e4-p0004-c01,study-s1-programming-b8a8c17240ffa3e4,PDF 第 4 页 · 片段 1,4,0,71,knowledge/study/sources/year1/pdf/study-s1-programming-b8a8c17240ffa3e4.pdf#page=4,"程序改错示例
● 错用分隔符、运算符
● 标识符未说明或者错误说明
● 函数返回语句问题、参数不匹配问题
● 数据类型不一致问题
● 等等
3",pdfplumber_visible_bbox
study-s1-programming-b8a8c17240ffa3e4-p0006-c01,study-s1-programming-b8a8c17240ffa3e4,PDF 第 6 页 · 片段 1,6,0,68,knowledge/study/sources/year1/pdf/study-s1-programming-b8a8c17240ffa3e4.pdf#page=6,"C++语言的词汇
● 以下有4个用户自定义标识符,其中合法的一个是
A
( )。
A. C_7 B. do C. 7d D. for
5",pdfplumber_visible_bbox
study-s1-programming-b8a8c17240ffa3e4-p0007-c01,study-s1-programming-b8a8c17240ffa3e4,PDF 第 7 页 · 片段 1,7,0,82,knowledge/study/sources/year1/pdf/study-s1-programming-b8a8c17240ffa3e4.pdf#page=7,"C++语言的词汇
● C++程序中,字面常量012对应的二进制数与下列
A
哪个二进制数等值( )
A.1010 B. 10010
C.1100 D. 1101
6",pdfplumber_visible_bbox
study-s1-programming-b8a8c17240ffa3e4-p0008-c01,study-s1-programming-b8a8c17240ffa3e4,PDF 第 8 页 · 片段 1,8,0,119,knowledge/study/sources/year1/pdf/study-s1-programming-b8a8c17240ffa3e4.pdf#page=8,"运算符与表达式
● 设有变量说明“int x=5,y=6;”,执行表达式语句“!
(++x)||(y*=y);”后,x和y的值分别为( )
B
A.x=5, y=6
B.x=6, y=36
C.x=5, y=36
D.x=6, y=6
7",pdfplumber_visible_bbox
study-s1-programming-b8a8c17240ffa3e4-p0009-c01,study-s1-programming-b8a8c17240ffa3e4,PDF 第 9 页 · 片段 1,9,0,122,knowledge/study/sources/year1/pdf/study-s1-programming-b8a8c17240ffa3e4.pdf#page=9,"运算符与表达式
● 设有变量说明“int x=5,y=6;”,执行表达式语句“!
(++x)&&(y*=y);”后,x和y的值分别为( )
D
A.x=5, y=6
B.x=6, y=36
20
C.x=5, y=36
D.x=6, y=6
8",pdfplumber_visible_bbox
study-s1-programming-b8a8c17240ffa3e4-p0010-c01,study-s1-programming-b8a8c17240ffa3e4,PDF 第 10 页 · 片段 1,10,0,79,knowledge/study/sources/year1/pdf/study-s1-programming-b8a8c17240ffa3e4.pdf#page=10,"C++语句
● 下面的C++关键字中,哪个不能用于变量的说明
B
语句( )
-
A. extern B. inline
C. static D. int
9",pdfplumber_visible_bbox
study-s1-programming-b8a8c17240ffa3e4-p0011-c01,study-s1-programming-b8a8c17240ffa3e4,PDF 第 11 页 · 片段 1,11,0,141,knowledge/study/sources/year1/pdf/study-s1-programming-b8a8c17240ffa3e4.pdf#page=11,"C++语句
● int i=0,j=2 ,k=4;下列选项中错误的if语句是(
B
)。
V
A.if(i==j) i=k++;
B.if(k=>j) i=k++;正在载入...
C.if(j-k) k-=j++;
D.if(i) --i;
E. if(0<k<1) k++;
10",pdfplumber_visible_bbox
study-s1-programming-b8a8c17240ffa3e4-p0012-c01,study-s1-programming-b8a8c17240ffa3e4,PDF 第 12 页 · 片段 1,12,0,127,knowledge/study/sources/year1/pdf/study-s1-programming-b8a8c17240ffa3e4.pdf#page=12,"C++语句
● 若i,j已定义为整型变量,则以下程序段中循环
B
体的执行次数是( )。
32/
for(i=4; i ; i--) ↑
for(j=0; j<6 ;j++)
6-
{ 循环体语句;}
A) 20 B) 24 C) 35 D) 30
11",pdfplumber_visible_bbox
study-s1-programming-b8a8c17240ffa3e4-p0013-c01,study-s1-programming-b8a8c17240ffa3e4,PDF 第 13 页 · 片段 1,13,0,219,knowledge/study/sources/year1/pdf/study-s1-programming-b8a8c17240ffa3e4.pdf#page=13,"读程序写结果
#include <iostream>
using namespace std;
void main()
{
int a, b;
for(a=1, b=1; a<=20; a++)
{
if (b%3==1) {
value a=21 value b=61
b+=3;
continue;
}
if(b>10) break;
}
cout<<""value a=""<<a<<"" value b=""<<b<<endl;
}
12",pdfplumber_visible_bbox
study-s1-programming-b8a8c17240ffa3e4-p0014-c01,study-s1-programming-b8a8c17240ffa3e4,PDF 第 14 页 · 片段 1,14,0,203,knowledge/study/sources/year1/pdf/study-s1-programming-b8a8c17240ffa3e4.pdf#page=14,"读程序写结果
#include <iostream>
using namespace std;
void main()
{
int i,j;
char a; & ........
for(i=5; i>=1; i--)
{
for(j=1; j<=5-i; j++)
cout<<' ';
a='*';
for(j=1; j<=2*i-1; j++)
cout<<a;
cout<<endl;
}
}
13",pdfplumber_visible_bbox
study-s1-programming-b8a8c17240ffa3e4-p0015-c01,study-s1-programming-b8a8c17240ffa3e4,PDF 第 15 页 · 片段 1,15,0,190,knowledge/study/sources/year1/pdf/study-s1-programming-b8a8c17240ffa3e4.pdf#page=15,"读程序写结果
#include <iostream>
using namespace std;
void main()
{
int i,j;
char a;
for(i=1; i<=5; i++)
{
for(j=1; j<=5; j++)
cout<<' ';
a='*';
for(j=1; j<=2*i-1; j++)
cout<<a;
cout<<endl;
}
}
14",pdfplumber_visible_bbox
study-s1-programming-b8a8c17240ffa3e4-p0016-c01,study-s1-programming-b8a8c17240ffa3e4,PDF 第 16 页 · 片段 1,16,0,266,knowledge/study/sources/year1/pdf/study-s1-programming-b8a8c17240ffa3e4.pdf#page=16,"读程序写结果
#include <iostream>
using namespace std;
void main(){
char ch;
int i, j, k;
for (i = 0; i<5; i++){
for (j = 1; j<5 - i; j++)
cout << "" "";
for (k = 65; k<71 - j; k++){
ch = k;
cout << ch;
}
for (k = k - 2; k>64; k--){
ch = k;
cout << ch;
}
cout << endl;
}
}
15",pdfplumber_visible_bbox
study-s1-programming-b8a8c17240ffa3e4-p0017-c01,study-s1-programming-b8a8c17240ffa3e4,PDF 第 17 页 · 片段 1,17,0,210,knowledge/study/sources/year1/pdf/study-s1-programming-b8a8c17240ffa3e4.pdf#page=17,"读程序写结果
#include <iostream>
using namespace std;
void main()
{
int n = 5,i,j;
for (i = 1; i <= n; i++)
{
int result = 1;
&
for (j = 1; j <= i; j++);
{
result *= j;
}
cout << ""result = "" << result << endl;
}
}
16",pdfplumber_visible_bbox
study-s1-programming-b8a8c17240ffa3e4-p0018-c01,study-s1-programming-b8a8c17240ffa3e4,PDF 第 18 页 · 片段 1,18,0,63,knowledge/study/sources/year1/pdf/study-s1-programming-b8a8c17240ffa3e4.pdf#page=18,"程序填空
● 下面这个程序用于读入5个整数,当程序读入的数
据为正整数时,则显示该数,否则
1)循环结束
2)不显示该数
17",pdfplumber_visible_bbox
study-s1-programming-b8a8c17240ffa3e4-p0019-c01,study-s1-programming-b8a8c17240ffa3e4,PDF 第 19 页 · 片段 1,19,0,308,knowledge/study/sources/year1/pdf/study-s1-programming-b8a8c17240ffa3e4.pdf#page=19,"程序填空
#include <iostream>
using namespace std;
void main()
{
int i, n;
for (i=1; i<=5; i++)
{
cout<<""Please enter the integer number:\n"";
___________
(inn
(1) cin>>n;
if (n <= 0) ______b_r_e_a_k___
(2) break;
;
___________
continue (3) cout<<
,
} n;
(1) cin>>n;
cout<<""Program is over!\n"";
(2) continu
}
e;
18",pdfplumber_visible_bbox
study-s1-programming-b8a8c17240ffa3e4-p0020-c01,study-s1-programming-b8a8c17240ffa3e4,PDF 第 20 页 · 片段 1,20,0,359,knowledge/study/sources/year1/pdf/study-s1-programming-b8a8c17240ffa3e4.pdf#page=20,"程序填空
● 输入一个字母,如果是小写字母,则把它变成大
写字母输出;如果是大写字母,则把它变成小写
字母输出;其它字符不变。请完善程序。
#include<iostream>
using namespace std;
void main()
(1) (ch >= 'a' && ch <= 'z') || (ch >= 'A' && ch <=
{
'Z')
char ch;
cin>>ch; (2) ch = ch - 'a' + 'A’
if (______((31) )____c_h_ )= ch - 'A' + 'a'
if(ch >= 'a' && ch <= 'z')
_______(2)________;
else
_______(3)________;
cout<<ch<<endl;
19
}",pdfplumber_visible_bbox
study-s1-programming-b8a8c17240ffa3e4-p0021-c01,study-s1-programming-b8a8c17240ffa3e4,PDF 第 21 页 · 片段 1,21,0,328,knowledge/study/sources/year1/pdf/study-s1-programming-b8a8c17240ffa3e4.pdf#page=21,"程序填空
已知能被4整除而不能被100整除的或者能被400整除
的年份是闰年,则判断某一年是否是闰年
#include <iostream>
using namespace std;
void main()
{
int year,leap;
cout<<""please input the year""<<endl;
cin>>year;
(1) (year%4==0 && year %100 !=0) || year %
if (______)
400==0
leap=1;
(2) leap = 0
else ____
(3) leap
if(____)
cout<<“是闰年""<<endl;
else cout<<“不是闰年""<<endl;
}
20",pdfplumber_visible_bbox
study-s1-programming-b8a8c17240ffa3e4-p0022-c01,study-s1-programming-b8a8c17240ffa3e4,PDF 第 22 页 · 片段 1,22,0,419,knowledge/study/sources/year1/pdf/study-s1-programming-b8a8c17240ffa3e4.pdf#page=22,"程序填空
π 2 2 4 4 6 6
利用公式 = × × × 前× 10×0项×.之.. 积,
2 1 3 3 5 5 7
编程计算并输出π的值
#include <iostream>
(1) result *= 2,n = 1; n <= 50; n++
using namespace std;
(2) (2.0*n/(2.0*n-1))*
void main() ((2.0*n)/(2.0*n+1))
{ (3) result;
float term, result = 1.0;
int n; (1) n= 1; n <= 50; n++
for (___________)(2) (2.0*n/(2.0*n-1))*
((2.0*n)/(2.0*n+1))
{
(3) result*2;
term = ___________;
result = result * term;
}
cout <<___________
21",pdfplumber_visible_bbox
study-s1-programming-b8a8c17240ffa3e4-p0023-c01,study-s1-programming-b8a8c17240ffa3e4,PDF 第 23 页 · 片段 1,23,0,199,knowledge/study/sources/year1/pdf/study-s1-programming-b8a8c17240ffa3e4.pdf#page=23,"程序填空
● 求出50以内所有能被3整除的整数的平方和并输出
#include <iostream>
using namespace std;
void main(){
__________
for(int i=2; i<50 ; _______ )
s += _______ ;
cout<<""s=""<<s<<endl;
}
(1) int s=0;
(2) i+=3
(3) (i+1)*
22",pdfplumber_visible_bbox
study-s1-programming-b8a8c17240ffa3e4-p0024-c01,study-s1-programming-b8a8c17240ffa3e4,PDF 第 24 页 · 片段 1,24,0,87,knowledge/study/sources/year1/pdf/study-s1-programming-b8a8c17240ffa3e4.pdf#page=24,"数组
● 已知:int a[3][5];则对数组元素的非法引用是(
C
)。
A. a[0][2*1]
B. a[0][0]
C. a[3][0]
D. a[0][4]
23",pdfplumber_visible_bbox
study-s1-programming-b8a8c17240ffa3e4-p0025-c01,study-s1-programming-b8a8c17240ffa3e4,PDF 第 25 页 · 片段 1,25,0,159,knowledge/study/sources/year1/pdf/study-s1-programming-b8a8c17240ffa3e4.pdf#page=25,"数组
● 可以用数组名作为字符串变量整体输出的合法的
A
数组说明语句是( )。
~
A) char a[]=""string"";
B) int a[5] = {0,1,2,3,4,5};
j
C) char ai= f""string"";
D) char a[ ]= {‘1’,’2’,’-3’,’4’,’5’};
24",pdfplumber_visible_bbox
study-s1-programming-b8a8c17240ffa3e4-p0026-c01,study-s1-programming-b8a8c17240ffa3e4,PDF 第 26 页 · 片段 1,26,0,98,knowledge/study/sources/year1/pdf/study-s1-programming-b8a8c17240ffa3e4.pdf#page=26,"数组
C
● 在下面的数组定义中,有语法错误的是( )。
A. int a[ ]={1,2,3,4};
B. int a[10]={0};
C. int a[ ];
D. int a[5];
25",pdfplumber_visible_bbox
study-s1-programming-b8a8c17240ffa3e4-p0027-c01,study-s1-programming-b8a8c17240ffa3e4,PDF 第 27 页 · 片段 1,27,0,81,knowledge/study/sources/year1/pdf/study-s1-programming-b8a8c17240ffa3e4.pdf#page=27,"数组
● 若二维数组a有m列,则在a[i][j]之前的元素个数
B
为: 。
A) j*m+i
B) i*m+j
C) i*m+j-1
D) i*m+j+1
26",pdfplumber_visible_bbox
study-s1-programming-b8a8c17240ffa3e4-p0028-c01,study-s1-programming-b8a8c17240ffa3e4,PDF 第 28 页 · 片段 1,28,0,192,knowledge/study/sources/year1/pdf/study-s1-programming-b8a8c17240ffa3e4.pdf#page=28,"数组
● 下面能正确定义一个int型二维数组a的语句是( )。
B
A.int a[][]={2,3,0,0,4,0,5,0,0,0,0,0};
B.int a[][4]= {2,3,0,0,4,0,5,0,0,0,0,0};
C.int a[3][4]= {{2,3},{4,,5}};
D.int a[][]={{2,3,0,0},{4,0,5,0},{0,0,0,0}};
27",pdfplumber_visible_bbox
study-s1-programming-b8a8c17240ffa3e4-p0029-c01,study-s1-programming-b8a8c17240ffa3e4,PDF 第 29 页 · 片段 1,29,0,190,knowledge/study/sources/year1/pdf/study-s1-programming-b8a8c17240ffa3e4.pdf#page=29,"数组
● 下面对于二维数组的说明及初始化,不正确的是
A
( )
● char a[][10]={""C++"",""programming""};
● int a[2][5] = {1正,2,3在,4,5,载6,7,8入,9,1...0};
● float a[2][5] = {1.0,5.5,9.9};
● double a[][5] = {1,2.0,3,4.5,5.5};
28",pdfplumber_visible_bbox
study-s1-programming-b8a8c17240ffa3e4-p0030-c01,study-s1-programming-b8a8c17240ffa3e4,PDF 第 30 页 · 片段 1,30,0,206,knowledge/study/sources/year1/pdf/study-s1-programming-b8a8c17240ffa3e4.pdf#page=30,"读程序写结果
#include <iostream>
using namespace std;
void main()
{
int i,j=0;
char a[50]=“8934NK12+-4tj”;
for(i=0; a[i]!='\0'; i++)
{
if (!(a[i]>='a'&&a[i]
<='z'||a[i]>='A'&&a[i]<='Z'))j++;
}
cout<<j<<endl;
}
29",pdfplumber_visible_bbox
study-s1-programming-b8a8c17240ffa3e4-p0031-c01,study-s1-programming-b8a8c17240ffa3e4,PDF 第 31 页 · 片段 1,31,0,217,knowledge/study/sources/year1/pdf/study-s1-programming-b8a8c17240ffa3e4.pdf#page=31,"读程序写结果
#include <iostream>
using namespace std;
void main(){
int i,j;
char a[10]=""bacdfgeih"";
for(i=0;i<9;i++){
for(j=i;j<9;j++){
char t;
if (a[i]>a[j]){
t=a[i];
a[i]=a[j];
a[j]=t; }
}
}
a[9]='\0';
cout<<a<<endl;
}
30",pdfplumber_visible_bbox
study-s1-programming-b8a8c17240ffa3e4-p0032-c01,study-s1-programming-b8a8c17240ffa3e4,PDF 第 32 页 · 片段 1,32,0,204,knowledge/study/sources/year1/pdf/study-s1-programming-b8a8c17240ffa3e4.pdf#page=32,"读程序写结果
#include <iostream>
using namespace std;
int power(int m);
void main() {
int a[3][3], i, j;
for (i=0; i<3; i++) {
for (j=0; j<3; j++) {
a[i][j]=(i+2)*(j+1)+1;
cout<<"" ""<<a[i][j];
}
cout<<endl;
}
31",pdfplumber_visible_bbox
study-s1-programming-b8a8c17240ffa3e4-p0033-c01,study-s1-programming-b8a8c17240ffa3e4,PDF 第 33 页 · 片段 1,33,0,238,knowledge/study/sources/year1/pdf/study-s1-programming-b8a8c17240ffa3e4.pdf#page=33,"读程序写结果
cout<<""----执行结果----""<<endl;
int m=a[0][0], s=0;
for (i=0; i<3; i++)
for (j=0; j<3; j++) {
if ( a[i][j]<m ) m=a[i][j];
if ( i!=j ) s+=power(a[i]
[j]); }
cout<<""m=""<<m<<endl;
cout<<""s=""<<s<<endl;
}
int power(int m){
return m*=m;
}
32",pdfplumber_visible_bbox
study-s1-programming-b8a8c17240ffa3e4-p0034-c01,study-s1-programming-b8a8c17240ffa3e4,PDF 第 34 页 · 片段 1,34,0,265,knowledge/study/sources/year1/pdf/study-s1-programming-b8a8c17240ffa3e4.pdf#page=34,"字符数组-程序填空
● 下面函数实现类似strcmp的功能,将两个字符串
s和t进行比较,如果相等返回0,否则返回两个字
符串中第一个不相同字符的ASCII码值之差。
int MyStrcmp(char s[], char t[])
{
int i;
for (i=0; _______ ; i++)
SIES
{
if (_______) return 0 ;
}
__________
(1) s[i]==t[i]
}
(2) s[i]=='\0‘&&t[i]==‘\
0’
33 (3) return (int)(s[i]-",pdfplumber_visible_bbox
study-s1-programming-b8a8c17240ffa3e4-p0035-c01,study-s1-programming-b8a8c17240ffa3e4,PDF 第 35 页 · 片段 1,35,0,266,knowledge/study/sources/year1/pdf/study-s1-programming-b8a8c17240ffa3e4.pdf#page=35,"程序填空
● 任意输入一个字符串,在星期名表中查找该字符
串,若找到,则打印“已找到”,否则打印“没找
到”
#include <iostream>
#include <cstring>
using namespace std;
void main() {
int i;
__b_o_o___
-
__=_
O
char x[10];
char weekDay[7][10]=
{""Sunday"",""Monday"",""Tuesday"",
""Wednesday"",""Thursday"",""Friday"",""Saturday""};
34",pdfplumber_visible_bbox
study-s1-programming-b8a8c17240ffa3e4-p0036-c01,study-s1-programming-b8a8c17240ffa3e4,PDF 第 36 页 · 片段 1,36,0,192,knowledge/study/sources/year1/pdf/study-s1-programming-b8a8c17240ffa3e4.pdf#page=36,"程序填空
for (i=0; i < 7 && !findFlag; i++)
{
if (strcmp(x,weekDay[i])==0)
I
findFlag = 1;
}
if _________
cout<<""已找到\n"";
else cout<<""没找到!\n"";
} (1) bool findFlag =
0;
(2) cin>>x;
(3) (findFlag)
35",pdfplumber_visible_bbox
study-s1-programming-b8a8c17240ffa3e4-p0037-c01,study-s1-programming-b8a8c17240ffa3e4,PDF 第 37 页 · 片段 1,37,0,249,knowledge/study/sources/year1/pdf/study-s1-programming-b8a8c17240ffa3e4.pdf#page=37,"程序填空
● 下列函数实现将字符串str的内容逆序存放到ptr中
(假设两者⻓度相等)
#include <cstring>
void Inverse(char str[], char ptr[]){
int i = 0, j;
______i_______
while (__________) {
ja
ptr[i] = str[j];
i++;
j--;
(1) j =
}
strlen(str)-1;
__________
(2) j>=0
} (3) ptr[i] = '\0';
36",pdfplumber_visible_bbox
study-s1-programming-b8a8c17240ffa3e4-p0038-c01,study-s1-programming-b8a8c17240ffa3e4,PDF 第 38 页 · 片段 1,38,0,282,knowledge/study/sources/year1/pdf/study-s1-programming-b8a8c17240ffa3e4.pdf#page=38,"程序填空
● 函数Count ()计算字符串str1在字符串str中出现的
次数。请完善该函数
int Count(char str[], char str1[])
{
int i,j,k,num=0;
for (i=0; _____(1)______; i++)
for (___(2)___,k=0;str1[k]==str[j];k++,j++)
if (str1[_____(3)_____]==’\0’)
{
num++;
i+=k;
(1) str[i]!=‘\
break;
0’
}
(2) j=i
return num;
(3) k+1
}
37",pdfplumber_visible_bbox
study-s1-programming-b8a8c17240ffa3e4-p0039-c01,study-s1-programming-b8a8c17240ffa3e4,PDF 第 39 页 · 片段 1,39,0,230,knowledge/study/sources/year1/pdf/study-s1-programming-b8a8c17240ffa3e4.pdf#page=39,"读程序写结果
#include <iostream>
using namespace std;
void f(int x, int &y, const int &z)
{
x+=z;
y+=z;
cout<<”x=”<<x<<”,y=”<<y<<”,z=”<<z<<endl;
}
void main()
{
int a=22,b=33,c=44;
f(a,b,c);
cout<<”a=”<<a<<”,b=”<<b<<”,c=”<<c<<endl;
}
38",pdfplumber_visible_bbox
study-s1-programming-b8a8c17240ffa3e4-p0040-c01,study-s1-programming-b8a8c17240ffa3e4,PDF 第 40 页 · 片段 1,40,0,237,knowledge/study/sources/year1/pdf/study-s1-programming-b8a8c17240ffa3e4.pdf#page=40,"函数-程序填空
● 函数Square ()测试输入的参数是否是完全平方
数,如是返回1 否则返回0(例如对1,4,9,16,
25返回1)。请完善该函数。
int isSquare(int n)
{
____(1)____;
while ( ______(2)_______ )
++i;
if ( _____(3)_______ ) return 1;
else return 0;
(1) int i=0
}
(2) i*i!=n&&i
<n
39 (3) i*i==n",pdfplumber_visible_bbox
study-s1-programming-b8a8c17240ffa3e4-p0041-c01,study-s1-programming-b8a8c17240ffa3e4,PDF 第 41 页 · 片段 1,41,0,389,knowledge/study/sources/year1/pdf/study-s1-programming-b8a8c17240ffa3e4.pdf#page=41,"结构类型
● 电影《2012》中提到的历法来自于玛雅文明。玛雅文明是最早发明、
使用历法的文明之一。玛雅人日常生活使用的是哈布历(Haab’)。
哈布历规定一年365天,分为19个月,前18个月每月20天,第19个月5
天。玛雅文明还使用一种用于宗教祭祀的卓尔金历(Tzolk'in,就是
这个历法预言2012年的灾难)。卓尔金历规定一年260天,分为13个
月,每个月20天。哈布历和卓尔金历的公元0年1月1日是同一天开始
的(考古学家认为是公元前3114年8月31日),请编写一个程序实现
哈布历和卓尔金历的相互转换,要求:
● 如果输入一组(至少5个)哈布历日期,将其转换为卓尔金历日期
(日期以日月年的顺序表示),并按照日期由小到大的顺序输出
● 如果输入一组(至少5个)卓尔金历日期,将其转换为哈布历日期
(日期以日月年的顺序表示),并按照日期由小到大的顺序输出
40",pdfplumber_visible_bbox
study-s1-programming-b8a8c17240ffa3e4-p0042-c01,study-s1-programming-b8a8c17240ffa3e4,PDF 第 42 页 · 片段 1,42,0,149,knowledge/study/sources/year1/pdf/study-s1-programming-b8a8c17240ffa3e4.pdf#page=42,"结构类型
例如:
输入历法(H表示哈布历,T表示卓尔金历): H
8 11 2002
13 3 1996
7 16 2563
16 1 835
1 9 245
输出历法卓尔金历(T),排序后结果为:
6 8 344
11 4 1172
13 4 2802
18 4 2811
2 4 3599
41",pdfplumber_visible_bbox
study-s1-programming-b8a8c17240ffa3e4-p0043-c01,study-s1-programming-b8a8c17240ffa3e4,PDF 第 43 页 · 片段 1,43,0,178,knowledge/study/sources/year1/pdf/study-s1-programming-b8a8c17240ffa3e4.pdf#page=43,"结构类型
#include <iostream>
using namespace std;
const int N = 5;
struct date{
int year;
int month;
int day;
}calendar[N];
void sort_calendar(date[],int);
void swap(date&,date&);
42",pdfplumber_visible_bbox
study-s1-programming-b8a8c17240ffa3e4-p0044-c01,study-s1-programming-b8a8c17240ffa3e4,PDF 第 44 页 · 片段 1,44,0,114,knowledge/study/sources/year1/pdf/study-s1-programming-b8a8c17240ffa3e4.pdf#page=44,"结构类型
void main(){
char ch;
int day ,mon, year;
long sum;
cout << “please input catelog of calendar: ”;
cin>>ch;
43",pdfplumber_visible_bbox
study-s1-programming-b8a8c17240ffa3e4-p0045-c01,study-s1-programming-b8a8c17240ffa3e4,PDF 第 45 页 · 片段 1,45,0,404,knowledge/study/sources/year1/pdf/study-s1-programming-b8a8c17240ffa3e4.pdf#page=45,"结构类型
if( (ch==‘H’) || (ch==‘h’)) {//哈布历法
for(int i=0;i<N;i++){
cin>>calendar[i].day>>calendar[i].month>>calendar[i].year;
day = calendar[i].day-1;
mon = calendar[i].month-1;
year = calendar[i].year;
sum= day+mon*20+year*365;
year=sum/260;
sum=sum % 260;
mon=sum/20+1;
day=sum%20+1;
calendar[i].day = day;
calendar[i].month = mon;
calendar[i].year = year;
}
cout<<“Output calendar of Tzolk‘in”<<endl;
}
44",pdfplumber_visible_bbox
study-s1-programming-b8a8c17240ffa3e4-p0046-c01,study-s1-programming-b8a8c17240ffa3e4,PDF 第 46 页 · 片段 1,46,0,436,knowledge/study/sources/year1/pdf/study-s1-programming-b8a8c17240ffa3e4.pdf#page=46,"结构类型
else{
if ((ch=='T') || (ch=='t')) {
for(int i=0;i<N;i++) {
cin>>calendar[i].day>>calendar[i].month>>calendar[i].year;
day = calendar[i].day-1;
mon = calendar[i].month-1;
year = calendar[i].year;
sum= day+mon*20+year*260;
year=sum/365;
sum=sum % 365;
mon=sum/20+1;
day=sum%20+1;
calendar[i].day = day;
calendar[i].month = mon;
calendar[i].year = year;
}
cout<<""Output calendar of Haab'""<<endl;
}
else
cout <<""input error""<<endl;}
45",pdfplumber_visible_bbox
study-s1-programming-b8a8c17240ffa3e4-p0047-c01,study-s1-programming-b8a8c17240ffa3e4,PDF 第 47 页 · 片段 1,47,0,146,knowledge/study/sources/year1/pdf/study-s1-programming-b8a8c17240ffa3e4.pdf#page=47,"结构类型
sort_calendar(calendar,N);//日期排序
for(int i=0;i<N;i++)//结果输出
cout<<calendar[i].day<<"" ""<<calendar[i].month<<"" ""
<<calendar[i].year<<endl;
}
46",pdfplumber_visible_bbox
study-s1-programming-b8a8c17240ffa3e4-p0048-c01,study-s1-programming-b8a8c17240ffa3e4,PDF 第 48 页 · 片段 1,48,0,299,knowledge/study/sources/year1/pdf/study-s1-programming-b8a8c17240ffa3e4.pdf#page=48,"结构类型
void sort_calendar(date d[],int n){
for(int i=0;i<n;i++)
for(int j=n-1;j>i;j--)
if(d[j].year<d[j-1].year)
swap(d[j],d[j-1]);
else
if(d[j].year==d[j-1].year)
if(d[j].month<d[j-1].month)
swap(d[j],d[j-1]);
else
if(d[j].month==d[j-1].month)
if(d[j].day<d[j-1].day)
swap(d[j],d[j-1]);
}//交换函数定义略
47",pdfplumber_visible_bbox
study-s1-programming-b8a8c17240ffa3e4-p0049-c01,study-s1-programming-b8a8c17240ffa3e4,PDF 第 49 页 · 片段 1,49,0,153,knowledge/study/sources/year1/pdf/study-s1-programming-b8a8c17240ffa3e4.pdf#page=49,"函数
● 1742年6月7日,哥德巴赫写信给欧拉,提出了以
下猜想:任何一个大于等于6的偶数都可以表示成
为两个奇素数之和;任何一个大于等于9的奇数都
可以表示成为三个奇素数之和——这就是著名的
哥德巴赫猜想。
● 请编写程序验证在10000以内哥德巴赫猜想是
否成立。如果成立输出Yes否则输出No
48",pdfplumber_visible_bbox
study-s1-programming-b8a8c17240ffa3e4-p0050-c01,study-s1-programming-b8a8c17240ffa3e4,PDF 第 50 页 · 片段 1,50,0,118,knowledge/study/sources/year1/pdf/study-s1-programming-b8a8c17240ffa3e4.pdf#page=50,"函数
● 判断素数
squit
int isprime(int n) {
//判定素数函数,如果素数返回1,否则返回0
for(int i=2;i<n/2;i++)
if(n%i==0)
return 0;
return 1;
}
49",pdfplumber_visible_bbox
study-s1-programming-b8a8c17240ffa3e4-p0051-c01,study-s1-programming-b8a8c17240ffa3e4,PDF 第 51 页 · 片段 1,51,0,133,knowledge/study/sources/year1/pdf/study-s1-programming-b8a8c17240ffa3e4.pdf#page=51,"函数
int even(int n) {
//判定一个大于等于6的偶数是否符合哥德巴赫猜想
for ( int i=3;i<n-3;i+=2) {
if(isprime(i)&&isprime(n-i)) {
return 1;
}
}
return 0;
}
50",pdfplumber_visible_bbox
study-s1-programming-b8a8c17240ffa3e4-p0052-c01,study-s1-programming-b8a8c17240ffa3e4,PDF 第 52 页 · 片段 1,52,0,130,knowledge/study/sources/year1/pdf/study-s1-programming-b8a8c17240ffa3e4.pdf#page=52,"函数
int odd(int n) {
//判定一个大于等于9的奇数是否符合哥德巴赫猜想
for ( int i=3;i<n-3;i+=2) {
if(isprime(i) && even(n-i)){
return 1;
}
}
return 0;
}
51",pdfplumber_visible_bbox
study-s1-programming-b8a8c17240ffa3e4-p0053-c01,study-s1-programming-b8a8c17240ffa3e4,PDF 第 53 页 · 片段 1,53,0,220,knowledge/study/sources/year1/pdf/study-s1-programming-b8a8c17240ffa3e4.pdf#page=53,"函数
void main(){ //主程序在6到10000,9到10000做
循环分别判定偶数和奇数
bool g1=true,g2=true;
for(int i=6;i<=10000;i+=2)
g1 = g1 && even(i);
for(i=9;i<=10000;i+=2)
g2 = g2 && odd(i);}
if(g1&&g2)
cout<<""Yes""<<endl;
else
cout<<""No""<<endl;
}
52",pdfplumber_visible_bbox
study-s2-calculus-0b11b3601df78a74-p0001-c01,study-s2-calculus-0b11b3601df78a74,PDF 第 1 页 · 片段 1,1,0,288,knowledge/study/sources/year1/pdf/study-s2-calculus-0b11b3601df78a74.pdf#page=1,"计算机学院密码与网络空间安全学院
2025-2026 学年第二学期高等数学 AII 模拟考试
一、(10分)求曲面x2  y2 z2 14上点 1,2,3 处的切平面及法线方程.
z y x
二、(12分)设x3  y2 zxyz0,求 , , .
x z y
三、(10分)已知三个正数x,y,z的倒数之和为1,问:x,y,z取何值时,可以使
得这三个正数之和最小?
四、(12分)计算I  max  x,y  dxdy,其中D:0 x1,0 y1.
D
五、(8分)求曲线 lnx  lny 1 所围成的平面图形的面积.",pdfplumber_visible_bbox
study-s2-calculus-0b11b3601df78a74-p0002-c01,study-s2-calculus-0b11b3601df78a74,PDF 第 2 页 · 片段 1,2,0,314,knowledge/study/sources/year1/pdf/study-s2-calculus-0b11b3601df78a74.pdf#page=2,"六、(8分)计算二重积分(x y)dxdy,其中D为由y=x,x=0,y=1 所围成的区域.
D
七、(10 分)计算下面第一型曲面积分:(2xy2x2xz)dS  其中为平面

2x2yz6在第一象限中的部分.
八、(10分)计算(x1) 2 3dV,其中:(x-1)2(y2)2(z3)2 1.

九、(10分)计算下列对弧长的曲线积分: x2yzds 其中为折线ABCD 这里

A、B、C、D依次为点(000)、(002)、(102)、(132).
十、(10分)求函数 f (x,y) 2x3 9x2 6y4 12x24y的极值点.",pdfplumber_visible_bbox
study-s2-calculus-90f6102c4992a3c7-p0001-c01,study-s2-calculus-90f6102c4992a3c7,PDF 第 1 页 · 片段 1,1,0,698,knowledge/study/sources/year1/pdf/study-s2-calculus-90f6102c4992a3c7.pdf#page=1,"“高等数学(A 类)II ”
一、(本题 8 分)求曲面x3  y2 z3 1在 P (  1 , 1 , 1 ) 处的切平面与法线方程.
二、(本题 10 分)求函数 f(x,y) x2y在区域 D:(x1)2 (y2)2 5上的最大
值、最小值.
三、(本题 3 × 8 = 24 分)计算下列二重积分或三重积分
1.(2x y2)dxdy, 其中D:x y2,x,y0;
D
dxdy
2 ,其中D:x2  y2 1 ;
(1 x2  y2)2
D
3. x2  y2 z2dxdydz,其中 :x2  y2 z2  z.

四、(本题 2 × 6 = 12 分)求下列广义积分
5 dx  dx
1. ; 2. .
1 x1 2 (x7) x2
  x n
五、(本题 10 分)求幂级数(n1)2   的收敛域及和函数.
 3
n0
六、(本题 10 分)将函数 f(x) = π − x,0 ≤ x ≤ π 展开为周期为 2π 的余弦级数,
七、(本题 2 × 8 = 16 分)计算下列曲线或曲面积分
xdy ydx
1. 求 ,其中 L 为 20x2 21y2 1取逆时针方向;
L x2 4y2
2. 设 Σ 为平面 2x2yz1在第一卦限的部分,求I  (8x8y4z)dS.

八、(本题 10 分)计算第二类型曲面积分I   yzdydzzxdzdxz(x2  y2)dxdy

其中  为3z x2  y2,z0,取外侧.",pdfplumber_visible_bbox
study-s2-calculus-90f6102c4992a3c7-p0002-c01,study-s2-calculus-90f6102c4992a3c7,PDF 第 2 页 · 片段 1,2,0,814,knowledge/study/sources/year1/pdf/study-s2-calculus-90f6102c4992a3c7.pdf#page=2,"第 2 学期《高等数学》(A 类)
一、(10 分)求曲面x2  y2 z2 14上点 1 , 2 ,3  处的切平面及法线方程.
z y x
二、(12 分)设x3 y2 zxyz 0,求 , , .
x z y
三、(10 分)已知三个正数x,y,z的倒数之和为1 ,问:x,y,z取何值时,可以
使得这三个正数之和最小?
四、(12 分)计算I max  x,y  dxdy,其中D:0x1,0 y1.
D
 y7     
五、(15 分)计算I    1  dx xxy6 dy ,其中曲线L:cosx0 x  ,
L 7   2
 
起点为A  0,1  ,终点为B ,0.
 2 
xdydz  ydzdx zdxdy
I  
六、(10 分)计算曲面积分
 3
,其中
x2  y2 2z2 2

:  x3 2 4  y2 2 z2 a2  a5 ,方向取外侧.
七、(10 分)设 f  x 是周期为  2
0,  x 0
 
的函数,且 f x   ,将
1, 0 x 

f  x 
展开为傅里叶级数.
八、(16 分)判断下列各式的敛散性.
1.    sin2n  1   2.    1 n1   1cos 1  
 n2 n  n
n1 n1
n2
  2n   1 1    1 dx
2. 4.
 n 0 1x2
n1
九、(5 分)已知 f  x     excost sin  xsint  dt ,求 f '  x  以及 f  x  在x0
0
处的麦克劳林级数,并讨论该级数的收敛域.",pdfplumber_visible_bbox
study-s2-calculus-90f6102c4992a3c7-p0003-c01,study-s2-calculus-90f6102c4992a3c7,PDF 第 3 页 · 片段 1,3,0,904,knowledge/study/sources/year1/pdf/study-s2-calculus-90f6102c4992a3c7.pdf#page=3,"“《高等数学》(A 类)”
3x2 2y3 10
一、(8 分)求由曲线  绕
z 0
y 轴旋转一周所得到的旋转曲面在点
 
3,1,1 处的切平面方程与法线方程.
二、(8 分)设u f  x,y,z 有连续的一阶偏导数,又函数 y  y  x  和 z  z  x  分别
xzsint du
由exy xy 2和ex  dt确定. 求 .
0 t dx
0,  x0

三、(8 分)求函数 f  x  1, 0 x1 在

0, 1 x

[ , ]   上的傅里叶级数.
 n1
四、(8 分)求级数 的和.
2n
n1
五、(每小题3 分,共 12 分)判断下列级数是否收敛,并说明理由.
(1)  3n   2 n (3)   1 n1 lnn (3)  dx (4) 1 lnx dx
n2 n 1 3 x4 1 01x2
n1 n1
六、(12 分)在第一象限内过曲线3x22xy3y2 C上任意一点 , 做该曲线
的切线L,设L与两个坐标轴所围成的三角形面积为S  ,  . 如果当 , 在该
曲线上变动时,S  , 的最大值为 1 ,求常数 C 的值.
七、(12分)设 fx,ymaxx,y,D x,y0x1,0 y1 ,求 fx,yyx2 dxdy.
D
八、(12 分)设: x2  y2  z1,求I  x2  y2 z2 1dxdydz .

九、(12 分)设曲线积分 xy2dx y  x  dy与路径无关,其中  x 具有连续的导
L
数,且  0  0. 计算
1,1
xy2dx y  x  dy.
0,0
 
xdydz ydzdx z1dxdy
十、(8 分)计算 ,其中为柱面x2  y2 1被平面
x2  y2

z 0,xyz2所截出部分的外侧.",pdfplumber_visible_bbox
study-s2-calculus-90f6102c4992a3c7-p0004-c01,study-s2-calculus-90f6102c4992a3c7,PDF 第 4 页 · 片段 1,4,0,717,knowledge/study/sources/year1/pdf/study-s2-calculus-90f6102c4992a3c7.pdf#page=4,"2025 年 6 月 16 日
1. ( 10 分 ) 设不 : + (Y), 了一 ( 1 : 2 ) 。 计算 d 独 0 , 0 ) 和
00 )
D2 丆 D2
2 . ( 12 分 ) 设函数不 , ) 在上的二阶偏导数连续 , 且一一 +
Du2 2
2
a29 D2g
Dx2 砌 2
南开大学 202 丰 2025 学年第 2 学期 《 高等数学 (A 类 ) 》 期末试题
一 1 , 令
2
3 . ( 10 分 ) 求烈一 + 一 12T + 1 在一 { + 25 } 上的最值 .
4 , ( 10 分 ) 计算二重积分 /
一 d 司佑其中积分域刀是由直线 = = 1 “ : 0 所围成的平
面区域 、
5 , ( 10 分 ) 计算由曲面 = + 和 = 2 v/@苹护所围成的立体的体枞
6 , ( 10 分 ) 计算 02 + ds , 其中为球面 + + 一 1 与平面 + 2 之一 1 的交线 .
7 . ( 12 分 ) 计算 sin + 202 一 1 , 其中 L 是曲线一上从点 ( 0 , 0 ) 到点 ( 丌 , 0 ) 的一段弧 .
@一黟 + 习 3d 园之 + 一之 + ) 3d 之 + ( 之一 + y)3dxdy, 其中乥为曲面一 + +
9 . ( 每小题 3 分 , 共 12 分 ) 判断下列级数和反常积分的敛散性 :
十义
SIII
十义
( 2 ) 乥
, 其中 [ , ] 表示取整函数
dx
dx
@ + 1 和 2025 + 1 )
10 . ( 6 分 ) 将函数丆国
cos@sin0)d0 展开为的幂级数 , 并证明该函数在收敛区间内满足微分方程",windows_ocr
study-s2-marxism-0a0bec651848beaf-p0001-c01,study-s2-marxism-0a0bec651848beaf,PDF 第 1 页 · 片段 1,1,0,937,knowledge/study/sources/year1/pdf/study-s2-marxism-0a0bec651848beaf.pdf#page=1,"导论
1.马克思主义的四个特征
马克思主义具有鲜明的科学性、人民性、实践性、发展性,这些特征体现了马克思主义的
本质和使命,也展现出马克思主义的理论形象。
马克思主义的基本特征,如果用一句话来概括就是科学性革命性的统一
(1)马克思主义最根本的世界观和方法论是辩证唯物主义和历史唯物主义。
(2)马克思主义最鲜明的政治立场是马克思主义政党的一切理论和奋斗都应致力于实现以
劳动人民为主体的最广大人民的根本利益。
(3)马克思主义最重要的理论品质是坚持一切从实际出发,理论联系实际,实事求是,在
实践中检验真理和发展真理。
(4)马克思主义最崇高的社会理想是实现物质财富极大丰富、人民精神境界极大提高、每
个人自由而全面发展的共产主义社会。
第一章
1.物质统一性原理、物质与意识的辩证关系
(1)马克思主义认为,世界的统一性在于它的物质性,世界统一于物质。第一,自然界是
物质的。人类社会依存于自然界,是物质世界的组成部分。第二,人类社会的本质上是生产
实践基础上形成的物质体系。人类社会是物质世界的一部分。人类获取生活资料的生产活动
是物质的,物质资料的生产方式构成了人类社会存在和发展的基础,体系着人类社会的物质
性。第三,人的意识统一于物质。世界物质的统一性是多样性的统一。世界的物质统一性原
理是一切从实际出发的理论基础。
(2)1.物质对意识具有决定作用。物质决定意识,意识是对物质的反映,若不承认物质对
立于意识之外则无客观实践坐标,意识是对客观世界的主观映像。
2.意识对物质具有能动作用。意识的能动作用首先表现在意识能够正确反映客观事物,
还突出地表现在意识能够反作用于客观事物。正确的意识能够指导人们有效地开展实践活动,
促进客观事物的发展;错误的意识则会把人的活动引入歧途,阻碍客观事物的发展。
2.意识与人工智能
人工智能是人的意识能动性的一种特殊表现,是人的本质力量的对象部分地从人脑中分离出
来,物化为机器的物理运动从而延伸意识器官功能的新阶段。但即使是计算能力最强大、最
先进的智能机器,也达不到人类智能的层级,无法真正具有人的意识,不可能取代或超越人
类智能。
第一,人类意识是知情意的统一体,而人工智能只是对人类的理性智能的模拟和扩展,不具
",pdfplumber_visible_bbox
study-s2-marxism-0a0bec651848beaf-p0001-c02,study-s2-marxism-0a0bec651848beaf,PDF 第 1 页 · 片段 2,1,837,1134,knowledge/study/sources/year1/pdf/study-s2-marxism-0a0bec651848beaf.pdf#page=1,"即使是计算能力最强大、最
先进的智能机器,也达不到人类智能的层级,无法真正具有人的意识,不可能取代或超越人
类智能。
第一,人类意识是知情意的统一体,而人工智能只是对人类的理性智能的模拟和扩展,不具
备情感、信念、意志等人类意识形式。人工智能可以辅助人们决策,但无法代替人们以知情
意统一为基础的整体决策。
第二,社会性是人的意识所固有的本质属性,而人工智能不可能真正具备人类的社会属性。
第三,人类的自然语言是思维的物质外壳和意识的现实形式,而人工智能难以完全具备理解
自然语言真实意义的能力。
第四,人工智能能够获得人类意识中可以化约为数字信号的内容,但人脑中总有许多东西是
无法被化约的。",pdfplumber_visible_bbox
study-s2-marxism-0a0bec651848beaf-p0002-c01,study-s2-marxism-0a0bec651848beaf,PDF 第 2 页 · 片段 1,2,0,942,knowledge/study/sources/year1/pdf/study-s2-marxism-0a0bec651848beaf.pdf#page=2,"我们要以开放、客观的态度观察、思考和把握人工智能的未来发展及其对社会的影响。在充
分利用人工智能带来的便利的同时,还需要加强对人工智能不当应用风险的研判和防范,引
导和规范人工智能走向更有利于人类生存和发展的方向。
3.对立统一规律是事物发展的根本规律
(1)对立统一规律是唯物辩证法的实质和核心
第一,对立统一规律揭示了事物普遍联系的根本内容和永恒发展的内在动力,从根本上回答
了事物为什么会发展的问题;
第二,对立统一规律是贯穿质量互变规律、否定之否定规律以及唯物辩证法基本范畴的中心
线索,也是理解这些规律和范畴的""钥匙"";
第三,对立统一规律提供了人们认识世界和改造世界的根本方法--矛盾分析法。
(2)矛盾的同一性和斗争性及其在事物发展中的作用
(1)同一性和斗争性关系首先表现为相互联结、相互制约。
一方面,同一性不能脱离斗争性而存在,没有斗争性就没有同一性。同一是以差别和对立为
前提的,是包含差别和对立的具体的同一。脱离对立的同一,是绝对的或抽象的同一。
另一方面,斗争性也不能脱离同一性而存在,没有同一性也没有斗争性,矛盾的斗争性
是以双方具有内在的同一性为前提的。脱离同一性的斗争性即脱离同一的对立,是绝对的对
立。
同一是对立中的同一,斗争是同一中的斗争。
(2)矛盾的同一性和矛盾的斗争性在事物发展中都具有重要作用。
矛盾的同一性在事物发展中的作用表现在:
第一,同一性是事物存在和发展的前提,在矛盾双方中一方的发展以另一方的发展为条
件。发展是矛盾统一体中的发展。
第二,同一性是矛盾双方相互吸取有利于自身的因素,在相互作用中各自得到发展。
第三,同一性规定着事物转化的可能和发展的趋势。事物之所以能够转化,是由于事物
内部矛盾双方具有相互贯通的关系。事物的发展方向、趋势不是随意的,而是有规律地向自
己的对立面转化。
矛盾的斗争性在事物发展中的作用表现在:
第一,矛盾双方的斗争促进矛盾双方力量的变化,竞长争高,此消彼长,造成双方力量
发展的不平衡,为对立面的转化、事物的质变创造条件。
第二,矛盾双方的斗争,是一种矛盾统一体向另一种矛盾统一体过渡的决定力量。矛盾
的相互排斥、否定促成旧的矛盾统一体破裂和新的矛盾统一体产生,从而使旧事物发展为新
事物。
",pdfplumber_visible_bbox
study-s2-marxism-0a0bec651848beaf-p0002-c02,study-s2-marxism-0a0bec651848beaf,PDF 第 2 页 · 片段 2,2,842,1345,knowledge/study/sources/year1/pdf/study-s2-marxism-0a0bec651848beaf.pdf#page=2,"面的转化、事物的质变创造条件。
第二,矛盾双方的斗争,是一种矛盾统一体向另一种矛盾统一体过渡的决定力量。矛盾
的相互排斥、否定促成旧的矛盾统一体破裂和新的矛盾统一体产生,从而使旧事物发展为新
事物。
(3)矛盾的斗争性和矛盾的同一性在事物发展过程中是相互结合共同发生作用的。但在不同
条件下,二者所处的地位会有所不同。在一定的条件下,矛盾的斗争性可能处于主要的方面,
而在另外的条件下,矛盾的同一性又可能处于主要的方面。
(3)矛盾的普遍性和特殊性及其相互关系
(1)矛盾的普遍性是说矛盾存在于一切事物中,存在于一切事物发展过程的始终。矛盾无处
不在,无时不有,是对矛盾普遍性的简明表述。矛盾的特殊性有三种情形:一是不同事物和
过程的矛盾各有其特点;二是同一事物或过程的矛盾在不同的发展阶段各有不同特点;三是
构成事物的诸多矛盾以及每一矛盾的不同方面各有不同的性质、地位和作用。
(2)矛盾的普遍性和特殊性的关系的辩证关系可概括为三个方面:
第一,矛盾的普遍性和特殊性、共性和个性、一般和个别之间是相互对立的,一般、共性只
是同类个别事物的共同本质,这种共性、一般不可能包含个性、个别的全部内容和所有方面,",pdfplumber_visible_bbox
study-s2-marxism-0a0bec651848beaf-p0003-c01,study-s2-marxism-0a0bec651848beaf,PDF 第 3 页 · 片段 1,3,0,941,knowledge/study/sources/year1/pdf/study-s2-marxism-0a0bec651848beaf.pdf#page=3,"一般只包含了个性、个别的某一方面,某些特点,任何事物的个性都比共性丰富。
第二,矛盾的普遍性和特殊性、共性和个性、一般和个别又是同一的,是相互联结、相互依
存的,个性中包含着共性,特殊性中包含着普遍性,个性一定与共性相联结而存在;共性就
存在于个性之中,普遍性存在于特殊性之中,共性、一般、普遍也只能通过个性、个别、特
殊才能显示出来。
第三,矛盾的普遍性和特殊性、共性和个性、一般和个别的区分是相对的,它们在一定条件
下是可以相互转化的。
第二章
1.科学实践观及其意义
科学实践观从主观和客观、主体和客体的统一中把握实践,揭示了实践的本质,指明了实践
是人类能动地改造世界的社会性的物质活动,科学阐明了人类实践活动的特点、结构、形式
和实践标准等问题,深刻揭示出实践与认识的发展规律,形成了完整科学的理论体系。
科学实践观的意义:第一,克服了旧唯物主义的根本缺陷,为辩证唯物主义的创立奠定了科
学的理论基础。第二,揭示了实践对认识的决定作用,为能动的、革命的反映论的创立奠定
了科学的理论基础。第三,在人类思想史上第一次揭示了社会生活的实践本质,为唯物史观
是物创立奠定了科学的理论基础。第四,为人们能动地认识世界和改造世界提供了基本的思
想方法和工作方法。
2.认识的本质与过程
(1)认识的本质。认识是实践基础上主体对客体的能动的反映。它本质上是一种主体与客
体间的反映与被反映关系,它以主客体的实践关系为基础,同时渗透着主客体的价值关系和
其它关系;它是以主客体之间的信息相互作用为基础,以人所特有的精神活动为本质内容的
反映过程;认识是摹写、选择、建构和创造的统一。
(2)认识的过程。认识的一次完整过程是一个在实践基础上从感性认识到理性认识、又从
理性认识回到实践的具体认识过程。又表现为从实践到认识,在从认识到实践的循环往复和
无限发展的过程。
3.坚持守正创新,实现理论创新和实践创新的良性互动
人类认识世界和改造世界的过程,是一个不断坚持守正创新,并努力实现理论创新和实践创
新良性互动的过程。
(一)坚持守正创新
守正创新深刻揭示了坚持真理与发展真理、坚持马克思主义与发展马克思主义的辩证关系,
为推进党和人民事业提供了科学的立场观点方法。
要坚持守正不动摇。",pdfplumber_visible_bbox
study-s2-marxism-0a0bec651848beaf-p0003-c02,study-s2-marxism-0a0bec651848beaf,PDF 第 3 页 · 片段 2,3,841,1338,knowledge/study/sources/year1/pdf/study-s2-marxism-0a0bec651848beaf.pdf#page=3,"创新和实践创
新良性互动的过程。
(一)坚持守正创新
守正创新深刻揭示了坚持真理与发展真理、坚持马克思主义与发展马克思主义的辩证关系,
为推进党和人民事业提供了科学的立场观点方法。
要坚持守正不动摇。所谓守正,就是坚持实事求是,坚持真理性认识,坚持正确政治方向。
守正是创新的基本前提,也是创新的可靠保障。我们要以科学的态度对待科学,以真理的精
神追求真理,坚持马克思主义基本原理不动摇,坚持党的全面领导不动摇,坚持中国特色社
会主义不动摇,始终站在历史正确的一边,始终沿着正确的道路前进。
要坚持创新不停步。所谓创新,就是坚持解放思想,破除与客观事物进程不相符合的旧观念、
旧模式、旧做法,发现和运用事物的新联系、新属性、新规律,更有效地认识世界和改造世
界。我们要紧跟时代步伐,顺应实践发展,以满腔热忱对待一切新生事物,不断拓展认识的
广度和深度,敢于说前人没有说过的新话,敢于干前人没有干过的事情,以新的理论指导新
的实践。
守正创新就是坚持守正与创新的辩证统一。守正与创新是相辅相成的,守正是创新的前提和
基础,创新是守正的目的和路径。只有守正,才能按照事物的本质要求和客观规律想问题、",pdfplumber_visible_bbox
study-s2-marxism-0a0bec651848beaf-p0004-c01,study-s2-marxism-0a0bec651848beaf,PDF 第 4 页 · 片段 1,4,0,945,knowledge/study/sources/year1/pdf/study-s2-marxism-0a0bec651848beaf.pdf#page=4,"办事情,才能恪守正道、固本强基;只有创新,才能充分发挥人的主观能动性,促进认识和
实践的发展。守正创新深刻揭示了""变""与""不变""、继承与发展的辩证统一。
二)努力实现理论创新和实践创新的良性互动
人类的创新活动具有丰富的内容和表现,包含着知识创新、制度创新、科技创新、文化创新
等各方面创新。归结起来讲,主要是理论创新和实践创新两个基本方面,它们集中体现了人
类在认识世界和改造世界中的创新活动。
守正创新彰显着党的理论创新和实践创新的时代要求。实践创新为理论创新提供不竭的动力
源泉。理论创新为实践创新提供科学的行动指南。
理论创新和实践创新不是孤立进行的,而是在与另一方的互动中完成的,二者相互促进、辩
证统一,不断实现更高阶段的创新发展和实践创新的良性互动,指理论创新与实践创新之间
存在良好的、积极的相互作用和相互影响,或者说二者之间形成相互激发、共同促进的因果
关系。离开了实践的创新,理论创新就会缺乏动力;离开了理论的创新,实践创新就会迷失
方向。理论创新和实践创新的良性互动并不是自然而然实现的,而是需要人的努力才能实现。
我们要不断增强创新的自觉性,努力实现理论创新和实践创新的良性互动。
中国特色社会主义是在理论创新和实践创新良性互动过程中不断向前发展的。
第三章
1、社会存在与社会意识
社会存在和社会意识的关系及社会意识的相对独立性原理。
(1)、社会存在和社会意识是辩证统一的。社会存在决定社会意识,社会意识是社会存在的
反映,并反作用于社会存在:社会存在是社会意识内容的客观来源,社会意识是社会物质生
活过程及其条件的主观反映。社会意识根源于社会存在,是对以实践为基础的不断变化发展
的现实世界的反应。
(2)、社会意识的相对独立性主要表现在:
1社会意识与社会存在发展的不平衡性;
2社会意识内部各种形式之间的相互影响及各自具有的历史继承性;
3社会意识对社会存在的能动的反作用。
2、社会基本矛盾及其运动规律
(1)、生产力与生产关系的矛盾运动及其规律:
生产力与生产关系的相互作用(生产力决定生产关系,生茶关系对生产力具有能动的反作用)
是一个过程,表现为二者的矛盾运动。
这种矛盾运动中内在的、本质的、必然的联系,就是生产关系一定要适合生产力状况的规律。
",pdfplumber_visible_bbox
study-s2-marxism-0a0bec651848beaf-p0004-c02,study-s2-marxism-0a0bec651848beaf,PDF 第 4 页 · 片段 2,4,845,1323,knowledge/study/sources/year1/pdf/study-s2-marxism-0a0bec651848beaf.pdf#page=4,"力与生产关系的相互作用(生产力决定生产关系,生茶关系对生产力具有能动的反作用)
是一个过程,表现为二者的矛盾运动。
这种矛盾运动中内在的、本质的、必然的联系,就是生产关系一定要适合生产力状况的规律。
就内容看,这一规律概括了生产力和生产关系相互作用的两个方面。从过程看,这一规律表
现为生产关系对于生产力总是从基本适合到基本不适合,再到新的基础上的基本适合;与此
相适应,生产关系也总是从相对稳定到新旧更替,再到相对稳定。生产力和生产关系的这种
矛盾运动循环往复,不断推动社会生产发展,进而推动整个社会逐步走向高级阶段。生产关
系一定要适合生产力状况的规律是社会形态发展的普遍规律。
(2)、经济基础与上层建筑的矛盾运动及其规律:
经济基础与上层建筑的相互作用(经济基础决定上层建筑,上层建筑对经济基础具有反作
用)构成二者的矛盾运动。这种矛盾运动在实际运行中是极为复杂的。其一,在同一性质的
经济基础与上层建筑的关系中,上层建筑的不完善部分、没有反映经济基础要求的部分都会
同经济基础发生矛盾。其二,在不同性质的经济基础与上层建筑的关系中,矛盾更为复杂,",pdfplumber_visible_bbox
study-s2-marxism-0a0bec651848beaf-p0005-c01,study-s2-marxism-0a0bec651848beaf,PDF 第 5 页 · 片段 1,5,0,920,knowledge/study/sources/year1/pdf/study-s2-marxism-0a0bec651848beaf.pdf#page=5,"主要表现在占统治地位的经济基础同旧上层建筑的残余、未来上层建筑的萌芽之间的矛盾,
新旧上层建筑之间、新旧经济基础之间的矛盾等。其三,当一种社会形态处于上升发展阶段
时,上层建筑对于经济基础一般是适应的;当一种社会形态处于没落时期时,上层建筑同经
济基础变革的客观要求是不相适应的,其矛盾则变为对抗性的、全局性的矛盾。
经济基础和上层建筑之间的内在联系构成了上层建筑一定要适合经济基础状况的规律。
经济基础状况决定上层建筑的发展方向,决定上层建筑相应的调整或变革;上层建筑的反作
用也必须取决于和服从于经济基础的性质和客观要求。
3、社会基本矛盾是历史发展的根本动力
生产力和生产关系、经济基础和上层建筑的矛盾是社会基本矛盾。社会基本矛盾是社会发展
的根本动力,他在社会发展中的作用主要表现在:
(1)、生产力是社会基本矛盾运动中最基本的动力因素,是人类社会发展和进步的最终决定
力量;
(2)、社会基本矛盾特别是生产力和生产关系的矛盾,是“一切历史冲突的根源”,决定着社
会中其他矛盾的存在和发展;
(3)、社会基本矛盾具有不同的表现形式和解决方式,并从根本上影响和促进社会形态的变
化和发展。
4、文化在社会发展中的作用
文化是推动社会发展的重要力量,对社会发展有巨大影响,正切把握文化的前进方向,充分
发挥文化的积极作用,对于引领社会发展至关重要。
(1)、文化为社会发展提供思想指引;
(2)、文化为社会发展提供精神动力;
(3)、文化为社会发展提供凝聚力量;
(4)、哲学社会科学是文化的重要组成部分,其发展水平反应了一个民族思维能力、精神品
格、文明素质,体现一个国家的综合国力和国际竞争力;
(5)、文艺承担着以文化人、以文育人的职责。
5、人民群众在创造历史过程中的决定作用:
人民群众是一个历史范畴。人民群众从质上说是指一切对社会历史发展起推动作用的人们,
从量上说是指社会人口中的绝大多数。人民群众最稳定的主体部分始终是从事物质资料生产
的劳动群众及其知识分子。在社会历史发展过程中,人民群众起着决定性的作用。人民群众
是历史的主体,是历史的创造者。人民群众创造历史的作用是同社会基本矛盾运动推动社会
前进的过程相一致的。",pdfplumber_visible_bbox
study-s2-marxism-0a0bec651848beaf-p0005-c02,study-s2-marxism-0a0bec651848beaf,PDF 第 5 页 · 片段 2,5,820,1192,knowledge/study/sources/year1/pdf/study-s2-marxism-0a0bec651848beaf.pdf#page=5,"事物质资料生产
的劳动群众及其知识分子。在社会历史发展过程中,人民群众起着决定性的作用。人民群众
是历史的主体,是历史的创造者。人民群众创造历史的作用是同社会基本矛盾运动推动社会
前进的过程相一致的。人民群众的总体意愿和行动代表了历史发展的方向,人民群众的社会
实践最终决定历史发展的结局。人民群众是社会物质财富的创造者,人民群众是社会物质财
富、社会精神财富的创造者,人民群众是社会变革的决定性力量。但人民群众创造历史的活
动要受到一定社会历史条件的制约。
第四章
1、商品经济产生的条件及其基本矛盾
商品经济得以产生的历史条件有两个:一是社会分工的出现,二是生产资料和劳动产品
属于不同的所有者。
1.所谓社会分工是指社会劳动划分和独立化为不同部门和行业。
2.生产资料和劳动产品属于不同的所有者,是商品生产和商品经济产生的另一个重要条件。",pdfplumber_visible_bbox
study-s2-marxism-0a0bec651848beaf-p0006-c01,study-s2-marxism-0a0bec651848beaf,PDF 第 6 页 · 片段 1,6,0,942,knowledge/study/sources/year1/pdf/study-s2-marxism-0a0bec651848beaf.pdf#page=6,"在私有制商品经济条件下,私人劳动和社会劳动之间的矛盾是私有制商品经济的基本矛
盾。在资本主义制度下,这种矛盾进一步发展成资本主义的基本矛盾,即生产资料的资本主
义私人占有和生产社会化之间的矛盾,
2、商品及其二因素与生产商品的劳动二重性
商品是用来交换的能满足人们某种需要的劳动产品,具有使用价值和价值两个因素,是
使用价值和价值的矛盾统一体。
使用价值是指商品能满足人们某种需要的属性,即商品的有用性,反映的是人与自然之间的
物质关系,是商品的自然属性,是一切劳动产品所共有的属性。使用价值构成社会财富的物
质内容。使用价值是交换价值的物质承担者。交换价值首先表现为一种使用价值同另一种使
用价值相交换的量的关系或比例。
价值决定商品交换的比例。价值是凝结在商品中的无差别的一般人类劳动,即人类脑力
和体力的耗费。价值是商品所特有的社会属性。任何有用物品都具有使用价值,但只有这种
有用物品是劳动产品并作为商品时,它才具有价值。
商品的价值和使用价值之间的关系是对立统一的关系。
其对立性表现在:商品的使用价值和价值是相互排斥的,二者不可兼得。其统一性表现在:
作为商品,必须同时具有使用价值和价值两个因素。
商品是劳动产品,生产商品的劳动具有二重性,即具体劳动和抽象劳动。具体劳动和抽
象劳动也是对立统一的关系。一方面,具体劳动和抽象劳动不是各自独立存在的两种劳动或
两次劳动,它们在时间上和空间上是统一的,是商品生产者的同一劳动过程的不可分割的两
个方面;另一方面,具体劳动所反映的是人与自然的关系,它是劳动的自然属性,而抽象劳
动所反映的是商品生产者的社会关系,它是劳动的社会属性。
3、价值规律的内容以及作用
价值规律是在市场配置资源的过程中体现它的客观要求和作用的。价值规律的作用表现在:
第一,自发地调节生产资料和劳动力在社会各生产部门之间的分配比例。
第二,自发地刺激社会生产力的发展。第三,自发地调节社会收入的分配。
价值规律在对经济活动进行自发调节时,必然会产生一些消极的后果。
其一,可能导致垄断的发生,阻碍技术的进步。
其二,可能引起商品生产者的两极分化。
其三,价值规律自发调节社会资源在社会生产各个部门的配置,可能出现比例失调的状况,
造成社会资源的浪费
",pdfplumber_visible_bbox
study-s2-marxism-0a0bec651848beaf-p0006-c02,study-s2-marxism-0a0bec651848beaf,PDF 第 6 页 · 片段 2,6,842,1365,knowledge/study/sources/year1/pdf/study-s2-marxism-0a0bec651848beaf.pdf#page=6,"些消极的后果。
其一,可能导致垄断的发生,阻碍技术的进步。
其二,可能引起商品生产者的两极分化。
其三,价值规律自发调节社会资源在社会生产各个部门的配置,可能出现比例失调的状况,
造成社会资源的浪费
4、劳动力成为商品是货币转化为资本的前提
1、资本主义经济制度是以资本家占有生产资料和以雇佣劳动为基础的经济制度。资本主义
雇佣劳动制度的形成是以劳动力成为商品为前提的。
2、劳动力是指人的劳动能力,是人的体力和脑力的总和。劳动力使用即劳动。
3、劳动力成为商品,要具备两个基本条件:第一,劳动者是自由人,能够把自己的劳动力
当作自己的商品来支配;第二,劳动者没有别的商品可以出卖,自由得一无所有,没有任何
实现自己劳动力所必需的物质条件。
4、劳动力成为商品,标志着简单商品生产发展到资本主义商品生产的新阶段。
5、劳动力商品也具有价值和使用价值。但是,劳动力是特殊的商品,它的价值和使用价值
具有不同于普通商品的特点。“劳动力的价值,是由生产、发展、维持和延续劳动力所必需
的生活必需品的价值决定的”它包括三个部分:(1)维持劳动者本人生存所必需的生活资料
的价值;(2)为维持劳动者家属的生存所必需的生活资料的价值;(3)劳动者接受教育和训",pdfplumber_visible_bbox
study-s2-marxism-0a0bec651848beaf-p0007-c01,study-s2-marxism-0a0bec651848beaf,PDF 第 7 页 · 片段 1,7,0,919,knowledge/study/sources/year1/pdf/study-s2-marxism-0a0bec651848beaf.pdf#page=7,"练所支出的费用。
6、劳动力商品在使用价值上有一个很大的特点,就是它的使用价值是价值的源泉,它在消
费过程中能够创造新的价值,而且这个新的价值比劳动力本身的价值更大。(了解P156)
7、在资本主义条件下,资本家购买的是雇佣工人的劳动力而不是劳动。劳动是劳动力商品
的使用价值,它本身并不是商品。劳动力商品具有能创造比自身价值大的价值的特点,正因
为如此,资本家才购买劳动力来进行资本主义生产。
5、资本、资本积累、资本有机构成、相对过剩人口、资本主义工资
1、把剩余价值转化为资本,或者说,剩余价值的资本化,就是资本积累。
资本家获得无偿占有的剩余价值后,并不是将其完全用于个人消费,而是将一部分转化为资
本,用以购买追加的生产资料和劳动力,使生产在扩大的规模上重复进行,这就是资本主义
扩大再生产。在这里,资本积累是资本主义扩大再生产的源泉。资本积累的源泉是剩余价值,
资本积累规模的大小取决于资本家对工人的剥削程度、劳动生产率的高低、所用资本和所费
资本之间的差额以及资本家预付资本的大小。这些因素都是加强和扩大对工人剥削的因素。
因此,资本积累就是依靠剥削工人所创造的剩余价值而实现的,没有剩余价值,就不可能有
资本积累。随着资本积累和生产规模的扩大,社会财富日益集中到资产阶级手中,而社会财
富的直接创造者即无产阶级则只占有少部分社会财富。这样必然加剧社会的两极分化,即一
极是财富越来越集中于少数人手中,另一极是多数人只拥有社会财富的较小部分。
2、由生产的技术水平所决定的生产资料和劳动力之间的比例,叫作资本的技术构成。
从价值形式上看,资本可分为不变资本和可变资本,这两部分资本价值之间的比例,叫作资
本的价值构成。在资本的技术构成和资本的价值构成之间,存在密切的联系。一般来说,资
本的技术构成决定资本的价值构成,技术构成的变化往往会引起价值构成的相应变化,而价
值构成的变化通常反映技术构成的变化。这种由资本的技术构成决定并反映技术构成变化的
资本价值构成,叫作资本的有机构成。
资本有机构成的提高是一般趋势,这是由资本的本性决定的。
3、在资本有机构成提高的情况下,由于可变资本的相对量的减少,资本对劳动力的需求日
",pdfplumber_visible_bbox
study-s2-marxism-0a0bec651848beaf-p0007-c02,study-s2-marxism-0a0bec651848beaf,PDF 第 7 页 · 片段 2,7,819,1459,knowledge/study/sources/year1/pdf/study-s2-marxism-0a0bec651848beaf.pdf#page=7,"决定并反映技术构成变化的
资本价值构成,叫作资本的有机构成。
资本有机构成的提高是一般趋势,这是由资本的本性决定的。
3、在资本有机构成提高的情况下,由于可变资本的相对量的减少,资本对劳动力的需求日
益相对地减少,其结果,就不可避免地造成大批工人失业,形成相对过剩人口。所谓相对人
口过剩,就是劳动力供给超过了资本对它的需要。
在资本主义制度下,工人的工资是劳动力的价值或价格,这是资本主义工资的本质。在这种
制度下,资本家购买工人的劳动力是以货币工资形式支付的,工人为资本家劳动,资本家付
给工人工资,工资表现为“劳动的价格”或工人全部劳动的报酬,这就模糊了工人必要劳动
和剩余劳动的界限,掩盖了资本主义的剥削关系。“这种假象,就是雇佣劳动和历史上其他
形式的劳动的不同之处。”
4、资本主义工资的形式主要有两种,即计时工资和计件工资。除此之外,资本家还建立了
各种形式的血汗工资制度,其特点是利用“科学的劳动组织”,最大限度地提高工人的劳动
强度,从他们身上榨取更多的血汗。
在当代资本主义国家,随着社会生产力的发展、科学技术的进步、劳动过程的复杂化和脑力
劳动作用的加强,工人的实际工资呈现出不断提高的趋势,但是与其创造的剩余价值的增长
幅度相比,实际工资提高的幅度还是较小的。只要资本和雇佣劳动的基本经济关系不变,资
本主义工资的本质就不会发生根本变化。
6、剩余价值的产生及其两种生产方式
剩余价值是在资本主义的生产过程中生产出来的。资本主义的生产过程具有两重性,一方面",pdfplumber_visible_bbox
study-s2-marxism-0a0bec651848beaf-p0008-c01,study-s2-marxism-0a0bec651848beaf,PDF 第 8 页 · 片段 1,8,0,910,knowledge/study/sources/year1/pdf/study-s2-marxism-0a0bec651848beaf.pdf#page=8,"是生产物质资料的劳动过程,另一方面是生产剩余价值的过程,即价值增值过程资本主义生
产过程是劳动过程和价值增值过程的统一。
剩余价值的雇佣工人所创造的并被资本家无偿占有的超过劳动力价值的那部分价值,它是雇
佣工人剩余劳动的凝结,体现了资本家与雇佣工人之间剥削与被剥削的关系。
7、经济危机产生的必然性
资本主义发展到一定阶段,就会发生以生产过剩为基本特征的经济危机。生产过剩是资本主
义经济危机的本质特征,但是这种过剩是相对过剩,即相对于劳动人民有支付能力的需求来
说社会生产的商品显得过剩,而不是与劳动人民的实际需求相比的绝对过剩。
经济危机的抽象的一般的可能性,首先是由货币作为流通手段和支付手段引起的。资本主义
经济危机具有周期性。
资本主义经济危机周期性爆发的特点,是社会资本再生产也呈现出周期性的特点。社会资本
再生产的周期一般包括四个阶段,即危机,萧条,复苏,高涨。这四个阶段是相互联系的,
其中危机阶段是周期的基本阶段。资本主义的再生产不一定都经过四个阶段,但危机阶段是
必经阶段,没有危机阶段,就不存在资本主义再生产的周期性。
8、资本主义民主制度的本质
由于资本主义政治制度本质上是资产阶级实行政治统治的社会管理的手段和方式,是为资产
阶级专政服务的,因此他有资本主义政治制度历史和阶级的局限性:其一,资本主义的民主
是金钱操纵下的民主,实际是资产阶级精英统治下的民主。其二,法律名义上的平等掩盖着
事实上的不平等。其三,资本主义国家的政党制是一种维护资产阶级统治的政治制度。其四、
正当恶斗相互掣肘,决策效率低下,激化社会矛盾。
第五章
1. 垄断形成的必然性及其与竞争的关系。
必然性:自由竞争引起生产集中和资本集中,资本集中和生产集中发展到一定阶段必然引起
垄断,这是资本主义发展的客观规律。
(垄断产生的原因:第一,当生产集中发展到相当高的程度,极少数企业就会联合起来,操
纵和控制本部门的生产和销售,实行垄断,以获得高额利润。第二,企业规模巨大,形成对
竞争的限制,也会产生垄断。第三,激烈的竞争会给竞争各方带来的损失越来越严重,为了
避免两败俱伤,企业之间会达成妥协,联合起来,实行垄断。)
",pdfplumber_visible_bbox
study-s2-marxism-0a0bec651848beaf-p0008-c02,study-s2-marxism-0a0bec651848beaf,PDF 第 8 页 · 片段 2,8,810,1338,knowledge/study/sources/year1/pdf/study-s2-marxism-0a0bec651848beaf.pdf#page=8,"销售,实行垄断,以获得高额利润。第二,企业规模巨大,形成对
竞争的限制,也会产生垄断。第三,激烈的竞争会给竞争各方带来的损失越来越严重,为了
避免两败俱伤,企业之间会达成妥协,联合起来,实行垄断。)
关系:垄断是在自由竞争中形成的,是作为自由竞争的对立面产生的,但是,垄断并不能消
除竞争,反而是竞争变得更加复杂和剧烈。这是因为:
第一,垄断没有消除产生竞争的经济条件。第二,垄断必须通过竞争来维持。第三,社会生
产是复杂多样的,任何垄断组织都不可能把包罗万象的社会生产都包下来。总之,在垄断条
件下,在垄断组织内部、垄断组织之间以及垄断资本家集团之间,垄断组织同非垄断组织之
间以及中小企业之间,存在着广泛而激烈的竞争。
2. 金融资本、金融寡头;金融寡头如何控制经济生活和国家机器的。
金融资本是由工业垄断资本和银行垄断资本融合在一起而形成的一种垄断资本。
金融寡头是指操纵国民经济命脉,并在实际上控制国家政权的少数垄断资本家或垄断资本家
集团。
金融寡头在经济领域中的统治主要是通过“参与制”实现的。所谓参与制,即金融寡头通过掌
握一定数量的股票来层层控制企业的制度。
金融寡头对国家机器的控制,主要是通过同政府的“个人联合”来实现的。金融寡头还通过",pdfplumber_visible_bbox
study-s2-marxism-0a0bec651848beaf-p0009-c01,study-s2-marxism-0a0bec651848beaf,PDF 第 9 页 · 片段 1,9,0,929,knowledge/study/sources/year1/pdf/study-s2-marxism-0a0bec651848beaf.pdf#page=9,"建立政策咨询机构等方式对政府的政策施加影响,并通过掌握新闻出版,广播电视,科学教
育,文化体育等上层建筑的各个领域左右国家的内政、外交及社会生活。
3. 国家垄断资本主义形成的必然性及其作用。
必然性:国家垄断资本主义的形成和发展不是偶然的,它是科技进步和生产社会化程度进一
步提高的产物,是资本主义基本矛盾进一步尖锐化的必然结果。首先,社会生产力的发展,
要求资本主义生产资料在更大范围内被支配,从而促进了国家垄断资本主义的产生。其次,
经济波动和经济危机的深化,要求国家垄断资本主义的产生。最后,缓和社会矛盾,协调利
益关系,要求国家垄断资本主义的产生。
作用:国家垄断资本主义在本质上是资产阶级国家力量同垄断组织力量结合在一起的垄断资
本主义。它在一定程度上促进生产力发展的同时,也加强了对劳动人民的剥削和掠夺,更好
的保证垄断资产阶级获得高额垄断利润,更有利于维护资本主义制度。是资产阶级国家在直
接参与社会资本的再生产过程中,代表资产阶级总利益并凌驾于个别垄断资本之上,对社会
经济进行调节的一种形式。
4. 当代资本主义新变化的原因和实质。
原因:1科学技术革命和生产力的发展,是资本主义变化的根本推动力量。
2工人阶级争取自身权利和利益的斗争,是推动资本主义变化的重要力量。
3社会主义制度初步显示的优越性对资本主义产生了一定影响。
4主张改良主义的政党对资本主义制度的改革,也对资本主义的变化发挥了重要作用。
实质:1当代资本主义发生的变化从根本上说是人类社会发展一般规律和资本主义经济规律
作用的结果。
2当代资本主义发生的变化是在资本主义制度基本框架内的变化,并不意味着资本主义生产
关系的根本性质发生了变化。
5. 如何正确认识资本主义的历史地位。
历史进步性:
其一,资本主义将科学技术转变为强大的生产力。
其二,资本追求剩余价值的内在动力和竞争的外在压力推动了社会生产力的迅速发展。
其三,资本主义的意识形态和政治制度作为上层建筑在战胜封建社会自给自足的小生产的生
产方式,保护、促进和完善资本主义生产方式方面起着重要作用,从而推动了社会生产力的
迅速发展,促进了社会进步。
局限性:
其一,资本主义基本矛盾阻碍社会生产力的发展。
",pdfplumber_visible_bbox
study-s2-marxism-0a0bec651848beaf-p0009-c02,study-s2-marxism-0a0bec651848beaf,PDF 第 9 页 · 片段 2,9,829,1254,knowledge/study/sources/year1/pdf/study-s2-marxism-0a0bec651848beaf.pdf#page=9,"战胜封建社会自给自足的小生产的生
产方式,保护、促进和完善资本主义生产方式方面起着重要作用,从而推动了社会生产力的
迅速发展,促进了社会进步。
局限性:
其一,资本主义基本矛盾阻碍社会生产力的发展。
其二,资本主义制度下财富占有两极分化,引发经济危机。
其三,资本家阶级支配和控制资本主义经济和政治的发展和运行,不断激化社会矛盾和冲突。
第六章
一、主要内容
1、资本主义必然灭亡,社会主义必然胜利;
2、无产阶级是最先进最革命的阶级,肩负着推翻资本主义旧世界、建立社会主义和共产主
义新世界的历史使命;
3、无产阶级革命是无产阶级进行斗争的最高形式,以建立无产阶级专政国家政权为目的;
4、要在生产资料公有制基础上组织生产,以满足全体社会成员的需要为生产的根本目的;
5、要对社会生产进行有计划地指导和调节,实行按劳分配原则;
6、要合乎自然规律地改造和利用自然,努力实现人与自然的和谐共生;
7、必须坚持科学的理论指导,大力发展社会主义先进文化;",pdfplumber_visible_bbox
study-s2-marxism-0a0bec651848beaf-p0010-c01,study-s2-marxism-0a0bec651848beaf,PDF 第 10 页 · 片段 1,10,0,941,knowledge/study/sources/year1/pdf/study-s2-marxism-0a0bec651848beaf.pdf#page=10,"8、无产阶级政党是无产阶级的先锋队,社会主义事业必须始终坚持无产阶级政党的领导;
9、社会主义事业必须始终坚持无产阶级政党的领导;
10、共产主义是人类最美好的社会制度,实现共产主义是共产党人的最高理想。
二、正确把握科学社会主义基本原则
1、必须始终坚持科学社会主义基本原则,反对任何背离科学社会主义基本原则的错误倾向;
2、要善于把科学社会主义基本原则与本国实际和时代特征相结合,创造性地回答和解决社
会主义革命、建设、改革中的重大问题。
3、紧跟时代和实践的发展,在不断总结新鲜经验中进一步丰富和发展社会主义基本原则。
三、科学社会主义基本原则与中国特色社会主义
1、中国特色社会主义始终坚持科学社会主义原则;
2、中国特色社会主义既坚持科学社会主义基本原则,又具有鲜明的民族特色和时代特色;
3、新时代中国特色社会主义在坚持科学社会主义的基本原则基础上,在与中国具体实际和
中华优秀传统文化结合中,作出一系列重大创新。
4、习近平新时代中国特色社会主义思想,是在中国特色社会主义进入新时代、当今世界经
历新变局、我们党面临执政新考验的历史条件下形成和发展起来的,标志着我们党在自觉把
科学社会主义基本原则与当代中国实际和时代特征相结合上达到了新的境界。
第七章
6. 社会主义初级阶段坚持共产主义远大理想的重要性。
版本一:从书上找的
1共产主义是预见未来社会的方法论原则。这是我们展望未来理想社会的依据,他在揭示人
类社会发展一般规律的基础上指明社会发展方向,在剖析资本主义旧世界的过程中阐发未来
新世界的特点。
2 共产主义理想实现的长期性。实现共产主义必须要经过很多历史阶段,社会主义社会的
充分发展和最终向共产主义过渡需要很长的历史时期。
3社会主义是共产主义的初级阶段,也是实现共产主义的必由之路。坚持社会主义道路就是
坚持社会主义制度,是我们在当今世界为共产主义事业做出的重要贡献,放弃社会主义道路
也是放弃对共产主义理想和追求,就是对共产主义事业的背叛。
版本二:从网上找的
1中国共产党历来重视共产主义思想体系对于社会主义初级阶段的指导作用。第一,自从中
国共产党成立以来,我们的一切工作和运动就是在共产主义思想体系指导下进行的,这是现
实,也是我们的传统。",pdfplumber_visible_bbox
study-s2-marxism-0a0bec651848beaf-p0010-c02,study-s2-marxism-0a0bec651848beaf,PDF 第 10 页 · 片段 2,10,841,1381,knowledge/study/sources/year1/pdf/study-s2-marxism-0a0bec651848beaf.pdf#page=10,"二:从网上找的
1中国共产党历来重视共产主义思想体系对于社会主义初级阶段的指导作用。第一,自从中
国共产党成立以来,我们的一切工作和运动就是在共产主义思想体系指导下进行的,这是现
实,也是我们的传统。第二,在社会主义的现阶段,社会的一部分先进分子的思想和行为已
经超出了现实阶段,表现出共产主义的伟大精神。第三,离开共产主义思想的指导,我们的
社会主义社会就不能保持正确的政治方向,甚至会走到畸形发展或蜕化变质的邪路。
2中国特色社会主义共同理想是共产主义最高理想在我国社会主义初级阶段的现实体现,是
实现共产主义最高理想的必经阶段。没有最高理想的指引,就不会有共同理想的确立和坚持。
没有共同理想的实现,最高理想就没有现实的基础和条件。任何时候都不能把最高理想和共
同理想割裂开来,对立起来。在实现中华民族伟大复兴的征程中,必须始终坚持远大理想与
现实奋斗相统一,既要树立共产主义远大理想,坚定信念,以高尚的思想道德要求鞭策自己,
更要从社会主义初级阶段的实际出发,脚踏实地地为实现党在现阶段的基本纲领不懈努力。”
3在社会主义初级阶段的发展中,要取得中国特色社会主义事业的胜利和成功,要保证我国
发展的正确方向,就不能离开对社会主义和共产主义理想信念的坚定追求,就必须在全国持",pdfplumber_visible_bbox
study-s2-marxism-19de0432715b4aa5-p0001-c01,study-s2-marxism-19de0432715b4aa5,PDF 第 1 页 · 片段 1,1,0,859,knowledge/study/sources/year1/pdf/study-s2-marxism-19de0432715b4aa5.pdf#page=1,"马原框架梳理
导论部分
. 导论 ( 马克思主义由来 、 作用等 )
马克思主义的四个特征 ( 科学性 、 人民性 、 实践性 、 发展性 )
基本特征 : 科学性革命性的统一
· 最鲜明的政治立场 : 致力于实现以劳动人民为主体的最广大人民的根本利益
。 理论部分
· 第一章 : 世界的物质性及其发展规律 ( 物质与意识 / 唯物辩证法 )
物质统一性原理
· 世界的统一性在于它的物质性 , 世界统一于物质
的一部分
· 第三
自然界是物质的 。 人类社会依存于自然界 , 是物质世界的组成部分
人类社会本质上是生产实践基础上形成的物质体系 。 人类社会是物质世界
人的意识统一于物质 。 世界物质的统一性是多样性的统一
. 物质与意识的辩证关系
物质对意识具有决定作用 , 物质决定意识
. 意识对物质具有能动作用 , 正确的意识促进客观事物的发展 , 错误的意识阻碍客观事
物的发展
。 意识与人工智能
. 人工智能是人的意识能动性的一种特殊表现 , 但不具有人的意识 , 不可能取代或超越
人类
· 第一 , 人类意识是知情意的统一体 , 而人工智能只是对人类的理性智能的模拟和
扩展 , 不具备情感 、 信念 、 意志
· 第二 , 社会性是人的意识所固有的本质属性 , 人工智能不具备人类的社会属性
第三 , 人类的自然语言是思维的物质外壳和意识的现实形式 , 而人工智能难以理
解自然语言真实意义
第四 , 人工智能能够获得人类意识中可以化约为数字信号的内容 , 但人脑中总有
许多东西是无法被化约的
· 我们要以 ( 1 ) 开放 、 客观的态度观察 、 思考和把握人工智能的未来发展及其对社会的影
响 。 / 在充分利用人工智能带来的 2 便利的同时 , 还需要加强对人工智能不当应用风
险的研判和防范 , / 引导和规范人工智能走向更 O 有利于人类生存和发展的方向
。 对立统一规律是事物发展的根本规律
. 对立统一规律是唯物辩证法的实质和核心
· 认识世界和改造世界的根本方法一一矛盾分析法",windows_ocr
study-s2-marxism-19de0432715b4aa5-p0002-c01,study-s2-marxism-19de0432715b4aa5,PDF 第 2 页 · 片段 1,2,0,891,knowledge/study/sources/year1/pdf/study-s2-marxism-19de0432715b4aa5.pdf#page=2,". 矛盾的同一性和斗争性及其在事物发展中的作用
. 同一性和斗争性相互联结 、 相互制约
· 同一性不能脱离斗争性而存在 , 没有斗争性就没有同一性
· 斗争性也不能脱离同一性而存在 , 没有同一性就没有斗争性
斗争性以同一性为前提
二者在事物发展中都具有重要作用
· . 同一性是事物存在和发展的前提 ; 2 同一性亻吏矛盾双方相互吸取
有利于自身的因素 ; O 同一跬规定事物发展的趋势
· 斗争性 . . 矛盾斗争性促进矛盾双方的变化 , 为事物的质变创造条件 ; 2 矛
盾的相互排斥 、 否定促亻吏旧事物发展为新事物
· 在不同条件下 , 二者所处的地位会有所不同
· 矛盾的普遍性和特殊性及其相互关系
普遍性 : 是说矛盾存在于一切事物中 , 无处不在 , 无时不有
· 特殊性 . . 不同事物和过程的矛盾各有其特点 ; 2 同一事物或过程的矛盾在不同
的发展阶段各有不同特点 ; 构成事物的诸多矛盾以及每一矛盾的不同方面各有
不同的性质 、 地位和作用
辩证关系
· 第一 , 矛盾的普遍性和特殊性相互对立
· 第二 , 矛盾的普遍性和特殊性相互耳关结 、 相互依存 , 特殊性中包含着普遍
性 , 普遍性存在于特殊性之中
· 第三 , 矛盾的普遍性和特殊性在一定条件下可以相互转化
第二章 : 实践与认识及其发展规律 ( 认识论 / 真理与价值 )
科学实践观及其意义
. 科学实践观从主观和客观 、 主体和客体的统一中揭示了实践的本质 , 指明了实践是人
类能动地改造世界的社会性的物质活动 , 阐明了人类实践活动的特点等问题 , 揭示了
实践与认识的发展规律
. 思义
为辩证唯物主义的创立奠定了科学的理论基础
. 揭示了实践对认识的决定作用
为唯物史观创立奠定了科学的理论基础
· 为人们能动地认识世界和改造世界提供了基本的思想方法和工作方法
. 认识的本质与过程
本质 : 认识是实践基础上主体对客体的能动反映
· 过程 : 感性认识一理性认识一实践 , 实践一认识一实践 , 循环往复 、 无限发展
. 坚持守正创新 , 实现理论创新和实践创新的良性互动",windows_ocr
study-s2-marxism-19de0432715b4aa5-p0003-c01,study-s2-marxism-19de0432715b4aa5,PDF 第 3 页 · 片段 1,3,0,878,knowledge/study/sources/year1/pdf/study-s2-marxism-19de0432715b4aa5.pdf#page=3,"守正创新为推进党和人民事业提供了科学的立场观点方法 , 深刻揭示了 ' 变 "" 与 "" 不
变 "" 、 继承与发展的辩证统一
寸正是坚持实事求是 , 坚持真理性认识 , 坚持正确政治方向
创新是坚持解放思想 , 更有效地认识世界和改造世界
( 二者关系 ) 守正与创新相辅相成 , 守正是创新的前提和基础 , 创新是守正的目的和
路径
( 红色经典话术 ) 我们要坚持马克思主义基本原理不动摇 , 坚持党的全面领导不动
摇 , 坚持中国特色社会主义不动摇 , 始终沿着正确的道路前进
( 怎么做 ) 我们要紧跟时代步伐 , 顺应实践发展 , 以新的理论指导新的实践
. 第三章 : 人类社会及其发展规律 ( 社会存在和社会意识 / 矛盾运动 )
社会存在与社会思认
. 社会存在和社会意识辩证统一
社会存在决定社会意识 , 社会意识反
于社会存在
社会存在是社会意识内容的客观来源 , 社会意识是社会物质生活过程及其条件的
主观反映
· 社会意识具有相对独立性
社会意识与社会存在发展不平衡
社会意识内部各种形式之间的相互影响及各自具有的历史继承性
· 社会意识对社会存在的能动的反作用
. 社会基本矛盾及其运动规律
. 生产力与生产关系的矛盾运动及其规律
· 生产力决定生产关系 , 生产关系对生产力具有能动的反作用 。 生产关系一定要适
合生产力状况
. 经济基础与上层建筑的矛盾运动及其规律
· 经济基础决定上层建筑 , 上层建筑对经济基础具有反作用 。 经济基础状况决定上
层建筑的发展方向 , 上层建筑一定要适合经济基础状况
. 社会基本矛盾是历史发展的根本动力
· 生产力和生产关系 、 经济基础和上层建筑的矛盾是社会基本矛盾 , 社会基本矛盾是社
会发展的根本动力
. 社会基本矛盾作用表现 :
生产力是社会基本矛盾运动中最基本的动力因素 , 是人类社会发展和进步的
决定力量
· 社会基本矛盾决定着社会中其他矛盾的存在和发展
。 社会基本矛盾从根本上影响和促进社会形态的变化和发展
. 文化在社会发展中的作用
. 文化为社会发展提供思想指引",windows_ocr
study-s2-marxism-19de0432715b4aa5-p0004-c01,study-s2-marxism-19de0432715b4aa5,PDF 第 4 页 · 片段 1,4,0,946,knowledge/study/sources/year1/pdf/study-s2-marxism-19de0432715b4aa5.pdf#page=4,". 文化为社会发展提供精神动力
. 文化为社会发展提供凝聚力量
. 哲学社会科学是文化的重要组成部分 , 其发展水平反应了一个民族思维能力 、 精神品
格 、 文明素质 , 体现一个国家的综合国力和国际竞争力
文艺承担着以文化人 、 以文育人的职责 。
. 人民群众在创造历史过程中的决定作用
人民群众是历史的主体 、 历史的创造者 , 人民群众的总体意愿和行动代表了历史发展
的方向 , 人民群众的社会实践最终决定历史发展的结局
人民群众是社会物质财富 、 社会精神财富的创造者
人民群众是社会变革的决定性力量
. 应用部分 ( 抨击错误道路 、 支持正确道路 )
第四章 : 资本主义的本质及规律
。 商品经济产生的条件及其基本矛盾
条件 . 社会分工的出现 , 2 生产资料和劳动产品属于不同的所有者
基本矛盾
· 私有制商品经济的基本矛盾 : 私人劳动和社会劳动之间的矛盾
资本主义的基本矛盾 : 生产资料会资本主义私人占有和生产社会化之间的矛盾
商品及其二因素与生产商品的劳动二重性
· 商品是用来交换的能满足人们某种需要的劳动产品 , 具有使用价值和价值两个因素 ,
是使用价值和价值的矛盾统一体
使用价值 · 商品的有 0 能满足人们某种需要 。 反映的是人与自然之间的物质关
系 , 是商品的自然属性 。 亻吏用价值构成社会财富的物质内容 。
价值
决定商品交换的比例 。 价值是凝结在商品中的无差别的一般人类劳动 。 价值是
商品所特有的社会属性
任何有用物品都具有使价值 , 但只有这种有物品是劳动
产品并作为商品时 , 它才貝有价值 。
商品的价值和亻吏用价值之间的关系是对立统一的关系
· 对立性 . 商品的使用价值和价值相互排斥
二者不可兼得
. 统一性 : 作为商品
必须同时具有使用价值和价值两个因素
. 生产商品的劳动具有二重性 , 即具体劳动和抽象劳动
具体劳动和抽象劳动是对立统一的关系
具体劳动和抽象劳动不是独立存在的 , 它们在时间上和空间上是统一的
商品生产者的同一劳动过程不可分割的两个方面
具体劳动是劳动的自然属性 , 抽象劳动是劳动的社会属性
. 价值规律的内容以及作用
价值规律的作用
自发地调节生产资料和劳动力在社会各生产部门之间的分配比例",windows_ocr
study-s2-marxism-19de0432715b4aa5-p0005-c01,study-s2-marxism-19de0432715b4aa5,PDF 第 5 页 · 片段 1,5,0,909,knowledge/study/sources/year1/pdf/study-s2-marxism-19de0432715b4aa5.pdf#page=5,"自发地刺激社会生产力的发展
自发地调节社会收入的分配
消极影响 :
· 可能导致垄断的发生 , 阻碍技术进步
. 可能引起商品生产者的两极分化
· 可能出现调节比例失调的状况 , 造成社会资源浪费
. 劳动力成为商品是货币转化为资本的前提
. 资本主义雇佣劳动制度的形成以劳动力成为商品为前提
· 劳动力是指人的劳动能力
是人的体力和脑力的总和 。 劳动是劳动力商品的亻吏用价
它本身并不是商品 。
值
. 劳动力成为商品 , 要具备两个基本条件
. 力
是自由人 , 能够把自己的劳动力当作自己的商品来支配
· 劳动者没有任何实现自己劳动力所必需的物质条件
. 劳动力成为商品 , 标志着简单商品生产发展到资本主义商品生产的新阶段
. 劳动力商品也具有价值和使用价值 。 劳动力的价值 , 是由生产 、 发展 、 维持和延续劳
动力所必需的生活必需品的价值决定的
. 劳动力商品的使用价值是价值的源泉
· 在资本主义条件下 , 本家购买的是雇佣工人的劳动力而不是劳动
. 资本 、 资本积累 、 资本有机构成 、 相对过剩人囗 、 资本主义工资
资本 , 能够增殖的价值
· 资本积累剩余价值转化为资本 / 剩余价值的资本化
资本积累是资本主义扩大再生产的源泉 , 剩余价值是资本积累的源泉
( 影响因素 : ) 资本积累规模的大小取决于瓷本家对工人的剥削程度 、 劳动生产
率的高低 、 所用本和所帮瓷本冫间的差额以及本家顸付本的大小
( 如何实现 ) 资本积累是依靠剥削工人所创造的剩余价值而实现的
( 危害 : ) 随着资本积累和生产规模的扩大 , 社会两极分化加剧
. 资本的有机构成由资本的技术构成决定并反映技术构成变化的资本价值构成
. 相对过剩人囗资本对劳动力的需求相对减少造成大批工人失业
. 相对人囗过剩 : 劳动力供给超过了资本对它的需要
. 资本主义工资
本质 : 劳动力的价值价格
计时工资 、 计件工资
· 模糊了工人必要劳动和剩余劳动的界限 , 掩盖了资本主义的剥削关系
只要资本和雇佣劳动的基本经济关系不变 , 资本主义工资的本质就不会发生根本
变化
. 剩余价值的产生及其两种生产方式",windows_ocr
study-s2-marxism-19de0432715b4aa5-p0006-c01,study-s2-marxism-19de0432715b4aa5,PDF 第 6 页 · 片段 1,6,0,910,knowledge/study/sources/year1/pdf/study-s2-marxism-19de0432715b4aa5.pdf#page=6,". 剩余价值是在资本主义的生产过程中生产出来的
资本主义的生产过程具有两重性
一方面是生产物质资料的劳动过程
另一方面是生产剩余价值的过程即价伯增伯讨程
资本主义生产过程是劳动过程和价值增值过程的统一
· 剩余价值是雇佣工人剩余劳动的凝结 , 体现了资本家与雇佣工人之间剥削与被剥削的
关系
. 经济危机产生的必然性
资本主义发展到一定阶段 , 就会发生以生产过剩为基本特征的经济危机 。 生产过剩是
资本主义经济危机的本质特征 , 但是这种过剩是相对过剩 , 即相对于劳动人民有支付
能力的需求来说 , 社会生产的商品显得过剩 , 而不是与劳动人民的实际需求相比的绝
对过剩
. 经济危机的抽象的一般的可能性 , 首先是由货币作为流通手段和支付手段引起的
资本主义经济危机具有周期性
资本主义经济危机周期性爆发的特占社会资本再生
产也呈现出周期性的特点
. 资本主义民主制度的本质
资本主义政治制度本质 · 资产阶级实行政治统治的社会管理的手段和方式 , 为资产阶
级专政服务
· 局限性
. . 资本主义的民主是金钱操纵下的民主 , 实际是资产阶级精英统治下的民主
. 2 法律名义上的平等掩盖着事实上的不平等
· @资本主义国家的政党制是一种维扌户资产阶级统治的政治制度
O 决策效率低下 , 激化社会矛盾
第五章 : 资本主义的发展及其趋势
。 垄断形成的必然性及其与竞争的关系
必然性 :
· 资本主义发展的客观规律 : 自由竞争引起生产集中和资本集中 , 资本集中和生产
集中发展到一定阶段必然引起垄断
· 垄断产生的原因 :
· . 当生产集中发展到相当高的程度 , 极少数企业就会耳关合起来 , 操纵和控制本部
门的生产和销售 , 实行垄断 , 一一一一以获得高额利润
· 2 企业规模巨大 . 形成对竟争的限制 , 也会产生垄断
· O 激烈的竟争会给竟争各方带来的损失越来越严重 , 为了避免两败俱伤 , 企非冫
、 八 、 大
垄断与竟争的关系 :
' / 一龙辈
· 垄断是在自由竟争中形成的 , 是作为自由竟争的对立面产生的 , 但是 , 垄断并不
能消除竞争 , 反而使竞争变得更加复杂和剧烈",windows_ocr
study-s2-marxism-19de0432715b4aa5-p0007-c01,study-s2-marxism-19de0432715b4aa5,PDF 第 7 页 · 片段 1,7,0,898,knowledge/study/sources/year1/pdf/study-s2-marxism-19de0432715b4aa5.pdf#page=7,"· 原因 '
。 . 垄断没有消除产生竞争的经济条件
· 2 垄断必须通过竞争来维持
· O 垄断组织不可能把社会生产都包下来
. 金融资本 、 金融寡头 : 金融寡头是如何控制经济生活与国家机器的
金融资本正由工业垄断资本和银行垄断资本融合在一起而形成的一种垄断资本
. 金融寡头是指操纵国民经济命脉 , 并在实际上控制国家政权的少数垄断资本家或垄断
资本家集团
金融寡头如何控制经济生活与国家机器 :
金融寡头通过掌握一定数量的股票来层层控制企业的
经济领域 : 通过参与制 ,
制度
国家机器 : 主要是通过同政府的 “ 个人联合来实现的 。 金融寡头还通过建立政策
咨询机构等方式对政府的政策施加影响 , 并通过掌握新闻出版 , 广播电视 , 科学
教育 , 文化体育等上层建筑的各个领域左右国家的内政 、 外交及社会生活
。 国家垄断资本主义形成的必然性及其作用
必然性 :
· 国家垄断资本主义是科技进步和生产社会化程度进一步提高的产物 , 是资本主义
基本矛盾进一步尖锐化的必然结果 。
· 首先 , 社会生产力的发展 , 要求资本主义生产资料在更大范围内被支配 , 从
而促进了国家垄断资本主义的产生 。
济波动和经济危机的深化 , 要求国家垄断资本主义的产生 。
· 最后 , 缓和社会矛盾 , 协调利益关系 , 要求国家垄断资本主义的产生 。
作用 :
. 本质上是资产阶级国家力量同垄断组织力量结合在一起的垄断资本主义
· 在一定程度上促进了生产力发展
. 加强了对劳动人民的剥削和掠夺 , 更好的保证垄断资产阶级获得高额垄断利润 ,
更有利于维护资本主义制度
· 资产阶级国家在直接参与社会资本的再生产过程中对社会经济进行调节的一种形
式
. 当代资本主义新变化的原因和实质
原因 :
· . 科学技术革命和生产力的发展 , 是资本主义变化的根本推动力量
· @工人阶级争取自身权利和利益的斗争 , 是推动资本主义变化的重要力量
· 社会主义制度初步显示的优越性对资本主义产生了一定影响
. @主张改良主义的政党对资本主义制度的改革 , 也对资本主义的变化发挥了重要
作用",windows_ocr
study-s2-marxism-19de0432715b4aa5-p0008-c01,study-s2-marxism-19de0432715b4aa5,PDF 第 8 页 · 片段 1,8,0,888,knowledge/study/sources/year1/pdf/study-s2-marxism-19de0432715b4aa5.pdf#page=8,"实质 :
. . 当代资本主义发生的变化从根本上说是人类社会发展一般规律和资本主义经济
规律作用的结果
· 2 当代资本主义发生的变化是在资本主义制度基本框架内的变化 , 并不意味着资
本主义生产关系的根本茌质发生了变化
。 如何正确认识资本主义的历史地位
. 历史进步性 :
. . 资本主义将科学技术转变为强大的生产力
· @资本追求剩余价值的内在动力和竞争的外在压力推动了社会生产力的迅速发展
· O 资本主义的意识形态和政治制度推动了社会生产力的迅速发展 , 促进了社会进
步
局限性 :
· . 资本主义基本矛盾阻碍社会生产力的发展
· 2 资本主义制度下财富占有两极分化 , 引发经济危机
· 资本家阶级支配和控制资本主义经济和政治的发展和运行 , 不断激化社会矛盾
和冲突
第六章 : 社会主义的发展及其规律
. 科学社会主义的基本原则 ( 感觉不会考 )
资本主义必然灭亡 , 社会主义必然胜利
. 2 无产阶级是最先进最革命的阶级 , 肩负着推翻资本主义旧世界 、 建立社会主义和共
产主义新世界的历史使命
· 3 无产阶级革命是无产阶级进行斗争的最高形式 , 以建立无产阶级专政国家政权为目
的
· 4 要在生产资料公有制基础上组织生产 , 以满足全体社会成员的需要为生产的根本目
的
. 5 要对社会生产进行有计划地指导和调节 , 实行按劳分配原则
. 6 要合乎自然规律地改造和利用自努力实现人与自然的和谐共生
· 7 必须坚持科学的理论指导 , 大力发展社会主义先进文化
· 8 无产阶级政党是无产阶级的先铎队 , 社会主义事业必须始终坚持无产阶级政党的领
。 9 社会主义事业必须始终坚持无产阶级政党的领导
10 共产主义是人类最美好的社会制度 , 实现共产主义是共产党人的最高理想 。
第七章 : 共产主义崇高理想及其最终实现
. 社会主义初级阶段坚持共产主义远大理想的重要性
. . 共产主义是预见未来社会的方法论原则 。 这是我们展望未来理想社会的依据 , 他在
揭示人类社会发展一般规律的基础上指明社会发展方向 , 在剖析资本主义旧世界的过",windows_ocr
study-s2-marxism-19de0432715b4aa5-p0009-c01,study-s2-marxism-19de0432715b4aa5,PDF 第 9 页 · 片段 1,9,0,204,knowledge/study/sources/year1/pdf/study-s2-marxism-19de0432715b4aa5.pdf#page=9,"程中阐发未来新世界的特点
. 2 共产主义理想实现的长期性 。 实现共产主义必须要经过很多历史阶段 , 社会主义
社会的充分发展和最终向共产主义过渡需要很长的历史时期
。 社会主义是共产主义的初级阶段 , 也是实现共产主义的必由之路 。 坚持社会主义道
路就是坚持社会主义制度 , 是我们在当今世界为共产主义事业做出的重要贡献 , 放弃
社会主义道路也是放弃对共产主义理想和追求 , 就是对共产主义事业的背叛",windows_ocr
study-s2-marxism-28315c18c093abf3-p0001-c01,study-s2-marxism-28315c18c093abf3,PDF 第 1 页 · 片段 1,1,0,910,knowledge/study/sources/year1/pdf/study-s2-marxism-28315c18c093abf3.pdf#page=1,"1.什么是⻢克思主义:⻢克思主义是由⻢克思和恩格斯创立并为后继者所不断发展的科学理论
体系,是关于自然、社会和人类思维发展一般规律的学说,是关于社会主义必然代替资本主
义、最终实现共产主义的学说,是关于无产阶级解放、全人类解放和每个人自由而全面发展的
学说,是无产阶级政党和社会主义国家的指导思想,是指引人⺠创造美好生活的行动指南。
⻢克思主义哲学、⻢克思主义政治经济学和科学社会主义是其三个基本组成部分,它们有机统
一并共同构成了⻢克思主义理论的主体内容。
⻢克思主义的三个理论来源:德国古典哲学、英国古典政治经济学、英法空想社会主义。
2. 如何理解⻢克思主义物质观:物质是标志客观实在的哲学范畴,这种客观实在是人通过感觉
感知的,表明了物质就是不依赖于人类的意识而存在,并能为人类的意识所反映的客观实在。
人类的社会生活本质上是实践的,而实践活动本质上是客观的,物质生产实践是社会存在和发
展的基础。⻢克思主义的物质范畴从现实存在着的自然与社会存在中抽象出了其共同特性—客
观实在性,具有丰富而深刻的理论意义。
3. 意识的本质:意识是人脑这样一种特殊物质的机能与属性,是客观世界的主观印象。
意识能动性的表现:一.意识具有目的性和计划性;二.意识具有创造性;三.意识具有指导实践
改造客观世界的作用;四.意识具有调控人的行为和生理活动的作用。
4. 唯物辩证法的总特征:联系和发展的观点是唯物辩证法的总观点,集中体现了唯物辩证法的
总特征。
5. 对立统一规律是唯物辩证法的实质和核心:对立统一规律揭示了事物普遍联系的根本内容和
变化发展的内在动力,从根本上回答了事物为什么会发展的问题;对立统一规律是贯穿量变质
变规律,否定之否定规律以及唯物辩证法基本范畴的中心线索,也是理解这些规律的“钥匙”;
对立统一规律提供了人们认识世界和改造世界的根本方法—矛盾分析方法。
6. 矛盾的基本属性:对立和统一分别体现了矛盾的两种基本属性。矛盾的对立属性,又称斗争
性,矛盾的统一属性又称同一性。矛盾的同一性是指矛盾着的对立面相互依存、相互贯通的性
质和趋势。矛盾的斗争性是矛盾着的对立面相互排斥、相互分离的性质和趋势。
",pdfplumber_visible_bbox
study-s2-marxism-28315c18c093abf3-p0001-c02,study-s2-marxism-28315c18c093abf3,PDF 第 1 页 · 片段 2,1,810,1755,knowledge/study/sources/year1/pdf/study-s2-marxism-28315c18c093abf3.pdf#page=1,"盾的两种基本属性。矛盾的对立属性,又称斗争
性,矛盾的统一属性又称同一性。矛盾的同一性是指矛盾着的对立面相互依存、相互贯通的性
质和趋势。矛盾的斗争性是矛盾着的对立面相互排斥、相互分离的性质和趋势。
7. 量变和质变关系:质变与量变的辩证关系是:第一,量变是质变的必要准备;第二,质变是
量变的必然结果,第三,量变与质变相互渗透。
辩证的否定观:事物的发展是通过其内在矛盾运动,以自我否定的方式而实现的。第一,否定
是事物的自我否定、自我发展,是事物内部矛盾运动的结果。第二,否定是事物发展的环节,
是旧事物向新事物的转变,是从旧质到新质的⻜跃。只有经过否定,旧事物才能向新事物转
变。第三,否定是新旧事物联系的环节,新事物孕育产生于旧事物,新旧事物是通过否定环节
联系起来的。第四,辩证否定的实质是“扬弃”,即新事物对旧事物既批判又继承,既克服消极
因素又保留其积极因素。
8. 实践的概念:实践是人类能动地改造世界的社会性的物质活动。
实践的特点:具有客观实在性、自觉能动性、社会历史性三个基本特征。
实践的形式:大致看来,实践的形式可分为三种基本类型:物质生产实践、社会政治实践和科
学文化实践。
9. 实践和认识的辩证关系:实践对认识的决定作用表现在以下四个方面:第一,实践是认识的
来源;第二,实践是认识发展的动力;第三,实践是认识的目的;第四,实践是检查认识真理
性的唯一标准。
10. 唯物主义和唯心主义两条认识路线:一是坚持从物到感觉和思想的唯物主义认识路线,二是
坚持从思想和感觉到物的唯心主义认识路线。
11. 认识的本质:认识是主体在实践的基础上对客体的能动反映。
12. 感性认识和理性认识的辩证关系:感性认识和理性认识的性质虽然不同,但二者的关系是辩
证统一的。第一,感性认识有待于发展和深化为理性认识;第二,理性认识依赖于感性认识;
第三,感性认识和理性认识相互渗透、相互包容。感性认识和理性认识的辩证统一关系是在实
践的基础上形成的。
13. 真理绝对性和相对性:真理的绝对性:是指真理的主客观统一的确定性和发展的无限性。
真理的相对性:是指人们在一定条件下对事物的客观过程及其发展规律的正确认识总是有限度
的、不完善的。
真理的绝对性和相对性是辩证统一的。
",pdfplumber_visible_bbox
study-s2-marxism-28315c18c093abf3-p0001-c03,study-s2-marxism-28315c18c093abf3,PDF 第 1 页 · 片段 3,1,1655,1824,knowledge/study/sources/year1/pdf/study-s2-marxism-28315c18c093abf3.pdf#page=1,"性:真理的绝对性:是指真理的主客观统一的确定性和发展的无限性。
真理的相对性:是指人们在一定条件下对事物的客观过程及其发展规律的正确认识总是有限度
的、不完善的。
真理的绝对性和相对性是辩证统一的。
14. 生产力的构成要素:生产力是结构复杂的系统,其基本要素包括:一是劳动资料;二是劳动
对象;三是劳动者。科学技术是劳动力中的重要因素。",pdfplumber_visible_bbox
study-s2-marxism-28315c18c093abf3-p0002-c01,study-s2-marxism-28315c18c093abf3,PDF 第 2 页 · 片段 1,2,0,930,knowledge/study/sources/year1/pdf/study-s2-marxism-28315c18c093abf3.pdf#page=2,"生产关系的内容:生产关系是人们在物质生产过程中形成的不以人的意志为转移的经济关系。
生产关系包括生产资料所有制关系、生产中人与人的关系和产品分配关系。在生产关系中,生
产资料所有制关系是最基本的,它是人们进行物质资料生产的前提。
15. 生产力和生产关系的辩证关系:生产力与生产关系的相互关系是:生产力决定生产关系,生
产关系又反作用于生产力。
16. 人⺠群众的历史作用:人⺠群众是社会历史的主体,是历史的创造者。在社会历史发展过程
中,人⺠群众起着决定性的作用。人⺠群众是社会物质财富的创造者。人⺠群众是社会精神财
富的创造者。人⺠群众是社会变革的决定力量。
17. 群众观点:⻢克思主义群众观点的主要内容包括:坚信人⺠群众自己解放自己的观点,全心
全意为人⺠服务的观点,一切向人⺠群众负责的观点,虚心向群众学习的观点。
群众路线:一切为了群众、一切依靠群众,从群众中来、到群众中去。
18. 商品二因素:商品具有使用价值和价值两个因素或两种属性,是使用价值和价值的矛盾统一
体。使用价值是指商品能满足大的某种需要的有用性,反映的是人与自然之间的物质关系,是
商品的自然属性,是一切劳动产品所共有的属性。价值是凝结在商品中的无差别的一般人类劳
动,即人的脑力和休力的耗费。价值是商品所特有的社会属性。
劳动二重性:生产商品的劳动具有一重性,即具体劳动和抽象劳动。具体劳动是指生产一定使
用价值的具体形式的劳动。抽象劳动是指撇开一切具体形式的、无差别的一般人类劳动,即人
的脑力和体力的耗费。生产商品的具体劳动创造商品的使用价值,抽象劳动形成商品的价值。
任何一种生产商品的劳动,一方面是特殊的具体劳动,另一方面又是一般的抽象劳动,这就是
劳动的二重性。
19. 货币的职能:货币具有五种职能,即价值尺度、流通手段、贮藏手段、支付手段和世界货
币,其中价值尺度和流通手段是货币最基本的职能。
20. 价值规律的内容:商品的价值量由生产商品的社会必要劳动时间决定,商品交换以价值量为
基础,找照等价交换的原则进行。
价值规律的表现:价格的涨落总是围绕价值这个中心上下波动的。
价值规律的作用:自发地调节生产资料和劳动力在社会生产各部⻔之间分配的比例,即调节社
",pdfplumber_visible_bbox
study-s2-marxism-28315c18c093abf3-p0002-c02,study-s2-marxism-28315c18c093abf3,PDF 第 2 页 · 片段 2,2,830,1757,knowledge/study/sources/year1/pdf/study-s2-marxism-28315c18c093abf3.pdf#page=2,"定,商品交换以价值量为
基础,找照等价交换的原则进行。
价值规律的表现:价格的涨落总是围绕价值这个中心上下波动的。
价值规律的作用:自发地调节生产资料和劳动力在社会生产各部⻔之间分配的比例,即调节社
会资源的配置;自发地刺激社会生产力的发展;自发地调节社会收人的分配。
21. 简单商品经济的基本矛盾:私人劳动和社会劳动的矛盾。
22. 劳动力商品二因素:劳动力的价值:一是维持劳动者自身存在所必需的生活资料的价值:二
是劳动者繁育后代所必需的生活资料的价值;三是劳动者接受教育和训练所支出的费用。
劳动力商品在使用价值上有一个很突出的特点,就是它的使用价值是价值的源泉,在消费过程
中能够创造新的价值,而且这个新的价值比劳动力身的价值更大。
23. 不变资本和可变资本的划分:根据这两部分资本在剩余价值生产中所起的作用不同,把资本
区分为不变资本和可变资本。用于购买生产资料的那部分资本,只是把原有价值转移到新产品
中,称为不变资本;而用于购买劳动力的那部分资本,能产生价值的增殖,所以称为可变资本。
24. 剩余价值率公式:m'=m/v在该公式中,m'为剩余价值率,m 为剩余价值,w为可变资本。
m’=剩余劳动/必要劳动=剩余劳动时间/必要劳动时间
25. 剩余价值两种生产方式:基本的方法有两种,即绝对剩余价值的生产和相对剩余价值的生
产。绝对剩余价值是指在必要劳动时间不变的条件下,由于延⻓工作日的⻓度或提高劳动强度
而生产的剩余价值。通过提高劳动强度生产剩余价值的方法同样是绝对剩余价值生产方法。
26. 产业资本顺利循环的条件:一是产业资本的三种职能形式必须在空间上并存,二是产业资本
的三种职能形式必须在时间上继起。
27. 影响资本周转的因素:影响资本周转快慢的因素有许多,关键的因素有两个:一是资本周转
的时间,二是生产资本的固定资本和流动资本的构成。
28. 资本主义的基本矛盾:资本主义经济危机的根源在于资本主义生产方式的基本矛盾,即生产
的社会化与生产资料私人资本主义占有形式之间的矛盾。
29. 垄断和竞争的关系::第一,垄断没有消除产生竞争的经济条件;第二,垄断必领通过竞争来
维持;第三,实际上,也不可能存在绝对的垄断。
",pdfplumber_visible_bbox
study-s2-marxism-28315c18c093abf3-p0002-c03,study-s2-marxism-28315c18c093abf3,PDF 第 2 页 · 片段 3,2,1657,1850,knowledge/study/sources/year1/pdf/study-s2-marxism-28315c18c093abf3.pdf#page=2,",即生产
的社会化与生产资料私人资本主义占有形式之间的矛盾。
29. 垄断和竞争的关系::第一,垄断没有消除产生竞争的经济条件;第二,垄断必领通过竞争来
维持;第三,实际上,也不可能存在绝对的垄断。
30.共产主义社会的基本特征:(1)物质财富极大丰富.消费资料按需分配。(2)社会关系高度
和谐,人们精神境界极大提高。(3)实现每个人自由而全面的发展,人类从必然王国向自由王
国⻜跃。",pdfplumber_visible_bbox
study-s2-marxism-80159e7fae0c909f-p0001-c01,study-s2-marxism-80159e7fae0c909f,PDF 第 1 页 · 片段 1,1,0,945,knowledge/study/sources/year1/pdf/study-s2-marxism-80159e7fae0c909f.pdf#page=1,"A 导论
1.⻢克思主义的四个特征
⻢克思主义具有鲜明的科学性、人⺠性、实践性、发展性,这些特征体现了⻢克思主义的本
质和使命,也展现出⻢克思主义的理论形象。
⻢克思主义的基本特征,如果用一句话来概括就是科学性革命性的统一
(1)⻢克思主义最根本的世界观和方法论是辩证唯物主义和历史唯物主义。
(2)⻢克思主义最鲜明的政治立场是⻢克思主义政党的一切理论和奋斗都应致力于实现以
劳动人⺠为主体的最广大人⺠的根本利益。
(3)⻢克思主义最重要的理论品质是坚持一切从实际出发,理论联系实际,实事求是,在
实践中检验真理和发展真理。
(4)⻢克思主义最崇高的社会理想是实现物质财富极大丰富、人⺠精神境界极大提高、每
个人自由而全面发展的共产主义社会。
第一章
1.物质统一性原理、物质与意识的辩证关系
*
(1)⻢克思主义认为,世界的统一性在于它的物质性,世界统一于物质。第一,自然界是
物质的。人类社会依存于自然界,是物质世界的组成部分。第二,人类社会的本质上是生产
实践基础上形成的物质体系。人类社会是物质世界的一部分。人类获取生活资料的生产活动
是物质的,物质资料的生产方式构成了人类社会存在和发展的基础,体现着人类社会的物质
性。第三,人的意识统一于物质。世界物质的统一性是多样性的统一。世界的物质统一性原
理是一切从实际出发的理论基础。
A
(2)1.物质对意识具有决定作用。物质决定意识,意识是对物质的反映,若不承认物质对立
于意识之外则无客观实践坐标,意识是对客观世界的主观映像。
2.意识对物质具有能动作用。意识的能动作用首先表现在意识能够正确反映客观事物,
-
还突出地表现在意识能够反作用于客观事物。正确的意识能够指导人们有效地开展实践活动,
促进客观事物的发展;错误的意识则会把人的活动引入歧途,阻碍客观事物的发展。
2.意识与人工智能
人工智能是人的意识能动性的一种特殊表现,是人的本质力量的对象部分地从人脑中分离出
来,物化为机器的物理运动从而延伸意识器官功能的新阶段。但即使是计算能力最强大、最
先进的智能机器,也达不到人类智能的层级,无法真正具有人的意识,不可能取代或超越人
类智能。
第一,人类意识是知情意的统一体,而人工智能只是对人类的理性智能的模拟和扩展,不具
",pdfplumber_visible_bbox
study-s2-marxism-80159e7fae0c909f-p0001-c02,study-s2-marxism-80159e7fae0c909f,PDF 第 1 页 · 片段 2,1,845,1142,knowledge/study/sources/year1/pdf/study-s2-marxism-80159e7fae0c909f.pdf#page=1,"即使是计算能力最强大、最
先进的智能机器,也达不到人类智能的层级,无法真正具有人的意识,不可能取代或超越人
类智能。
第一,人类意识是知情意的统一体,而人工智能只是对人类的理性智能的模拟和扩展,不具
备情感、信念、意志等人类意识形式。人工智能可以辅助人们决策,但无法代替人们以知情
意统一为基础的整体决策。
第二,社会性是人的意识所固有的本质属性,而人工智能不可能真正具备人类的社会属性。
第三,人类的自然语言是思维的物质外壳和意识的现实形式,而人工智能难以完全具备理解
自然语言真实意义的能力。
第四,人工智能能够获得人类意识中可以化约为数字信号的内容,但人脑中总有许多东⻄是
无法被化约的。",pdfplumber_visible_bbox
study-s2-marxism-80159e7fae0c909f-p0002-c01,study-s2-marxism-80159e7fae0c909f,PDF 第 2 页 · 片段 1,2,0,945,knowledge/study/sources/year1/pdf/study-s2-marxism-80159e7fae0c909f.pdf#page=2,"我们要以开放、客观的态度观察、思考和把握人工智能的未来发展及其对社会的影响。在充
分利用人工智能带来的便利的同时,还需要加强对人工智能不当应用⻛险的研判和防范,引
导和规范人工智能走向更有利于人类生存和发展的方向。
A3.对立统一规律是事物发展的根本规律
(1)对立统一规律是唯物辩证法的实质和核心
第一,对立统一规律揭示了事物普遍联系的根本内容和永恒发展的内在动力,从根本上回答
了事物为什么会发展的问题;
第二,对立统一规律是贯穿质量互变规律、否定之否定规律以及唯物辩证法基本范畴的中心
线索,也是理解这些规律和范畴的""钥匙"";
第三,对立统一规律提供了人们认识世界和改造世界的根本方法--矛盾分析法。
A
(2)矛盾的同一性和斗争性及其在事物发展中的作用
(1)同一性和斗争性关系首先表现为相互联结、相互制约。
一方面,同一性不能脱离斗争性而存在,没有斗争性就没有同一性。同一是以差别和对立为
前提的,是包含差别和对立的具体的同一。脱离对立的同一,是绝对的或抽象的同一。
另一方面,斗争性也不能脱离同一性而存在,没有同一性也没有斗争性,矛盾的斗争性
是以双方具有内在的同一性为前提的。脱离同一性的斗争性即脱离同一的对立,是绝对的对
立。
同一是对立中的同一,斗争是同一中的斗争。
(2)矛盾的同一性和矛盾的斗争性在事物发展中都具有重要作用。
矛盾的同一性在事物发展中的作用表现在:
第一,同一性是事物存在和发展的前提,在矛盾双方中一方的发展以另一方的发展为条
件。发展是矛盾统一体中的发展。
第二,同一性是矛盾双方相互吸取有利于自身的因素,在相互作用中各自得到发展。
第三,同一性规定着事物转化的可能和发展的趋势。事物之所以能够转化,是由于事物
内部矛盾双方具有相互贯通的关系。事物的发展方向、趋势不是随意的,而是有规律地向自
己的对立面转化。
矛盾的斗争性在事物发展中的作用表现在:
第一,矛盾双方的斗争促进矛盾双方力量的变化,竞⻓争高,此消彼⻓,造成双方力量发
展的不平衡,为对立面的转化、事物的质变创造条件。
第二,矛盾双方的斗争,是一种矛盾统一体向另一种矛盾统一体过渡的决定力量。矛盾
的相互排斥、否定促成旧的矛盾统一体破裂和新的矛盾统一体产生,从而使旧事物发展为新
事物。
",pdfplumber_visible_bbox
study-s2-marxism-80159e7fae0c909f-p0002-c02,study-s2-marxism-80159e7fae0c909f,PDF 第 2 页 · 片段 2,2,845,1348,knowledge/study/sources/year1/pdf/study-s2-marxism-80159e7fae0c909f.pdf#page=2,"面的转化、事物的质变创造条件。
第二,矛盾双方的斗争,是一种矛盾统一体向另一种矛盾统一体过渡的决定力量。矛盾
的相互排斥、否定促成旧的矛盾统一体破裂和新的矛盾统一体产生,从而使旧事物发展为新
事物。
(3)矛盾的斗争性和矛盾的同一性在事物发展过程中是相互结合共同发生作用的。但在不
同条件下,二者所处的地位会有所不同。在一定的条件下,矛盾的斗争性可能处于主要的方
面,而在另外的条件下,矛盾的同一性又可能处于主要的方面。
(3)矛盾的普遍性和特殊性及其相互关系
(1)矛盾的普遍性是说矛盾存在于一切事物中,存在于一切事物发展过程的始终。矛盾无处不
在,无时不有,是对矛盾普遍性的简明表述。矛盾的特殊性有三种情形:一是不同事物和过
程的矛盾各有其特点;二是同一事物或过程的矛盾在不同的发展阶段各有不同特点;三是构
成事物的诸多矛盾以及每一矛盾的不同方面各有不同的性质、地位和作用。
(2)矛盾的普遍性和特殊性的关系的辩证关系可概括为三个方面:
第一,矛盾的普遍性和特殊性、共性和个性、一般和个别之间是相互对立的,一般、共性只
是同类个别事物的共同本质,这种共性、一般不可能包含个性、个别的全部内容和所有方面,",pdfplumber_visible_bbox
study-s2-marxism-80159e7fae0c909f-p0003-c01,study-s2-marxism-80159e7fae0c909f,PDF 第 3 页 · 片段 1,3,0,946,knowledge/study/sources/year1/pdf/study-s2-marxism-80159e7fae0c909f.pdf#page=3,"一般只包含了个性、个别的某一方面,某些特点,任何事物的个性都比共性丰富。
第二,矛盾的普遍性和特殊性、共性和个性、一般和个别又是同一的,是相互联结、相互依
存的,个性中包含着共性,特殊性中包含着普遍性,个性一定与共性相联结而存在;共性就
存在于个性之中,普遍性存在于特殊性之中,共性、一般、普遍也只能通过个性、个别、特
殊才能显示出来。
第三,矛盾的普遍性和特殊性、共性和个性、一般和个别的区分是相对的,它们在一定条件
下是可以相互转化的。
第二章
*
1.科学实践观及其意义
科学实践观从主观和客观、主体和客体的统一中把握实践,揭示了实践的本质,指明了实践
是人类能动地改造世界的社会性的物质活动,科学阐明了人类实践活动的特点、结构、形式
和实践标准等问题,深刻揭示出实践与认识的发展规律,形成了完整科学的理论体系。
科学实践观的意义:第一,克服了旧唯物主义的根本缺陷,为辩证唯物主义的创立奠定了科
学的理论基础。第二,揭示了实践对认识的决定作用,为能动的、革命的反映论的创立奠定
了科学的理论基础。第三,在人类思想史上第一次揭示了社会生活的实践本质,为唯物史观
的创立奠定了科学的理论基础。第四,为人们能动地认识世界和改造世界提供了基本的思想
方法和工作方法。
2.认识的本质与过程
(1)认识的本质。认识是实践基础上主体对客体的能动的反映。它本质上是一种主体与客
体间的反映与被反映关系,它以主客体的实践关系为基础,同时渗透着主客体的价值关系和
其它关系;它是以主客体之间的信息相互作用为基础,以人所特有的精神活动为本质内容的
反映过程;认识是摹写、选择、建构和创造的统一。
(2)认识的过程。认识的一次完整过程是一个在实践基础上从感性认识到理性认识、又从
理性认识回到实践的具体认识过程。又表现为从实践到认识,在从认识到实践的循环往复和
无限发展的过程。
3.坚持守正创新,实现理论创新和实践创新的良性互动
人类认识世界和改造世-界的过程,是一个不断坚持守正创新,并努力实现理论创新和实践创
*新良性互动的过程。
(一)坚持守正创新
-
守正创新深刻揭示了坚持真理与发展真理、坚持⻢克思主义与发展⻢克思主义的辩证关系,
为推进党和人⺠事业提供了科学的立场观点方法。
要坚持守正不动摇。",pdfplumber_visible_bbox
study-s2-marxism-80159e7fae0c909f-p0003-c02,study-s2-marxism-80159e7fae0c909f,PDF 第 3 页 · 片段 2,3,846,1343,knowledge/study/sources/year1/pdf/study-s2-marxism-80159e7fae0c909f.pdf#page=3,"实践创
*新良性互动的过程。
(一)坚持守正创新
-
守正创新深刻揭示了坚持真理与发展真理、坚持⻢克思主义与发展⻢克思主义的辩证关系,
为推进党和人⺠事业提供了科学的立场观点方法。
要坚持守正不动摇。所谓守正,就是坚持实事求是,坚持真理性认识,坚持正确政治方向。
守正是创新的基本前提,也是创新的可靠保障。我们要以科学的态度对待科学,以真理的精
神追求真理,坚持⻢克思主义基本原理不动摇,坚持党的全面领导不动摇,坚持中国特色社
会主义不动摇,始终站在历史正确的一边,始终沿着正确的道路前进。
要坚持创新不停步。所谓创新,就是坚持解放思想,破除与客观事物进程不相符合的旧观念、
旧模式、旧做法,发现和运用事物的新联系、新属性、新规律,更有效地认识世界和改造世
界。我们要紧跟时代步伐,顺应实践发展,以满腔热忱对待一切新生事物,不断拓展认识的
广度和深度,敢于说前人没有说过的新话,敢于干前人没有干过的事情,以新的理论指导新
的实践。
守正创新就是坚持守正与创新的辩证统一。守正与创新是相辅相成的,守正是创新的前提和
基础,创新是守正的目的和路径。只有守正,才能按照事物的本质要求和客观规律想问题、",pdfplumber_visible_bbox
study-s2-marxism-80159e7fae0c909f-p0004-c01,study-s2-marxism-80159e7fae0c909f,PDF 第 4 页 · 片段 1,4,0,921,knowledge/study/sources/year1/pdf/study-s2-marxism-80159e7fae0c909f.pdf#page=4,"办事情,才能恪守正道、固本强基;只有创新,才能充分发挥人的主观能动性,促进认识和
实践的发展。守正创新深刻揭示了""变""与""不变""、继承与发展的辩证统一。
二)努力实现理论创新和实践创新的良性互动
人类的创新活动具有丰富的内容和表现,包含着知识创新、制度创新、科技创新、文化创新
等各方面创新。归结起来讲,主要是理论创新和实践创新两个基本方面,它们集中体现了人
类在认识世界和改造世界中的创新活动。
-
守正创新彰显着党的理论创新和实践创新的时代要求。实践创新为理论创新提供不竭的动力
*
源泉。理论创新为实践创新提供科学的行动指南。
理-论创新和实践创新不是孤立进行的,而是在与另一方的互动中完成的,二者相互促进、辩
证统一,不断实现更高阶段的创新发展和实践创新的良性互动,指理论创新与实践创新之间
-
存在良好的、积极的相互作用和相互影响,或者说二者之间形成相互激发、共同促进的因果
-
关系。离-开了实践的创新,理论创新就会缺乏动力;离开了理论的创新,实践创新就会迷失
方向。理论创新和实践创新的良性互动并不是自然而然实现的,而是需要人的努力才能实现。
~
我们-要不断增强创新的自觉性-,努力实现理论创新和实践创新的良性互动。
中国特色社会主义是在理论创新和实践创新良性互动过程中不断向前发展的。
第三章
1、社会存在与社会意识
社会存在和社会意识的关系及社会意识的相对独立性原理。
(1)、社会存在和社会意识是辩证统一的。社会存在决定社会意识,社会意识是社会存在的
反映,并反作用于社会存在:社会存在是社会意识内容的客观来源,社会意识是社会物质生
活过程及其条件的主观反映。社会意识根源于社会存在,是对以实践为基础的不断变化发展
的现实世界的反应。
(2)、社会意识的相对独立性主要表现在:
1社会意识与社会存在发展的不平衡性;
2社会意识内部各种形式之间的相互影响及各自具有的历史继承性;
3社会意识对社会存在的能动的反作用。
2、社会基本矛盾及其运动规律
(1)、生产力与生产关系的矛盾运动及其规律:
生产力与生产关系的相互作用(生产力决定生产关系,生产关系对生产力具有能动的反作用)
-
是一个过程,表现为二者的矛盾运动。
-
",pdfplumber_visible_bbox
study-s2-marxism-80159e7fae0c909f-p0004-c02,study-s2-marxism-80159e7fae0c909f,PDF 第 4 页 · 片段 2,4,821,1349,knowledge/study/sources/year1/pdf/study-s2-marxism-80159e7fae0c909f.pdf#page=4,"社会基本矛盾及其运动规律
(1)、生产力与生产关系的矛盾运动及其规律:
生产力与生产关系的相互作用(生产力决定生产关系,生产关系对生产力具有能动的反作用)
-
是一个过程,表现为二者的矛盾运动。
-
这种矛盾运动中内在的、本质的、必然的联系,就是生产关系一定要适合生产力状况的规律。
-
就内容看,这一规律概括了生产力和生产关系相互作用的两个方面。从过程看,这一规律表
现为生产关系对于生产力总是从基本适合到基本不适合,再到新的基础上的基本适合;与此
相适应,生产关系也总是从相对稳定到新旧更替,再到相对稳定。生产力和生产关系的这种
-
矛盾运动循环往复,不断推动社会生产发展,进而推动整个社会逐步走向高级阶段。生产关
-
系一定要适合生产力状况的规律是社会形态发展的普遍规律。
(2)、经济基础与上层建筑的矛盾运动及其规律:
经济基础与上层建筑的相互作用(经济基础决定上层建筑,上层建筑对经济基础具有反作
-
用)构成二者的矛盾运动。这种矛盾运动在实际运行中是极为复杂的。其一,在同一性质的
经济基础与上层建筑的关系中,上层建筑的不完善部分、没有反映经济基础要求的部分都会
同经济基础发生矛盾。其二,在不同性质的经济基础与上层建筑的关系中,矛盾更为复杂,",pdfplumber_visible_bbox
study-s2-marxism-80159e7fae0c909f-p0005-c01,study-s2-marxism-80159e7fae0c909f,PDF 第 5 页 · 片段 1,5,0,926,knowledge/study/sources/year1/pdf/study-s2-marxism-80159e7fae0c909f.pdf#page=5,"主要表现在占统治地位的经济基础同旧上层建筑的残余、未来上层建筑的萌芽之间的矛盾,
新旧上层建筑之间、新旧经济基础之间的矛盾等。其三,当一种社会形态处于上升发展阶段
时,上层建筑对于经济基础一般是适应的;当一种社会形态处于没落时期时,上层建筑同经
济基础变革的客观要求是不相适应的,其矛盾则变为对抗性的、全局性的矛盾。
经济基础和上层建筑之间的内在联系构成了上层建筑一定要适合经济基础状况的规律。
-
经济基础状况决定上层建筑的发展方向,决定上层建筑相应的调整或变革;上层建筑的反作
用也必须取决于和服从于经济基础的性质和客观要求。
*
3、社会基本矛盾是历史发展的根本动力
生产力和生产关系、经济基础和上层建筑的矛盾是社会基本矛盾。社会基本矛盾是社会发展
的根本动力,他在社会发展中的作用主要表现在:
(1)、生产力是社会基本矛盾运动中最基本的动力因素,是人类社会发展和进步的最终决定
力量;
(2)、社会基本矛盾特别是生产力和生产关系的矛盾,是“一切历史冲突的根源”,决定着社
会中其他矛盾的存在和发展;
(3)、社会基本矛盾具有不同的表现形式和解决方式,并从根本上影响和促进社会形态的变
A 化和发展。
4、文化在社会发展中的作用
文化是推动社会发展的重要力量,对社会发展有巨大影响,正确把握文化的前进方向,充分
发挥文化的积极作用,对于引领社会发展至关重要。
(1)、文化为社会发展提供思想指引;
(2)、文化为社会发展提供精神动力;
(3)、文化为社会发展提供凝聚力量;
(4)、哲学社会科学是文化的重要组成部分,其发展水平反应了一个⺠族思维能力、精神品
格、文明素质,体现一个国家的综合国力和国际竞争力;
(5)、文艺承担着以文化人、以文育人的职责。
5、人⺠群众在创造历史过程中的决定作用:
人⺠群众是一个历史范畴。人⺠群众从质上说是指一切对社会历史发展起推动作用的人们,
从量上说是指社会人口中的绝大多数。人⺠群众最稳定的主体部分始终是从事物质资料生产
的劳动群众及其知识分子。在社会历史发展过程中,人⺠群众起着决定性的作用。人⺠群众
是历史的主体,是历史的创造者。人⺠群众创造历史的作用是同社会基本矛盾运动推动社会
前进的过程相一致的。",pdfplumber_visible_bbox
study-s2-marxism-80159e7fae0c909f-p0005-c02,study-s2-marxism-80159e7fae0c909f,PDF 第 5 页 · 片段 2,5,826,1226,knowledge/study/sources/year1/pdf/study-s2-marxism-80159e7fae0c909f.pdf#page=5,"事物质资料生产
的劳动群众及其知识分子。在社会历史发展过程中,人⺠群众起着决定性的作用。人⺠群众
是历史的主体,是历史的创造者。人⺠群众创造历史的作用是同社会基本矛盾运动推动社会
前进的过程相一致的。人⺠群众的总体意愿和行动代表了历史发展的方向,人⺠群众的社会
实践最终决定历史发展的结局。人⺠群众是社会物质财富、社会精神财富的创造者,人⺠群
众是社会变革的决定性力量。但人⺠群众创造历史的活动要受到一定社会历史条件的制约。
第四章
1、商品经济产生的条件及其基本矛盾
*
商品经济得以产生的历史条件有两个:一是社会分工的出现,二是生产资料和劳动产品
属-于不同的所有者。 -
1.所谓社会分工是指社会劳动划分和独立化为不同部⻔和行业。
2.生产资料和劳动产品属于不同-的所有者,是商品生产和商品经济产生的另一个重要条件。
在私有制商品经济条件下,私人劳动和社会劳动之间的矛盾是私有制商品经济的基本矛",pdfplumber_visible_bbox
study-s2-marxism-80159e7fae0c909f-p0006-c01,study-s2-marxism-80159e7fae0c909f,PDF 第 6 页 · 片段 1,6,0,931,knowledge/study/sources/year1/pdf/study-s2-marxism-80159e7fae0c909f.pdf#page=6,"A
盾。在资本主义制度下,这种矛盾进一步发展成资本主义的基本矛盾,即生产资料的资本主
-
义私人占有和生产社会化之间的矛盾,
-
2、商品及其二因素与生产商品的劳动二重性
商品是用来交换的能满足人们某种需要的劳动产品,具有使用价值和价值两个因素,是
使用价值和价值的矛盾统一体。
使用价值是指商品能满足人们某种需要的属性,即商品的有用性,反映的是人与自然之间的
物质关系,是商品的自然属性,是一切劳动产品所共有的属性。使用价值构成社会财富的物
质内容。使用价值是交换价值的物质承担者。交换价值首先表现为一种使用价值同另一种使
用价值相交换的量的关系或比例。
价值决定商品交换的比例。价值是凝结在商品中的无差别的一般人类劳动,即人类脑力
和体力的耗费。价值是商品所特有的社会属性。任何有用物品都具有使用价值,但只有这种
有用物品是劳动产品并作为商品时,它才具有价值。
商品的价值和使用价值之间的关系是对立统一的关系。
其对立性表现在:商品的使用价值和价值是相互排斥的,二者不可兼得。其统一性表现在:
作为商品,必须同时具有使用价值和价值两个因素。
商品是劳动产品,生产商品的劳动具有二重性,即具体劳动和抽象劳动。具体劳动和抽
象劳动也是对立统一的关系。一方面,具体劳动和抽象劳动不是各自独立存在的两种劳动或
两次劳动,它们在时间上和空间上是统一的,是商品生产者的同一劳动过程的不可分割的两
个方面;另一方面,具体劳动所反映的是人与自然的关系,它是劳动的自然属性,而抽象劳
动所反映的是商品生产者的社会关系,它是劳动的社会属性。
3、价值规律的内容以及作用
价值规律是在市场配置资源的过程中体现它的客观要求和作用的。价值规律的作用表现在:
第一,自发地调节生产资料和劳动力在社会各生产部⻔之间的分配比例。
第二,自发地刺激社会生产力的发展。
第三,自发地调节社会收入的分配。
价值规律在对经济活动进行自发调节时,必然会产生一些消极的后果。
其一,可能导致垄断的发生,阻碍技术的进步。
其二,可能引起商品生产者的两极分化。
其三,价值规律自发调节社会资源在社会生产各个部⻔的配置,可能出现比例失调的状况,
造成社会资源的浪费
4、劳动力成为商品是货币转化为资本的前提
",pdfplumber_visible_bbox
study-s2-marxism-80159e7fae0c909f-p0006-c02,study-s2-marxism-80159e7fae0c909f,PDF 第 6 页 · 片段 2,6,831,1334,knowledge/study/sources/year1/pdf/study-s2-marxism-80159e7fae0c909f.pdf#page=6,"阻碍技术的进步。
其二,可能引起商品生产者的两极分化。
其三,价值规律自发调节社会资源在社会生产各个部⻔的配置,可能出现比例失调的状况,
造成社会资源的浪费
4、劳动力成为商品是货币转化为资本的前提
1、资本主义经济制度是以资本家占有生产资料和以雇佣劳动为基础的经济制度。资本主义
雇佣劳动制度的形成是以劳动力成为商品为前提的。
2、劳动力是指人的劳动能力,是人的体力和脑力的总和。劳动力使用即劳动。
3、劳动力成为商品,要具备两个基本条件:第一,劳动者是自由人,能够把自己的劳动力
当作自己的商品来支配;第二,劳动者没有别的商品可以出卖,自由得一无所有,没有任何
实现自己劳动力所必需的物质条件。
4、劳动力成为商品,标志着简单商品生产发展到资本主义商品生产的新阶段。
5、劳动力商品也具有价值和使用价值。但是,劳动力是特殊的商品,它的价值和使用价值
具有不同于普通商品的特点。“劳动力的价值,是由生产、发展、维持和延续劳动力所必需的
生活必需品的价值决定的”它包括三个部分:(1)维持劳动者本人生存所必需的生活资料的
价值;(2)为维持劳动者家属的生存所必需的生活资料的价值;(3)劳动者接受教育和训练",pdfplumber_visible_bbox
study-s2-marxism-80159e7fae0c909f-p0007-c01,study-s2-marxism-80159e7fae0c909f,PDF 第 7 页 · 片段 1,7,0,918,knowledge/study/sources/year1/pdf/study-s2-marxism-80159e7fae0c909f.pdf#page=7,"所支出的费用。
6、劳动力商品在使用价值上有一个很大的特点,就是它的使用价值是价值的源泉,它在消
费过程中能够创造新的价值,而且这个新的价值比劳动力本身的价值更大。(了解P156)
7、在资本主义条件下,资本家购买的是雇佣工人的劳动力而不是劳动。劳动是劳动力商品
的使用价值,它本身并不是商品。劳动力商品具有能创造比自身价值大的价值的特点,正因
为如此,资本家才购买劳动力来进行资本主义生产。
5、资本、资本积累、资本有机构成、相对过剩人口、资本主义工资
1、把剩余价值转化为资本,或者说,剩余价值的资本化,就是资本积累。
资本家获得无偿占有的剩余价值后,并不是将其完全用于个人消费,而是将一部分转化为资
本,用以购买追加的生产资料和劳动力,使生产在扩大的规模上重复进行,这就是资本主义
扩大再生产。在这里,资本积累是资本主义扩大再生产的源泉。资本积累的源泉是剩余价值,
资本积累规模的大小取决于资本家对工人的剥削程度、劳动生产率的高低、所用资本和所费
资本之间的差额以及资本家预付资本的大小。这些因素都是加强和扩大对工人剥削的因素。
因此,资本积累就是依靠剥削工人所创造的剩余价值而实现的,没有剩余价值,就不可能有
资本积累。随着资本积累和生产规模的扩大,社会财富日益集中到资产阶级手中,而社会财
富的直接创造者即无产阶级则只占有少部分社会财富。这样必然加剧社会的两极分化,即一
极是财富越来越集中于少数人手中,另一极是多数人只拥有社会财富的较小部分。
2、由生产的技术水平所决定的生产资料和劳动力之间的比例,叫作资本的技术构成。
从价值形式上看,资本可分为不变资本和可变资本,这两部分资本价值之间的比例,叫作资
本的价值构成。在资本的技术构成和资本的价值构成之间,存在密切的联系。一般来说,资
本的技术构成决定资本的价值构成,技术构成的变化往往会引起价值构成的相应变化,而价
值构成的变化通常反映技术构成的变化。这种由资本的技术构成决定并反映技术构成变化的
资本价值构成,叫作资本的有机构成。
资本有机构成的提高是一般趋势,这是由资本的本性决定的。
3、在资本有机构成提高的情况下,由于可变资本的相对量的减少,资本对劳动力的需求日
",pdfplumber_visible_bbox
study-s2-marxism-80159e7fae0c909f-p0007-c02,study-s2-marxism-80159e7fae0c909f,PDF 第 7 页 · 片段 2,7,818,1458,knowledge/study/sources/year1/pdf/study-s2-marxism-80159e7fae0c909f.pdf#page=7,"决定并反映技术构成变化的
资本价值构成,叫作资本的有机构成。
资本有机构成的提高是一般趋势,这是由资本的本性决定的。
3、在资本有机构成提高的情况下,由于可变资本的相对量的减少,资本对劳动力的需求日
益相对地减少,其结果,就不可避免地造成大批工人失业,形成相对过剩人口。所谓相对人
口过剩,就是劳动力供给超过了资本对它的需要。
在资本主义制度下,工人的工资是劳动力的价值或价格,这是资本主义工资的本质。在这种
制度下,资本家购买工人的劳动力是以货币工资形式支付的,工人为资本家劳动,资本家付
给工人工资,工资表现为“劳动的价格”或工人全部劳动的报酬,这就模糊了工人必要劳动和
剩余劳动的界限,掩盖了资本主义的剥削关系。“这种假象,就是雇佣劳动和历史上其他形式
的劳动的不同之处。”
4、资本主义工资的形式主要有两种,即计时工资和计件工资。除此之外,资本家还建立了
各种形式的血汗工资制度,其特点是利用“科学的劳动组织”,最大限度地提高工人的劳动强
度,从他们身上榨取更多的血汗。
在当代资本主义国家,随着社会生产力的发展、科学技术的进步、劳动过程的复杂化和脑力
劳动作用的加强,工人的实际工资呈现出不断提高的趋势,但是与其创造的剩余价值的增⻓
幅度相比,实际工资提高的幅度还是较小的。只要资本和雇佣劳动的基本经济关系不变,资
本主义工资的本质就不会发生根本变化。
6、剩余价值的产生及其两种生产方式
剩余价值是在资本主义的生产过程中生产出来的。资本主义的生产过程具有两重性,一方面",pdfplumber_visible_bbox
study-s2-marxism-80159e7fae0c909f-p0008-c01,study-s2-marxism-80159e7fae0c909f,PDF 第 8 页 · 片段 1,8,0,910,knowledge/study/sources/year1/pdf/study-s2-marxism-80159e7fae0c909f.pdf#page=8,"是生产物质资料的劳动过程,另一方面是生产剩余价值的过程,即价值增值过程资本主义生
产过程是劳动过程和价值增值过程的统一。
剩余价值的雇佣工人所创造的并被资本家无偿占有的超过劳动力价值的那部分价值,它是雇
佣工人剩余劳动的凝结,体现了资本家与雇佣工人之间剥削与被剥削的关系。
7、经济危机产生的必然性
资本主义发展到一定阶段,就会发生以生产过剩为基本特征的经济危机。生产过剩是资本主
义经济危机的本质特征,但是这种过剩是相对过剩,即相对于劳动人⺠有支付能力的需求来
说社会生产的商品显得过剩,而不是与劳动人⺠的实际需求相比的绝对过剩。
经济危机的抽象的一般的可能性,首先是由货币作为流通手段和支付手段引起的。资本主义
经济危机具有周期性。
资本主义经济危机周期性爆发的特点,是社会资本再生产也呈现出周期性的特点。社会资本
再生产的周期一般包括四个阶段,即危机,萧条,复苏,高涨。这四个阶段是相互联系的,
其中危机阶段是周期的基本阶段。资本主义的再生产不一定都经过四个阶段,但危机阶段是
必经阶段,没有危机阶段,就不存在资本主义再生产的周期性。
8、资本主义⺠主制度的本质
由于资本主义政治制度本质上是资产阶级实行政治统治的社会管理的手段和方式,是为资产
阶级专政服务的,因此他有资本主义政治制度历史和阶级的局限性:其一,资本主义的⺠主
是金钱操纵下的⺠主,实际是资产阶级精英统治下的⺠主。其二,法律名义上的平等掩盖着
事实上的不平等。其三,资本主义国家的政党制是一种维护资产阶级统治的政治制度。其四、
正当恶斗相互掣肘,决策效率低下,激化社会矛盾。
第五章
1. 垄断形成的必然性及其与竞争的关系。
必然性:自由竞争引起生产集中和资本集中,资本集中和生产集中发展到一定阶段必然引起
垄断,这是资本主义发展的客观规律。
(垄断产生的原因:第一,当生产集中发展到相当高的程度,极少数企业就会联合起来,操
纵和控制本部⻔的生产和销售,实行垄断,以获得高额利润。第二,企业规模巨大,形成对
竞争的限制,也会产生垄断。第三,激烈的竞争会给竞争各方带来的损失越来越严重,为了
避免两败俱伤,企业之间会达成妥协,联合起来,实行垄断。)
",pdfplumber_visible_bbox
study-s2-marxism-80159e7fae0c909f-p0008-c02,study-s2-marxism-80159e7fae0c909f,PDF 第 8 页 · 片段 2,8,810,1339,knowledge/study/sources/year1/pdf/study-s2-marxism-80159e7fae0c909f.pdf#page=8,"销售,实行垄断,以获得高额利润。第二,企业规模巨大,形成对
竞争的限制,也会产生垄断。第三,激烈的竞争会给竞争各方带来的损失越来越严重,为了
避免两败俱伤,企业之间会达成妥协,联合起来,实行垄断。)
关系:垄断是在自由竞争中形成的,是作为自由竞争的对立面产生的,但是,垄断并不能消
除竞争,反而是竞争变得更加复杂和剧烈。这是因为:
第一,垄断没有消除产生竞争的经济条件。第二,垄断必须通过竞争来维持。第三,社会生
产是复杂多样的,任何垄断组织都不可能把包罗万象的社会生产都包下来。总之,在垄断条
件下,在垄断组织内部、垄断组织之间以及垄断资本家集团之间,垄断组织同非垄断组织之
间以及中小企业之间,存在着广泛而激烈的竞争。
2. 金融资本、金融寡头;金融寡头如何控制经济生活和国家机器的。
金融资本是由工业垄断资本和银行垄断资本融合在一起而形成的一种垄断资本。
金融寡头是指操纵国⺠经济命脉,并在实际上控制国家政权的少数垄断资本家或垄断资本家
集团。
金融寡头在经济领域中的统治主要是通过“参与制”实现的。所谓参与制,即金融寡头通过掌
握一定数量的股票来层层控制企业的制度。
金融寡头对国家机器的控制,主要是通过同政府的“个人联合”来实现的。金融寡头还通过建",pdfplumber_visible_bbox
study-s2-marxism-80159e7fae0c909f-p0009-c01,study-s2-marxism-80159e7fae0c909f,PDF 第 9 页 · 片段 1,9,0,928,knowledge/study/sources/year1/pdf/study-s2-marxism-80159e7fae0c909f.pdf#page=9,"立政策咨询机构等方式对政府的政策施加影响,并通过掌握新闻出版,广播电视,科学教育,
文化体育等上层建筑的各个领域左右国家的内政、外交及社会生活。
3. 国家垄断资本主义形成的必然性及其作用。
必然性:国家垄断资本主义的形成和发展不是偶然的,它是科技进步和生产社会化程度进一
步提高的产物,是资本主义基本矛盾进一步尖锐化的必然结果。首先,社会生产力的发展,
要求资本主义生产资料在更大范围内被支配,从而促进了国家垄断资本主义的产生。其次,
经济波动和经济危机的深化,要求国家垄断资本主义的产生。最后,缓和社会矛盾,协调利
益关系,要求国家垄断资本主义的产生。
作用:国家垄断资本主义在本质上是资产阶级国家力量同垄断组织力量结合在一起的垄断资
本主义。它在一定程度上促进生产力发展的同时,也加强了对劳动人⺠的剥削和掠夺,更好
的保证垄断资产阶级获得高额垄断利润,更有利于维护资本主义制度。是资产阶级国家在直
接参与社会资本的再生产过程中,代表资产阶级总利益并凌驾于个别垄断资本之上,对社会
经济进行调节的一种形式。
4. 当代资本主义新变化的原因和实质。
原因:1科学技术革命和生产力的发展,是推动资本主义变化的根本力量。
2工人阶级争取自身权利和利益的斗争,是推动资本主义变化的重要力量。
3社会主义制度初步显示的优越性对资本主义产生了一定影响。
4主张改良主义的政党对资本主义制度的改革,也对资本主义的变化发挥了重要作用。
实质:1当代资本主义发生的变化从根本上说是人类社会发展一般规律和资本主义经济规律
作用的结果。
2当代资本主义发生的变化是在资本主义制度基本框架内的变化,并不意味着资本主义生产
关系的根本性质发生了变化。
5. 如何正确认识资本主义的历史地位。
历史进步性:
其一,资本主义将科学技术转变为强大的生产力。
其二,资本追求剩余价值的内在动力和竞争的外在压力推动了社会生产力的迅速发展。
其三,资本主义的意识形态和政治制度作为上层建筑在战胜封建社会自给自足的小生产的生
产方式,保护、促进和完善资本主义生产方式方面起着重要作用,从而推动了社会生产力的
迅速发展,促进了社会进步。
局限性:
其一,资本主义基本矛盾阻碍社会生产力的发展。
",pdfplumber_visible_bbox
study-s2-marxism-80159e7fae0c909f-p0009-c02,study-s2-marxism-80159e7fae0c909f,PDF 第 9 页 · 片段 2,9,828,1253,knowledge/study/sources/year1/pdf/study-s2-marxism-80159e7fae0c909f.pdf#page=9,"战胜封建社会自给自足的小生产的生
产方式,保护、促进和完善资本主义生产方式方面起着重要作用,从而推动了社会生产力的
迅速发展,促进了社会进步。
局限性:
其一,资本主义基本矛盾阻碍社会生产力的发展。
其二,资本主义制度下财富占有两极分化,引发经济危机。
其三,资本家阶级支配和控制资本主义经济和政治的发展和运行,不断激化社会矛盾和冲突。
第六章
一、主要内容
1、资本主义必然灭亡,社会主义必然胜利;
2、无产阶级是最先进最革命的阶级,肩负着推翻资本主义旧世界、建立社会主义和共产主
义新世界的历史使命;
3、无产阶级革命是无产阶级进行斗争的最高形式,以建立无产阶级专政国家政权为目的;
4、要在生产资料公有制基础上组织生产,以满足全体社会成员的需要为生产的根本目的;
5、要对社会生产进行有计划地指导和调节,实行按劳分配原则;
6、要合乎自然规律地改造和利用自然,努力实现人与自然的和谐共生;
7、必须坚持科学的理论指导,大力发展社会主义先进文化;",pdfplumber_visible_bbox
study-s2-marxism-80159e7fae0c909f-p0010-c01,study-s2-marxism-80159e7fae0c909f,PDF 第 10 页 · 片段 1,10,0,946,knowledge/study/sources/year1/pdf/study-s2-marxism-80159e7fae0c909f.pdf#page=10,"8、无产阶级政党是无产阶级的先锋队,社会主义事业必须始终坚持无产阶级政党的领导;
9、共产主义是人类最美好的社会制度,实现共产主义是共产党人的最高理想。
二、正确把握科学社会主义基本原则
1、必须始终坚持科学社会主义基本原则,反对任何背离科学社会主义基本原则的错误倾向;
2、要善于把科学社会主义基本原则与本国实际和时代特征相结合,创造性地回答和解决社
会主义革命、建设、改革中的重大问题。
3、紧跟时代和实践的发展,在不断总结新鲜经验中进一步丰富和发展社会主义基本原则。
三、科学社会主义基本原则与中国特色社会主义
1、中国特色社会主义始终坚持科学社会主义原则;
2、中国特色社会主义既坚持科学社会主义基本原则,又具有鲜明的⺠族特色和时代特色;
3、新时代中国特色社会主义在坚持科学社会主义的基本原则基础上,在与中国具体实际和
中华优秀传统文化结合中,作出一系列重大创新。
4、习近平新时代中国特色社会主义思想,是在中国特色社会主义进入新时代、当今世界经
历新变局、我们党面临执政新考验的历史条件下形成和发展起来的,标志着我们党在自觉把
科学社会主义基本原则与当代中国实际和时代特征相结合上达到了新的境界。
第七章
6. 社会主义初级阶段坚持共产主义远大理想的重要性。
版本一:从书上找的
1共产主义是预⻅未来社会的方法论原则。这是我们展望未来理想社会的依据,他在揭示人
类社会发展一般规律的基础上指明社会发展方向,在剖析资本主义旧世界的过程中阐发未来
新世界的特点。
2 共产主义理想实现的⻓期性。实现共产主义必须要经过很多历史阶段,社会主义社会的
充分发展和最终向共产主义过渡需要很⻓的历史时期。
3社会主义是共产主义的初级阶段,也是实现共产主义的必由之路。坚持社会主义道路就是
坚持社会主义制度,是我们在当今世界为共产主义事业做出的重要贡献,放弃社会主义道路
也是放弃对共产主义理想和追求,就是对共产主义事业的背叛。
版本二:从网上找的
1中国共产党历来重视共产主义思想体系对于社会主义初级阶段的指导作用。第一,自从中
国共产党成立以来,我们的一切工作和运动就是在共产主义思想体系指导下进行的,这是现
实,也是我们的传统。第二,在社会主义的现阶段,社会的一部分先进分子的思想和行为已
",pdfplumber_visible_bbox
study-s2-marxism-80159e7fae0c909f-p0010-c02,study-s2-marxism-80159e7fae0c909f,PDF 第 10 页 · 片段 2,10,846,1378,knowledge/study/sources/year1/pdf/study-s2-marxism-80159e7fae0c909f.pdf#page=10,"义初级阶段的指导作用。第一,自从中
国共产党成立以来,我们的一切工作和运动就是在共产主义思想体系指导下进行的,这是现
实,也是我们的传统。第二,在社会主义的现阶段,社会的一部分先进分子的思想和行为已
经超出了现实阶段,表现出共产主义的伟大精神。第三,离开共产主义思想的指导,我们的
社会主义社会就不能保持正确的政治方向,甚至会走到畸形发展或蜕化变质的邪路。
2中国特色社会主义共同理想是共产主义最高理想在我国社会主义初级阶段的现实体现,是
实现共产主义最高理想的必经阶段。没有最高理想的指引,就不会有共同理想的确立和坚持。
没有共同理想的实现,最高理想就没有现实的基础和条件。任何时候都不能把最高理想和共
同理想割裂开来,对立起来。在实现中华⺠族伟大复兴的征程中,必须始终坚持远大理想与
现实奋斗相统一,既要树立共产主义远大理想,坚定信念,以高尚的思想道德要求鞭策自己,
更要从社会主义初级阶段的实际出发,脚踏实地地为实现党在现阶段的基本纲领不懈努力。”
3在社会主义初级阶段的发展中,要取得中国特色社会主义事业的胜利和成功,要保证我国
发展的正确方向,就不能离开对社会主义和共产主义理想信念的坚定追求,就必须在全国持
续开展关于社会主义和共产主义理想信念的教育。",pdfplumber_visible_bbox
study-s2-marxism-88a5a68d925b7f84-p0001-c01,study-s2-marxism-88a5a68d925b7f84,PDF 第 1 页 · 片段 1,1,0,538,knowledge/study/sources/year1/pdf/study-s2-marxism-88a5a68d925b7f84.pdf#page=1,"知识点:
导论
1.马克思主义的四个特征
第一章
1.物质统一性原理、物质与意识的辩证关系
2.意识与人工智能
3.对立统一规律是事物发展的根本规律
第二章
1.科学实践观及其意义
2.认识的本质与过程
3.坚持守正创新,实现理论创新和实践创新的良性互动
第三章
1.社会存在与社会意识
2.社会基本矛盾及其运动规律
3.社会基本矛盾是历史发展的根本动力
4.文化在社会发展中的作用
5.人民群众在创造历史过程中的决定作用
第四章
1. 商品经济产生的条件及其基本矛盾
2. 商品及其二因素与生产商品的劳动二重性
3. 价值规律的内容以及作用
4. 劳动力成为商品是货币转化为资本的前提
5. 资本、资本积累、资本有机构成、相对过剩人口、资本主义工资
6. 剩余价值的产生及其两种生产方式
7. 经济危机产生的必然性
8. 资本主义民主制度的本质
第五章
1. 垄断形成的必然性及其与竞争的关系
2. 金融资本、金融寡头;金融寡头是如何控制经济生活与国家机器的
3. 国家垄断资本主义形成的必然性及其作用
4. 当代资本主义新变化的原因和实质
5. 如何正确认识资本主义的历史地位
第六章
1.科学社会主义的基本原则
第七章
1.社会主义初级阶段坚持共产主义远大理想的重要性。",pdfplumber_visible_bbox
study-s2-marxism-9ecf25ff0629bcad-p0001-c01,study-s2-marxism-9ecf25ff0629bcad,PDF 第 1 页 · 片段 1,1,0,939,knowledge/study/sources/year1/pdf/study-s2-marxism-9ecf25ff0629bcad.pdf#page=1,"导论
1.⻢克思主义的四个特征
具有科学性、人⺠性、实践性、发展性,体现了⻢克思主义的本质、使命和理论形象。
⻢克思主义的基本特征就是科学性和革命性的统一 。
(1)具有科学的世界观和方法论基础即辩证唯物主义和历史唯物主义。
(2)人⺠性是⻢克思主义的本质属性,人⺠至上是其政治立场,一切奋斗都致力于实现最
广大人⺠的根本利益。
(3)具有实践精神,坚持一切从实际出发,理论与实践统一,在实践中检验和发展真理。
(4)是时代的产物,并随着时代、实践和科学的发展而不断发展。
第一章
1.物质统一性原理
世界的统一性在于它的物质性。
(1)自然界是物质的。人类社会依存于自然界,是物质世界的组成部分。
(2)人类社会的本质上是生产实践基础上形成的物质体系。人类获取生活资料的生产
活动是物质的,物质资料的生产方式构成了人类社会存在和发展的基础,体现着人类社会的
物质性。
(3)人的意识统一于物质。
世界物质的统一性是多样性的统一。世界的物质统一性原理是一切从实际出发的理论基
础。
2.物质与意识的辩证关系
(1)物质决定意识,表现在起源和本质上:起源:一方面,意识是自然界⻓期发展的
产物,另一方面,意识是社会历史发展的产物;本质:意识是人脑的机能和属性,是客观世
界的主观映像。在内容上是客观的,在形式上是主观的,是客观内容和主观形式的统一。
(2)意识对物质具有能动的反作用。第一,具有目的性和计划性;第二,具有创造性;
第三,具有指导实践改造客观世界的作用;第四,具有调控人的行为和生理活动的作用。
(3)主观能动性和客观规律性的辩证统一,一方面,尊重客观规律是正确发挥主观能
动性的前提,另一方面,只有发挥主观能动性,才能正确认识和利用客观规律。要求充分发
挥历史主动精神。
3.意识与人工智能
人工智能是人的意识能动性的一种特殊表现,是人的本质力量的对象部分地从人脑中分
离出来,物化为机器的物理运动从而延伸意识器官功能的新阶段。但即使是计算能力最强大、
最先进的智能机器,也达不到人类智能的层级,无法真正具有人的意识,不可能取代或超越
人类智能。
第一,人类意识是知情意的统一体,而人工智能只是对人类的理性智能的模拟和扩展,
不具备情感、信念、意志等人类意识形式。",pdfplumber_visible_bbox
study-s2-marxism-9ecf25ff0629bcad-p0001-c02,study-s2-marxism-9ecf25ff0629bcad,PDF 第 1 页 · 片段 2,1,839,975,knowledge/study/sources/year1/pdf/study-s2-marxism-9ecf25ff0629bcad.pdf#page=1,"能机器,也达不到人类智能的层级,无法真正具有人的意识,不可能取代或超越
人类智能。
第一,人类意识是知情意的统一体,而人工智能只是对人类的理性智能的模拟和扩展,
不具备情感、信念、意志等人类意识形式。人工智能可以辅助人们决策,但无法代替人们以
知情意统一为基础的整体决策。",pdfplumber_visible_bbox
study-s2-marxism-9ecf25ff0629bcad-p0002-c01,study-s2-marxism-9ecf25ff0629bcad,PDF 第 2 页 · 片段 1,2,0,913,knowledge/study/sources/year1/pdf/study-s2-marxism-9ecf25ff0629bcad.pdf#page=2,"第二,社会性是人的意识所固有的本质属性,而人工智能不可能真正具备人类的社会属
性。
第三,人类的自然语言是思维的物质外壳和意识的现实形式,而人工智能难以完全具备
理解自然语言真实意义的能力。
第四,人工智能能够获得人类意识中可以化约为数字信号的内容,但人脑中总有许多东
⻄是无法被化约的。
我们要以开放、客观的态度观察、思考和把握人工智能的未来发展及其对社会的影响。
在充分利用人工智能带来的便利的同时,还需要加强对人工智能不当应用⻛险的研判和防范,
引导和规范人工智能走向更有利于人类生存和发展的方向。
4.对立统一规律是事物发展的根本规律
1.对立统一规律是唯物辩证法的实质和核心
第一,揭示了事物普遍联系的根本内容和永恒发展的内在动力,从根本上回答了事物为
什么会发展的问题;
第二,是贯穿质量互变规律、否定之否定规律以及唯物辩证法基本范畴的中心,也是理
解它们的""钥匙"";
第三,提供了人们认识世界和改造世界的根本方法--矛盾分析法。
2.矛盾的同一性和斗争性
同一性和斗争性相互联结、相互制约。
一方面,同一性不能脱离斗争性而存在,没有斗争性就没有同一性。同一是以差别和对立
为前提的,是包含差别和对立的具体的同一。脱离对立的同一,是绝对的或抽象的同一。
另一方面,斗争性也不能脱离同一性而存在,没有同一性也没有斗争性,矛盾的斗争性
是以双方具有内在的同一性为前提的。脱离同一性的斗争性即脱离同一的对立,是绝对的对
立。
同一是对立中的同一,斗争是同一中的斗争。
3. 矛盾的普遍性和特殊性
(1) 普遍性:矛盾存在于一切事物及其发展过程的始终。无处不在,无时不有,
特殊性:一是不同事物和过程的矛盾各有其特点;二是同一事物或过程的矛盾在不
同的发展阶段各有不同特点;三是构成事物的诸多矛盾以及每一矛盾的不同方面各有不同的
性质、地位和作用。
(2)矛盾的普遍性和特殊性的辩证关系
第一,是相互对立的,普遍只是同类个别事物的共同本质,普遍不可能包含特殊的全部内容
和所有方面,普遍只包含了特殊的某一方面,任何事物的特殊都比普遍丰富。
第二,是同一的,是相互联结、相互依存的,个性中包含着共性,特殊性中包含着普遍性,
",pdfplumber_visible_bbox
study-s2-marxism-9ecf25ff0629bcad-p0002-c02,study-s2-marxism-9ecf25ff0629bcad,PDF 第 2 页 · 片段 2,2,813,1107,knowledge/study/sources/year1/pdf/study-s2-marxism-9ecf25ff0629bcad.pdf#page=2,"别事物的共同本质,普遍不可能包含特殊的全部内容
和所有方面,普遍只包含了特殊的某一方面,任何事物的特殊都比普遍丰富。
第二,是同一的,是相互联结、相互依存的,个性中包含着共性,特殊性中包含着普遍性,
个性一定与共性相联结而存在;普遍性存在于特殊性之中,普遍也只能通过特殊才能显示出
来。
第三,区分是相对的,在一定条件下是可以相互转化的。
5.矛盾的同一性和矛盾的斗争性在事物发展的重要作用。
矛盾的同一性的作用:
第一,是事物存在和发展的前提,在矛盾双方中一方的发展以另一方的发展为条件。发
展是矛盾统一体中的发展。
第二,是矛盾双方相互吸取有利于自身的因素,在相互作用中各自得到发展。",pdfplumber_visible_bbox
study-s2-marxism-9ecf25ff0629bcad-p0003-c01,study-s2-marxism-9ecf25ff0629bcad,PDF 第 3 页 · 片段 1,3,0,943,knowledge/study/sources/year1/pdf/study-s2-marxism-9ecf25ff0629bcad.pdf#page=3,"第三,规定着事物转化的可能和发展的趋势。事物之所以能够转化,是由于事物内部矛
盾双方具有相互贯通的关系。事物的发展方向、趋势不是随意的,而是有规律地向自己的对
立面转化。
矛盾的斗争性的作用:
第一,矛盾双方的斗争促进矛盾双方力量的变化,竞⻓争高,此消彼⻓,造成双方力量发
展的不平衡,为对立面的转化、事物的质变创造条件。
第二,矛盾双方的斗争,是一种矛盾统一体向另一种矛盾统一体过渡的决定力量。矛盾
的相互排斥、否定促成旧的矛盾统一体破裂和新的矛盾统一体产生,从而使旧事物发展为新
事物。
矛盾的斗争性和矛盾的同一性在事物发展过程中是相互结合共同发生作用的。但在不同
条件下,二者所处的地位会有所不同。在一定的条件下,矛盾的斗争性可能处于主要的方面,
而在另外的条件下,矛盾的同一性又可能处于主要的方面。
第二章
1.科学实践观及其意义
科学实践观从主观和客观、主体和客体的统一中把握实践,揭示了实践的本质,指明了
实践是人类能动地改造世界的社会性的物质活动,科学阐明了人类实践活动的特点、结构、
形式和实践标准等问题,深刻揭示出实践与认识的发展规律,形成了完整科学的理论体系。
意义:第一,克服了旧唯物主义的根本缺陷,为辩证唯物主义的创立奠定了科学的理论
基础。第二,揭示了实践对认识的决定作用,为能动的、革命的反映论的创立奠定了科学的
理论基础。第三,在人类思想史上第一次揭示了社会生活的实践本质,为唯物史观是物创立
奠定了科学的理论基础。第四,为人们能动地认识世界和改造世界提供了基本的思想方法和
工作方法。
2.认识的本质与过程
(1)本质:辩证唯物主义认识论认为,认识是主体在实践基础上对客体的能动反映。不
但具有反映客体内容的反映性特征,而且具有事件所要求的主体能动的、创造性的特征
(2)过程:从感性认识到理性认识、又从理性认识到实践的具体认识过程。又表现为从
实践到认识,在从认识到实践的循环往复和无限发展的过程。
3.坚持守正创新,实现理论创新和实践创新的良性互动
人类认识世界和改造世界的过程,是一个不断坚持守正创新,并努力实现理论创新和实践
创新良性互动的过程。
(一)坚持守正创新
守正创新深刻揭示了坚持真理与发展真理、坚持⻢克思主义与发展⻢克思主义的辩证关
",pdfplumber_visible_bbox
study-s2-marxism-9ecf25ff0629bcad-p0003-c02,study-s2-marxism-9ecf25ff0629bcad,PDF 第 3 页 · 片段 2,3,843,1230,knowledge/study/sources/year1/pdf/study-s2-marxism-9ecf25ff0629bcad.pdf#page=3,"人类认识世界和改造世界的过程,是一个不断坚持守正创新,并努力实现理论创新和实践
创新良性互动的过程。
(一)坚持守正创新
守正创新深刻揭示了坚持真理与发展真理、坚持⻢克思主义与发展⻢克思主义的辩证关
系,为推进党和人⺠事业提供了科学的立场观点方法。
要坚持守正不动摇。所谓守正,就是坚持实事求是,坚持真理性认识,坚持正确政治方
向。守正是创新的基本前提,也是创新的可靠保障。我们要坚持⻢克思主义基本原理、党的
全面领导、中国特色社会主义,始终站在历史正确的一边,沿着正确的道路前进。
要坚持创新不停步。所谓创新,就是坚持解放思想,破除与客观事物进程不相符合旧的
观念,发现和运用事物新的规律,更有效地认识世界和改造世界。紧跟时代步伐,顺应实践
发展,拓展认识的广度和深度,以新的理论指导新的实践。
守正创新就是坚持守正与创新的辩证统一。二者是相辅相成的,守正是创新的前提和基",pdfplumber_visible_bbox
study-s2-marxism-9ecf25ff0629bcad-p0004-c01,study-s2-marxism-9ecf25ff0629bcad,PDF 第 4 页 · 片段 1,4,0,937,knowledge/study/sources/year1/pdf/study-s2-marxism-9ecf25ff0629bcad.pdf#page=4,"础,创新是守正的目的和路径。只有守正,才能按照事物的本质要求和客观规律想问题、办
事情;只有创新,才能充分发挥人的主观能动性,促进认识和实践的发展。
(二)努力实现理论创新和实践创新的良性互动
人类的创新的内容和表现,主要是理论创新和实践创新两个基本方面。守正创新彰显着
党的理论创新和实践创新的时代要求。
实践创新为理论创新提供不竭的动力源泉。理论创新为实践创新提供科学的行动指南。
二者相互促进、辩证统一,不断实现更高阶段的理论创新和实践创新的良性互动,离开了实
践的创新,理论创新就会缺乏动力;离开了理论的创新,实践创新就会迷失方向。二者的良
性互动是需要人的努力才能实现。要不断增强创新的自觉性,努力实现理论创新和实践创新
的良性互动。
中国特色社会主义是在理论创新和实践创新良性互动过程中不断向前发展的。
第三章
1、社会存在和社会意识的关系
社会存在和社会意识是辩证统一的。社会存在决定社会意识,社会意识是社会存在的反
映,并反作用于社会存在:社会存在是社会意识内容的客观来源,社会意识是社会物质生活
过程及其条件的主观反映。社会意识根源于社会存在,是对以实践为基础的不断变化发展的
现实世界的反应。
2、社会意识的相对(cid:4607)立性
1与社会存在发展的不平衡性;
2内部各种形式之间的相互影响及各自具有的历史继承性;
3对社会存在的能动的反作用。
3、社会基本矛盾及其运动规律
(1)生产力与生产关系
生产力决定生产关系,生产关系对生产力具有能动的反作用。
二者的相互作用构成二者其矛盾运动。
这种矛盾运动中内在的、本质的、必然的联系,就是生产关系一定要适合生产力状况的
规律。就内容看,这一规律概括了生产力和生产关系相互作用的两个方面。从过程看,这一
规律表现为生产关系对于生产力总是从基本适合到基本不适合,再到新的基础上的基本适合;
与此相适应,生产关系也总是从相对稳定到新旧更替,再到相对稳定。不断推动社会生产发
展,进而推动社会逐步走向高级阶段。
(2)经济基础与上层建筑
经济基础决定上层建筑,上层建筑对经济基础具有反作用。
二者的相互作用构成二者其矛盾运动。
二者之间的内在联系构成了上层建筑一定要适合经济基础状况的规律。经济基础状况决
",pdfplumber_visible_bbox
study-s2-marxism-9ecf25ff0629bcad-p0004-c02,study-s2-marxism-9ecf25ff0629bcad,PDF 第 4 页 · 片段 2,4,837,1102,knowledge/study/sources/year1/pdf/study-s2-marxism-9ecf25ff0629bcad.pdf#page=4,"段。
(2)经济基础与上层建筑
经济基础决定上层建筑,上层建筑对经济基础具有反作用。
二者的相互作用构成二者其矛盾运动。
二者之间的内在联系构成了上层建筑一定要适合经济基础状况的规律。经济基础状况决
定上层建筑的发展方向以及相应的调整或变革;上层建筑的反作用也必须取决和服从于经济
基础的性质和客观要求。
其一,在同一性质的经济基础与上层建筑的关系中,上层建筑的不完善部分、没有反映
经济基础要求的部分都会同经济基础发生矛盾。
其二,在不同性质的经济基础与上层建筑的关系中,主要表现在新旧上层建筑之间、新
旧经济基础之间的矛盾等。",pdfplumber_visible_bbox
study-s2-marxism-9ecf25ff0629bcad-p0005-c01,study-s2-marxism-9ecf25ff0629bcad,PDF 第 5 页 · 片段 1,5,0,939,knowledge/study/sources/year1/pdf/study-s2-marxism-9ecf25ff0629bcad.pdf#page=5,"其三,当一种社会形态处于上升发展阶段时,上层建筑对于经济基础一般是适应的;当
一种社会形态处于没落阶段时,上层建筑同经济基础变革的客观要求是不相适应的,其矛盾
则变为对抗性的、全局性的矛盾。
4、社会基本矛盾是历史发展的根本动力
生产力和生产关系、经济基础和上层建筑的矛盾是社会基本矛盾。
(1)生产力是社会基本矛盾运动中最基本的动力因素,是人类社会发展和进步的最终决定
力量;
(2)社会基本矛盾特别是生产力和生产关系的矛盾,决定着社会中其他矛盾的存在和发展;
(3)社会基本矛盾具有不同的表现形式和解决方式,并从根本上影响和促进社会形态的变
化和发展。
5、文化在社会发展中的作用
(1)提供思想指引;
(2)提供精神动力;
(3)为社会发展凝聚力量;
6、人⺠群众在创造历史过程中的决定作用:
人⺠群众是社会历史的主体,是历史的创造者。人⺠群众从质上说是指一切对社会历史
发展起推动作用的人们,从量上说是指社会人口中的绝大多数。人⺠群众最稳定的主体部分
始终是从事物质资料生产的劳动群众及其知识分子。
在社会历史发展过程中,人⺠群众起着决定性的作用。人⺠群众创造历史的作用是同社
会基本矛盾运动推动社会前进的过程相一致的。人⺠群众的总体意愿和行动代表了历史发展
的方向,人⺠群众的社会实践最终决定历史发展的结局。人⺠群众是社会物质财富的创造者、
社会精神财富的创造者,人⺠群众是社会变革的决定性力量。但人⺠群众创造历史的活动要
受到一定社会历史条件的制约。
第四章
1、商品经济产生的条件及其基本矛盾
条件:(1)社会分工的出现:是指社会劳动划分和(cid:4607)立化为不同部⻔和行业。
(2)生产资料和劳动产品属于不同的所有者。
基本矛盾:在私有制商品经济条件下,私人劳动和社会劳动之间的矛盾是私有制商品经济的
基本矛盾。在资本主义制度下,这种矛盾进一步发展成资本主义的基本矛盾,即生产资料的
资本主义私人占有和生产社会化之间的矛盾。
2、商品及其二因素与生产商品的劳动二重性
商品是用来交换的、能满足人们某种需要的劳动产品,具有使用价值和价值两个因素,
是使用价值和价值的矛盾统一体。
使用价值是指商品能满足人们某种需要的有用性,反映的是人与自然之间的物质关系,
",pdfplumber_visible_bbox
study-s2-marxism-9ecf25ff0629bcad-p0005-c02,study-s2-marxism-9ecf25ff0629bcad,PDF 第 5 页 · 片段 2,5,839,1058,knowledge/study/sources/year1/pdf/study-s2-marxism-9ecf25ff0629bcad.pdf#page=5,"劳动二重性
商品是用来交换的、能满足人们某种需要的劳动产品,具有使用价值和价值两个因素,
是使用价值和价值的矛盾统一体。
使用价值是指商品能满足人们某种需要的有用性,反映的是人与自然之间的物质关系,
是商品的自然属性,是一切劳动产品所共有的属性。商品的使用价值而是通过交换用来满足
他人的、社会的需要。使用价值构成社会财富的物质内容。使用价值是交换价值的物质承担
者。交换价值首先表现为一种使用价值同另一种使用价值相交换的量的关系或比例。",pdfplumber_visible_bbox
study-s2-marxism-9ecf25ff0629bcad-p0006-c01,study-s2-marxism-9ecf25ff0629bcad,PDF 第 6 页 · 片段 1,6,0,932,knowledge/study/sources/year1/pdf/study-s2-marxism-9ecf25ff0629bcad.pdf#page=6,"价值是凝结在商品中的无差别的一般人类劳动,即人类脑力和体力的耗费。价值是商品
所特有的社会属性。任何有用物品都具有使用价值,但只有这种有用物品是劳动产品并作为
商品时,它才具有价值。价值决定商品交换的比例。
商品的价值和使用价值之间的关系是对立统一的关系。对立性:二者是相互排斥的,二
者不可兼得。统一性:作为商品,必须同时具有使用价值和价值两个因素。
商品是劳动产品,生产商品的劳动具有二重性,即具体劳动和抽象劳动。
劳动的二重性决定了商品的二因素。
具体劳动和抽象劳动也是对立统一的关系。
一方面具体劳动和抽象劳动不是各自(cid:4607)立存在的两种劳动或两次劳动,它们在时间上和
空间上是统一的,是商品生产者的同一劳动过程不可分割的两个方面;另一方面,具体劳动
所反映的是人与自然的关系,它是劳动的自然属性,而抽象劳动反映的是商品生产者的社会
关系,它是劳动的社会属性。
3、价值规律的内容以及作用
主要规律和客观要求:商品的价值量由生产商品的社会必要劳动时间决定,商品交换以
价值量为基础,按照等价交换的原则进行。价值规律贯穿于商品经济的全过程,既支配商品
生产,也支配商品流通。
表现形式:商品的价格围绕商品的价值自发波动。
作用:
第一,自发地调节生产资料和劳动力在社会各生产部⻔之间的分配比例。
第二,第二,自发地刺激社会生产力的发展。
第三,自发地调节社会收入的分配。
负消极后果:
第一,导致社会资源浪费
第二,阻碍技术进步
第三,导致收入两极分化
在社会主义市场经济中,一方面要充分利用价值规律,让市场在资源配置中起决定性作
用;另一方面也要认识价值规律的局限性,更好地发挥政府作用,使市场更加稳健运行,更
好地服务于提升综合国力和改善人⺠生活水平,防止出现极端两极分化。
4、劳动力成为商品是货币转化为资本的前提
资本是能够带来剩余价值的价值。
资本运动的一般目的是价值增殖。
劳动力是指人的劳动能力,是脑力和体力的总和。
劳动力成为商品的基本条件:1、劳动者在法律上是自由人2、(自由的一无所有)没有
任何生产资料,没有生活资料来源,不得不出卖劳动力为生。
劳动力商品的特点:劳动力商品也具有价值和使用价值。但是,劳动力是特殊的商品,
",pdfplumber_visible_bbox
study-s2-marxism-9ecf25ff0629bcad-p0006-c02,study-s2-marxism-9ecf25ff0629bcad,PDF 第 6 页 · 片段 2,6,832,1141,knowledge/study/sources/year1/pdf/study-s2-marxism-9ecf25ff0629bcad.pdf#page=6,"的基本条件:1、劳动者在法律上是自由人2、(自由的一无所有)没有
任何生产资料,没有生活资料来源,不得不出卖劳动力为生。
劳动力商品的特点:劳动力商品也具有价值和使用价值。但是,劳动力是特殊的商品,
它的价值和使用价值具有不同于普通商品的特点。“劳动力的价值,是由生产、发展、维持和
延续劳动力所必需的生活必需品的价值决定的”
劳动力商品在使用价值上特点:劳动力的使用价值是价值的源泉,在消费过程中能够创
造新的价值,这个新的价值比劳动力本身的价值更大。
货币转化为资本:由于这一特点,货币所有者购买到劳动力之后,在消费过程中,不仅能够
收回他在购买这种特殊商品时支付的价值,还能得到一个增殖的价值即剩余价值。一旦购买",pdfplumber_visible_bbox
study-s2-marxism-9ecf25ff0629bcad-p0007-c01,study-s2-marxism-9ecf25ff0629bcad,PDF 第 7 页 · 片段 1,7,0,941,knowledge/study/sources/year1/pdf/study-s2-marxism-9ecf25ff0629bcad.pdf#page=7,"的劳动力产生了剩余价值,货币就变成了资本。
5、资本、资本积累、资本有机构成、相对过剩人口、资本主义工资(蓝色部分重在理解)
资本是资本家占有、并用作剥削手段的生产资料和货币。
1、把剩余价值转化为资本,或者说,剩余价值的资本化,就是资本积累。
资本家获得无偿占有的剩余价值后,并不是将其完全用于个人消费,而是将一部分转化
为资本,用以购买追加的生产资料和劳动力,使生产在扩大的规模上重复进行,这就是资本
主义扩大再生产。在这里,资本积累是资本主义扩大再生产的源泉。资本积累的源泉是剩余
价值,资本积累规模的大小取决于资本家对工人的剥削程度、劳动生产率的高低、所用资本
和所费资本之间的差额以及资本家预付资本的大小。这些因素都是加强和扩大对工人剥削的
因素。因此,资本积累就是依靠剥削工人所创造的剩余价值而实现的,没有剩余价值,就不
可能有资本积累。随着资本积累和生产规模的扩大,社会财富日益集中到资产阶级手中,而
社会财富的直接创造者即无产阶级则只占有少部分社会财富。这样必然加剧社会的两极分化,
即一极是财富越来越集中于少数人手中,另一极是多数人只拥有社会财富的较小部分。
2、由生产的技术水平所决定的生产资料和劳动力之间的比例,叫作资本的技术构成。
从价值形式上看,资本可分为不变资本和可变资本,这两部分资本价值之间的比例,叫作资
本的价值构成。资本的技术构成决定并反映技术构成变化的资本价值构成,叫作资本的有机
构成。资本有机构成的提高是一般趋势,这是由资本的本性决定的。
3、在资本有机构成提高的情况下,由于可变资本的相对量的减少,资本对劳动力的需
求日益相对地减少,造成大批工人失业,形成相对过剩人口。所谓相对人口过剩,就是劳动
力供给超过了资本对它的需要。
4、在资本主义制度下,工人的工资是劳动力的价值或价格,这是资本主义工资的本质。
在这种制度下,资本家购买工人的劳动力是以货币工资形式支付的,工人为资本家劳动,资
本家付给工人工资,工资表现为“劳动的价格”或工人全部劳动的报酬,这就模糊了工人必要
劳动和剩余劳动的界限,掩盖了资本主义的剥削关系。“这种假象,就是雇佣劳动和历史上其
他形式的劳动的不同之处。”资本主义工资的形式主要有两种,即计时工资和计件工资。
",pdfplumber_visible_bbox
study-s2-marxism-9ecf25ff0629bcad-p0007-c02,study-s2-marxism-9ecf25ff0629bcad,PDF 第 7 页 · 片段 2,7,841,1437,knowledge/study/sources/year1/pdf/study-s2-marxism-9ecf25ff0629bcad.pdf#page=7,"全部劳动的报酬,这就模糊了工人必要
劳动和剩余劳动的界限,掩盖了资本主义的剥削关系。“这种假象,就是雇佣劳动和历史上其
他形式的劳动的不同之处。”资本主义工资的形式主要有两种,即计时工资和计件工资。
除此之外,资本家还建立了各种形式的血汗工资制度,其特点是利用“科学的劳动组织”,最
大限度地提高工人的劳动强度,从他们身上榨取更多的血汗。在当代资本主义国家,随着社
会生产力的发展、科学技术的进步、劳动过程的复杂化和脑力劳动作用的加强,工人的实际
工资呈现出不断提高的趋势,但是与其创造的剩余价值的增⻓幅度相比,实际工资提高的幅
度还是较小的。只要资本和雇佣劳动的基本经济关系不变,资本主义工资的本质就不会发生
根本变化。
6、剩余价值的产生及其两种生产方式
剩余价值是在资本主义的生产过程中产生的。剩余价值的生产过程:价值增殖过程。是
超过劳动力价值的补偿这个一定点而延⻓的价值形成过程。
在价值增殖过程中,雇佣工人的劳动被分为两部分:1、必要劳动2、剩余劳动,无偿为
资本家生产剩余价值。剩余价值是雇佣工人所创造的并被资本家无偿占有的超过劳动力价值
的那部分价值,体现了资本家与雇佣工人之间剥削与被剥削的关系。
剩余价值生产的两种基本方法
1. 绝对剩余价值生产方式:通过延⻓工作日⻓度或提高劳动强度来实现
2. 相对剩余价值生产方式:通过提高生产效率来实现,缩短必要劳动时间,相对延⻓剩",pdfplumber_visible_bbox
study-s2-marxism-9ecf25ff0629bcad-p0008-c01,study-s2-marxism-9ecf25ff0629bcad,PDF 第 8 页 · 片段 1,8,0,943,knowledge/study/sources/year1/pdf/study-s2-marxism-9ecf25ff0629bcad.pdf#page=8,"余劳动时间,增加剩余价值的生产。全社会劳动生产率的提高是资本家追逐超额剩余价值的
结果。
7、经济危机产生的必然性
资本主义发展到一定阶段,就会发生以生产过剩为基本特征的经济危机。
资本主义基本矛盾:生产社会化与生产资料私人占有之间的矛盾。资本主义越发展,生
产力越发展,生产社会化程度越高,社会生产力越转化为资本的生产力,资本、生产资料、
劳动产品就越集中在少数资本家手里。资本主义基本矛盾的尖锐化是不可避免的。
资本主义经济危机爆发的根本原因:资本主义的基本矛盾。基本矛盾的具体表现:1、
生产无限扩大~劳动人⺠购买力相对缩小。2、单个企业内部生产的有组织性~整个社会生
产的无政府状态。
四个阶段:危机,萧条,复苏,高涨。
8、资本主义⺠主制度的本质
由于资本主义政治制度本质上是资产阶级实行政治统治和社会管理的手段和方式,是为
资产阶级专政服务的。因此不可避免的具有其历史和阶级的局限性:
其一,资本主义的⺠主是金钱操纵下的⺠主,实际是资产阶级精英统治下的⺠主。资本
主义制度中的选举事实上是有钱人的金钱游戏。
其二,法律名义上的平等掩盖着事实上的不平等。
其三,资本主义国家的政党制是一种维护资产阶级统治的政治制度。
其四,政党恶斗相互掣肘,决策效率低下,激化社会矛盾。
我们要坚定不移走中国特色社会主义道路,建设社会主义法治国家。
第五章
1. 垄断形成的必然性及其与竞争的关系。
必然性:自由竞争引起生产集中和资本集中,资本集中和生产集中发展到一定阶段必然
引起垄断,这是资本主义发展的客观规律。
垄断产生的原因:第一,当生产集中发展到相当高的程度,极少数企业就会联合起来,
操纵和控制本部⻔的生产和销售,实行垄断,以获得高额利润。
第二,企业规模巨大,形成对竞争的限制,也会产生垄断。
第三,激烈的竞争会给竞争各方带来的损失越来越严重,为了避免两败俱伤,企业之间
会达成妥协,联合起来,实行垄断。
与竞争的关系:垄断是在自由竞争中形成的,是作为自由竞争的对立面产生的,但是,
垄断并不能消除竞争,反而使竞争变得更加复杂和剧烈。
总之,在垄断条件下,在垄断组织内部、垄断组织之间以及垄断资本家集团之间,垄断
组织同非垄断组织之间以及中小企业之间,存在着广泛而激烈的竞争。
",pdfplumber_visible_bbox
study-s2-marxism-9ecf25ff0629bcad-p0008-c02,study-s2-marxism-9ecf25ff0629bcad,PDF 第 8 页 · 片段 2,8,843,1100,knowledge/study/sources/year1/pdf/study-s2-marxism-9ecf25ff0629bcad.pdf#page=8,"是,
垄断并不能消除竞争,反而使竞争变得更加复杂和剧烈。
总之,在垄断条件下,在垄断组织内部、垄断组织之间以及垄断资本家集团之间,垄断
组织同非垄断组织之间以及中小企业之间,存在着广泛而激烈的竞争。
2. 金融资本、金融寡头;金融寡头如何控制经济生活和国家机器的。
是由工业垄断资本和银行垄断资本融合在一起而形成的一种垄断资本。
是指操纵国⺠经济命脉,并在实际上控制国家政权的少数垄断资本家或垄断资
本家集团。
金融寡头在经济领域中的控制主要是通过“参与制”实现的,即通过掌握一定数量的股票
来层层控制企业的制度。",pdfplumber_visible_bbox
study-s2-marxism-9ecf25ff0629bcad-p0009-c01,study-s2-marxism-9ecf25ff0629bcad,PDF 第 9 页 · 片段 1,9,0,910,knowledge/study/sources/year1/pdf/study-s2-marxism-9ecf25ff0629bcad.pdf#page=9,"金融寡头对国家机器的控制,主要是通过同政府的“个人联合”来实现的。还通过建立政
策咨询机构等方式对政府的政策施加影响,并通过掌握上层建筑的各个领域左右国家的内政、
外交及社会生活。
3. 国家垄断资本主义形成的必然性及其作用。
必然性:国家垄断资本主义的形成和发展是科技进步和生产社会化程度进一步提高的产
物,是资本主义基本矛盾进一步尖锐化的必然结果。首先,社会生产力的发展,要求资本主
义生产资料在更大范围内被支配,从而促进了国家垄断资本主义的产生。其次,经济波动和
经济危机的深化,要求国家垄断资本主义的产生。最后,缓和社会矛盾,协调利益关系,要
求国家垄断资本主义的产生。
积极作用:弥补私人资本的不足。1、一定程度上有利于社会生产力的发展。2、代表整
个垄断资产阶级的利益,一定范围突破了私人资本的(cid:4608)隘界限。3、通过收入再分配提高劳
动人⺠生活水平。4、加快国家经济现代化
作用:本质上:资产阶级国家力量同垄断组织力量结合在一起的垄断资本主义。1、加
强了对劳动人⺠的剥削和掠夺,更好的保证垄断资产阶级获得高额垄断利润,更有利于维护
资本主义制度。2、没有从根本上消除资本主义的基本矛盾。
4. 当代资本主义新变化的原因和实质。
原因:1科学技术革命和生产力的发展,根本推动力量。
2工人阶级争取自身权利和利益的斗争,是推动资本主义变化的重要力量。
3社会主义制度初步显示的优越性对资本主义产生了一定影响。
4主张改良主义的政党对资本主义制度的改革,也对资本主义的变化发挥了重要作用。
实质:1当代资本主义发生的变化从根本上说是人类社会发展一般规律和资本主义经济规律
作用的结果。
2当代资本主义发生的变化是在资本主义制度基本框架内的变化,并不意味着资本主义生产
关系的根本性质发生了变化。
这些变化没有改变资本主义制度的本质,没有消除资本主义的基本矛盾,正确认识资本主义
的新变化,有利于我们进一步完善发展社会主义制度。
5. 如何正确认识资本主义的历史地位。
历史进步性:
其一,将科学技术转变为强大的生产力。
其二,资本追求剩余价值的内在动力和竞争的外在压力推动了社会生产力的迅速发展。
",pdfplumber_visible_bbox
study-s2-marxism-9ecf25ff0629bcad-p0009-c02,study-s2-marxism-9ecf25ff0629bcad,PDF 第 9 页 · 片段 2,9,810,1147,knowledge/study/sources/year1/pdf/study-s2-marxism-9ecf25ff0629bcad.pdf#page=9,"进一步完善发展社会主义制度。
5. 如何正确认识资本主义的历史地位。
历史进步性:
其一,将科学技术转变为强大的生产力。
其二,资本追求剩余价值的内在动力和竞争的外在压力推动了社会生产力的迅速发展。
其三,资本主义的意识形态和政治制度作为上层建筑在战胜封建社会自给自足的小生产的生
产方式,保护、促进和完善资本主义生产方式方面起着重要作用,从而推动了社会生产力的
迅速发展,促进了社会进步。
局限性:
其一,资本主义基本矛盾阻碍社会生产力的发展。
其二,资本主义制度下财富占有两极分化,引发经济危机。
其三,资本家阶级支配和控制资本主义经济和政治的发展和运行,不断激化社会矛盾和冲突。
这些局限性在资本主义生产方式范围内不可能根本消除,决定了资本主义生产方式的历
史过渡性。",pdfplumber_visible_bbox
study-s2-marxism-9ecf25ff0629bcad-p0010-c01,study-s2-marxism-9ecf25ff0629bcad,PDF 第 10 页 · 片段 1,10,0,871,knowledge/study/sources/year1/pdf/study-s2-marxism-9ecf25ff0629bcad.pdf#page=10,"第六章
一、科学社会主义的基本原则
1、资本主义必然灭亡,社会主义必然胜利;
2、无产阶级是最先进最革命的阶级,肩负着推翻资本主义旧世界、建立社会主义和共产主
义新世界的历史使命;
3、无产阶级革命是无产阶级进行斗争的最高形式,以建立无产阶级专政国家政权为目的;
4、要在生产资料公有制基础上组织生产,以满足全体社会成员的需要为生产的根本目的;
5、要对社会生产进行有计划地指导和调节,实行按劳分配原则;
6、要合乎自然规律地改造和利用自然,努力实现人与自然的和谐共生;
7、必须坚持科学的理论指导,大力发展社会主义先进文化;
8、无产阶级政党是无产阶级的先锋队,社会主义事业必须始终坚持无产阶级政党的领导;
9、社会主义社会要大力解放和发展生产力,逐步消灭剥削和消除两极分化,实现共同富裕
和社会全面进步,并最终向共产主义社会过渡;
10、共产主义是人类最美好的社会制度,实现共产主义是共产党人的最高理想。
第七章
1、社会主义初级阶段坚持共产主义远大理想的重要性。
1共产主义是预⻅未来社会的方法论原则。在揭示人类社会发展一般规律的基础上指明社
会发展的方向,在剖析资本主义旧世界的过程中阐发未来新世界的特点,在社会主义社会发
展中不断深化对未来共产主义社会的认识,立足于揭示未来社会的一般特征。
2共产主义社会的基本特征:物质财富极大丰富,消费资料按需分配,社会关系高度和谐,
人们精神境界极大提高共产主义理想实现的⻓期性,实现每个人自由而全面的发展。
3实现共产主义是历史发展的必然趋势,这是由人类社会的发展规律所决定的,实现共产
主义是人类最伟大的事业。
4实现共产主义是一个⻓期的历史过程,资本主义的灭亡和向社会主义的转变是一个⻓期
的历史过程,社会主义社会的充分发展和最终向共产主义过渡需要很⻓的历史时期。
5共产主义远大理想与中国特色社会主义共同理想,坚持远大理想与共同理想的辩证统一,
坚持和发展中国特色社会主义是中华⺠族通向共产主义的必由之路,正确认识和把握二者的
关系;坚定理想信念,投身新时代中国特色社会主义伟大事业。",pdfplumber_visible_bbox
study-s2-physics-0a46c38726e23c48-p0001-c01,study-s2-physics-0a46c38726e23c48,PDF 第 1 页 · 片段 1,1,0,132,knowledge/study/sources/year1/pdf/study-s2-physics-0a46c38726e23c48.pdf#page=1,"草稿区
二、(10分) 质量为m 的小球在重力场中铅直下落,假设下落过程中物体受到的空气阻力的大小与速率 v
大学物理期中测试
得分
成正比,即空气阻力大小为Av(A为常数),并且开始下落时物体的初始速率为 0。求下落过程速率随
时间变化的关系。
第2页,共10页",pdfplumber_visible_bbox
study-s2-physics-0a46c38726e23c48-p0002-c01,study-s2-physics-0a46c38726e23c48,PDF 第 2 页 · 片段 1,2,0,121,knowledge/study/sources/year1/pdf/study-s2-physics-0a46c38726e23c48.pdf#page=2,"草稿区
得分三、(10分)已知波沿 x 轴正方向传播,角频率为 ω,振幅为A,t=0时刻波形如图。求:(1)O点振动的初相
位(4分); (2)P 点振动的初相位(4分); (3)波的表达式(2分)。
Y
第3页,共10页
v
O P X
O",pdfplumber_visible_bbox
study-s2-physics-0a46c38726e23c48-p0003-c01,study-s2-physics-0a46c38726e23c48,PDF 第 3 页 · 片段 1,3,0,239,knowledge/study/sources/year1/pdf/study-s2-physics-0a46c38726e23c48.pdf#page=3,"草稿区
得分四 、(10 分)倾角为的固定斜面上放一质量为 m的物体,用轻质细绳跨过滑轮把物体与轻质弹簧连接,
弹簧的另一端与地面固定,如图所示。弹簧的劲度系数为 k, 滑轮可视为半径为 R,质量为M的匀质圆盘。
设绳与滑轮间不打滑,物体与斜面间及滑轮转轴处摩擦和空气阻力不计。取物体静止时,在斜面上所处的
1
J  MR2
位置为坐标原点(如图中O 点所示)。若此物体沿着斜面往复振动(滑轮的转动惯量为 2 ),
请证明:质量为m的物体的振动为简谐振动。
第4页,共10页",pdfplumber_visible_bbox
study-s2-physics-0a46c38726e23c48-p0004-c01,study-s2-physics-0a46c38726e23c48,PDF 第 4 页 · 片段 1,4,0,152,knowledge/study/sources/year1/pdf/study-s2-physics-0a46c38726e23c48.pdf#page=4,"草稿区
五、(10分)一长为L,质量为 m 的均匀细棒,一段悬挂在o点,可绕水平轴无摩擦地转动。在同一悬挂点,
有一长为l 的轻绳悬挂一小球,质量为 m,如图所示。小球在悬点正下方与静止的细棒发生弹性碰撞。
问当绳的长度 l
得分
为多少时,小球与棒碰撞后,小球刚好静止?略去空气阻力。
第5页,共10页",pdfplumber_visible_bbox
study-s2-physics-0a46c38726e23c48-p0005-c01,study-s2-physics-0a46c38726e23c48,PDF 第 5 页 · 片段 1,5,0,88,knowledge/study/sources/year1/pdf/study-s2-physics-0a46c38726e23c48.pdf#page=5,"草稿区
得分
六、(10 分)半径为R电荷体密度为的均匀带电球内有一半径为 r的球形空腔,求球形空腔内的电场分布,
并简单说明空腔内电场分布是否与位置有关。
第6页,共10页",pdfplumber_visible_bbox
study-s2-physics-2329b12e32d546f8-p0001-c01,study-s2-physics-2329b12e32d546f8,PDF 第 1 页 · 片段 1,1,0,927,knowledge/study/sources/year1/pdf/study-s2-physics-2329b12e32d546f8.pdf#page=1,"一、填空题
1.(3分)在均匀电场中各点电势梯度是否相等?_____是__,各点的电势是否相
等?_____否____;处于静电平衡状态的导体,其内部各点电势是否相
等? 。
2.(3分)异号电荷之间相互 ;同号磁极之间相互 ;两个平行
放置的⻓直导线,电流方向相同,则它们之间相互 。(吸引或排斥)
3.(6分)电介质的极化机制分为和 ,在高频电
场中, 为主要极化机制;磁介质可以分为三类,分别
是 、 和 。
4.(2分)电偶极矩的表达式:_______________;载流线圈磁矩的表达式:
______________。
5 .( 4 分 ) ⻨ 克斯 ⻙ 方程组的积分形式 ( 电磁场方程 ) 是
_______________________________,_________________________________
_________________________________,______________________________。
Va
6.(2分)一块半导体样品中通有电流I,置于均匀的磁场B中,
I
如右图所示,已知V>V,则此材料中载流子是_____负_____电
a b
荷(填“正”或“负”)。
7.(4分)如图所示,在某一区域内,有正交的电磁场存在。磁感
Vb
应强度为0.4特,电场强度为600伏特/米。若电子在其中作匀速
E
直线运动,则电子的速度大小是:_1500m/s____,磁感应强度的
方向是:_______垂直于纸面向里__________。
8. 面积为S和2S的两圆线圈1、2如图所示放置,通有相同的电流I,线圈1
的电流所产生的通过线圈2的磁通用Φ 21 表示,线圈2的电流所产生的通过线 I 1 I 2
圈1的磁通用Φ 表示,则Φ 和Φ 的大小关系为______相等________。
12 21 12
S
9. 一平行板空气电容器的两极板都是半径为R的圆形导体片,在充电时,板间 2S
电场强度的变化率为 dE/dt。若略去边缘效应,则两板间的位移电流为
_____ _____________。
10. 如右图所示的载流导线线圈,(1)线圈的磁矩大小为_ 。 R1 I
",pdfplumber_visible_bbox
study-s2-physics-2329b12e32d546f8-p0001-c02,study-s2-physics-2329b12e32d546f8,PDF 第 1 页 · 片段 2,1,827,1328,knowledge/study/sources/year1/pdf/study-s2-physics-2329b12e32d546f8.pdf#page=1,",板间 2S
电场强度的变化率为 dE/dt。若略去边缘效应,则两板间的位移电流为
_____ _____________。
10. 如右图所示的载流导线线圈,(1)线圈的磁矩大小为_ 。 R1 I
(2)o点的磁感应强度__ _______. O
R2
11. 如图所示,三块金属板A、B、C,面积都是20厘米2,
A和B相距4.0毫米,A和C相距2.0毫米,B和C两板
都接地。如果使A板带正电,电量为3.010-7库仑,并忽略
边缘效应。试求:金属板B和C上的感应电量。
Q = 1.0x10-7C  = -5.0x10-5C/m2 Q = 2.0x10-7C
B B C
 = 1.0x10-4C/m2 。A板相对于地的电势 C AB
C
U =(1.0*10-4/8.85*10-12)*1.0*10-3=2.25x104V
A
12.碳膜电位器中的碳膜,它是由蒸敷在绝缘基片上厚为t,内半径为r,
1
外半径为r 的一层碳构成。A、B为引出端,环形碳膜总张⻆为,电流
2
沿圆周曲线流动,设碳的电阻率为 。求A、B之间的

电阻___ ___。如果电流沿径向流动,则沿径向 A B",pdfplumber_visible_bbox
study-s2-physics-2329b12e32d546f8-p0002-c01,study-s2-physics-2329b12e32d546f8,PDF 第 2 页 · 片段 1,2,0,915,knowledge/study/sources/year1/pdf/study-s2-physics-2329b12e32d546f8.pdf#page=2,"的电阻为__ __。
13.(4分)如图所示,已知电源电动势为,内阻为零,在t=0时,C
1
和C
2
上都没有电荷,
在K接通的瞬间,通过R的电流为______________;R的电流为______________。
1 2
B
流过电源的稳态电流___________________;
此时,电容C上的电量大小是___________________。
R1
C1
1
A R2
C
14.(4分)一平面线圈的磁矩大小为p
m
=1×10-8A•m2,把它放入待测磁场中的A
C2
R3
处。当p 与z轴平行时,所受力矩为最大,且最大值为M=5×10-9N•m,方向沿
m D
x轴负方向;当p 与y轴平行时,所受力矩大小为零,则空间A点处的磁感应
m
 k
强度B的大小为__________________,方向为_____________________。
15.(4分)真空中有一均匀带电球体和一均匀带电球面,如果它们的半径和所带
的电量相等,则球体的静电能____________(填<、>或=)球面的静电能。
16.(4分)在一个不带电荷的导体球壳的球心处放一点电荷,并测量球壳内外的
场强分布,如果将此点电荷从球心移到球壳内其它位置,重新测量球壳内外场
a
强分布,则球壳内场强分布______________(填“改变”或“不变”),球壳外场强
分布______________(填“改变”或“不变”)。
b
17.(3分)如图所示的两个半径为R的相同的金属环在a、b两点接触(ab连线
为环直径),并相互垂直放置。电流I沿ab连线方向由a端流入,b端流出,
则环中心O点的磁感应强度的大小为______________。
18.(4分)如图平行板电容器(极板面积S)中,充满两
种相对介电常数分别为 和 的均匀电介质,,每种
r1 r2
介质各占一半体积,试求其电容
19.(4分)载流⻓直导线弯成如右图所示的形状,
求 O 点的磁感应强度 B(给出表达式)
20.(4分)如图所示,半径为R的圆柱形区域内有一均匀磁场,但它随时间
变化率dB/dt=k>0,求静止的电子在圆内(OA=r)处受的
",pdfplumber_visible_bbox
study-s2-physics-2329b12e32d546f8-p0002-c02,study-s2-physics-2329b12e32d546f8,PDF 第 2 页 · 片段 2,2,815,1164,knowledge/study/sources/year1/pdf/study-s2-physics-2329b12e32d546f8.pdf#page=2,"成如右图所示的形状,
求 O 点的磁感应强度 B(给出表达式)
20.(4分)如图所示,半径为R的圆柱形区域内有一均匀磁场,但它随时间
变化率dB/dt=k>0,求静止的电子在圆内(OA=r)处受的
力的大小为__________________________________;
在图中标出力的方向 。电子受力方向朝下
21.(4分)让一块条形磁铁顺着一根很⻓的竖直铜管下落,若忽略空气阻力,磁
铁将作何种运动?因感应电流的效果总是反抗磁铁的运动,此阻力正比于速
度 ,最后达到一恒定速度匀速运动
22.(4分)载有电流I的无限⻓螺线管,单位⻓度的匝数为n,其
间充满相对磁导率为μ 的均匀磁介质,求管内的H=nI ;
r
B=μμ nI ; M= (μ –1)nI ; j’=M 。
0 r r",pdfplumber_visible_bbox
study-s2-physics-2329b12e32d546f8-p0003-c01,study-s2-physics-2329b12e32d546f8,PDF 第 3 页 · 片段 1,3,0,616,knowledge/study/sources/year1/pdf/study-s2-physics-2329b12e32d546f8.pdf#page=3,"23.(4分)有一载流为I的⻓细导线弯曲成如图所示,圆的半径为R,
求圆心O处磁感应强度的大小____________方向垂直于纸面朝外。
24.(6分)如图所示的电路里,R
1
,R
2
,R
3
,L,C和均为已知,L和C为
理想的电感和电容,电源内阻可以忽略,求
(1)K接通的瞬间,流过各电阻的电流:i=
1
i 2 = ; i 3 =
(2)K接通很久后,电感L及电容C储存的能量。
W = ; W =
L C
25.(4分)如图所示,半径为R的半圆形载流线圈,电流为I,
放在均匀磁场中,已知的方向与线圈平面平行,则 I
R
此时该线圈的磁矩大小为 ,方向向里 ;
线圈所受磁力矩的大小为 ,方向向下 。
26.(6分)如图所示,法拉第圆盘发电机是一个在磁场中转动的导体圆盘。
设圆盘的半径为R,它的轴线与均匀外磁场B平行,旋转⻆速率为。
求盘心到盘边的电势差, 哪处电势高?边缘处电势高
当盘旋转方向反转时,电势的高低是否也会反过来?中心处电势高
二、计算题
1. 如图,一无限⻓圆柱形直导线外包一层相对磁导率为的圆筒形均匀磁介质,导线半径
为R,磁介质的外半径为R,导线内通有恒定电流I,方向垂直于纸面向外,且电流沿导线
1 2
横截面均匀分布,试求:(1)介质内、外的磁场强度和磁感应强度的分布。
(2)介质内、外表面的磁化面电流密度 。
解:(1) : , R 2
: ,
R
1
: ,
(2) : ;
:",pdfplumber_visible_bbox
study-s2-physics-2329b12e32d546f8-p0004-c01,study-s2-physics-2329b12e32d546f8,PDF 第 4 页 · 片段 1,4,0,575,knowledge/study/sources/year1/pdf/study-s2-physics-2329b12e32d546f8.pdf#page=4,"2. 如图所示,R =R =R =2, =2伏特,L=10-3亨利,C=10-3法拉,稳态时通过R 的电
1 2 3 2 2
流为零。求通过的R 电流I 是多少?电源电动势=是多少伏特?电感L中储存的磁能及电
1 1 1
容C上储存的电能为多少焦耳?
3.(20分)半径为R的导体球带有电荷Q,球外有一均匀电介质的同心球壳,
介质球壳的内外半径分别为a和b,相对介电常数为ε。求:
r
(1) 电场强度的空间分布;(2)介质球壳内的电场能量。
(2) 介质内r处的电极化强度和介质内表面(a处)的极化电荷面密度σ′;
(3) 离球心O为r处的电势U;(4)如果在电介质外罩一半径为b的导体薄
球壳,该球壳与导体球构成一电容器,求:该电容器电容的大小?
4. (15分)一同轴电缆由中心金属圆柱和外层金属圆筒组成,二者半径分别为
R 和R,筒和圆柱之间充满均匀磁介质,该磁介质和金属的相对磁导率分别
1 2
为 和 ,电流I由中心圆柱(均匀分布)流出,再沿圆筒流回,求:(1). 同
r1 r2
轴电缆磁感应强度的空间分布;(2). 磁介质中r处的磁化强度 ;(3). 同
轴电缆单位⻓度的自感系数。
解:(1)由于电流分布有轴对称性,应用安培环路定理
I I
取轴上一点为圆心,在垂直于轴的平面内的同心圆为安培回路,得:
R
2
R
1
r",pdfplumber_visible_bbox
study-s2-physics-2329b12e32d546f8-p0005-c01,study-s2-physics-2329b12e32d546f8,PDF 第 5 页 · 片段 1,5,0,512,knowledge/study/sources/year1/pdf/study-s2-physics-2329b12e32d546f8.pdf#page=5,"(2)
5.(15分)一根无限⻓载流直导线,通以交变电流i=I
0
cosωt,在与其相距为l处
有一矩形线圈,线圈的边⻓分别为a和b,a边与⻓直导线平行,且线圈以速度
沿垂直于⻓直导线的方向向右运动(如图所示)。求该线圈中的感应电动势。
i a
b
l
6.根平行放置相距为2a的无限⻓载流直导线,其中一根通以交变电流i=Icosωt,
0
另一根通以稳恒电流I。两导线间有一与其共面的矩形线圈,线圈的边⻓分别为l
0
和2b,l边与⻓直导线平行,且线圈以速度v垂直直导线向右运动(如图所示)。当
线圈运动到两导线的中心位置(即线圈中心线与距两导线均为a的中心线重合)时,
两导线中的电流方向恰好相反,且i=I,求此时线圈中的感应电动势。
0
I
V 0
i
l
2b
2a
7、在真空中,将半径为R的金属球接地,与球心O相距为r(r>R) 处放置一点
电荷q,不计接地导线上电荷的影响,求金属球表面上的感应电荷总量。
解:1、金属球为等势体;2、金属球上任意点的电势等于点电荷q和金属球表
面上感应电荷q’ 在球心处激发的电势和。
取球面上感应电荷元dq’在球心处电势为
点电荷q在球心处电势为
球心处总电势为零,所以,",pdfplumber_visible_bbox
study-s2-physics-2329b12e32d546f8-p0006-c01,study-s2-physics-2329b12e32d546f8,PDF 第 6 页 · 片段 1,6,0,786,knowledge/study/sources/year1/pdf/study-s2-physics-2329b12e32d546f8.pdf#page=6,"8、(15 分)设有两个无限大平行载流平面,它们的电流密度均为j,电流流向相
反,求:(1)两载流平面之间的;(2)两面之外空间的磁感应强度。
解:先求每一载流平面的 B。然后用叠加原理求两个无限大平行载流平面的场。
I
每一载流平面产生的 B,方向如图所示。
I
所以在两板中间的合磁场为垂直纸面向外
在两导体载流平面之外,合磁感应强度为零。
9、(15分)一⻓直导线通有电流I,在其相距为R处有一矩形N匝绝缘导线绕
成的线圈,其边⻓为a和b(如图所示),线圈正以速度V沿垂直于⻓直导线的
方向向右运动,若I=5.0A,R=5.0cm,a=5.0cm,b=8.0cm,V=3.0cm/sec,N=1000
匝。求(1)此时线圈与导线的互感系数M;(2)此时线圈内的感应电动势。
解:(1)
I
b V
a
R
(2)
方向顺时针
10.在图示的电路里,已知=12伏,=9伏,=8伏,r=r
1 2 3 1 2
=r=1欧姆,R=R =R =R=1欧姆,R=3欧姆,求
3 1 2 3 4 5
(1) a、b两点的电势差;(2) c、d两点的电势差;
c d
(3) 如果c、d两点短路,这时通过R
5
的电流是多少?
a b
解:c、d两点开路时回路电流:
a、b两点的电势差;
c、d两点的电势差;
c、d两点短路
这时通过R 的电流是多少?
5
11、一⻓直导线通有电流I=5sin100t安,在其相距为R=5.0厘米处有一矩形
N=1000匝绝缘导线绕成的线圈,其边⻓为a=2.0厘米和b=4.0厘米(如图所示),
线圈不动。求(1)线圈与导线的互感系数M;(2)线圈内感应电动势。(说明方向)
解: (1)⻓直载流导线产生的磁场
I
在矩形线圈中通有的磁通链数
b
a
互感系数
R
(2)线圈内的感应电动势,负号表示若电流向上增加,线圈中电流逆时针方向",pdfplumber_visible_bbox
study-s2-physics-2329b12e32d546f8-p0007-c01,study-s2-physics-2329b12e32d546f8,PDF 第 7 页 · 片段 1,7,0,507,knowledge/study/sources/year1/pdf/study-s2-physics-2329b12e32d546f8.pdf#page=7,"12、如图所示,R=R=R=2,=2伏特,L=10-3亨利,C=10-3法拉,稳态时通
1 2 3 2
过R 的电流为零。求通过的R 电流I 是多少?电源电动势=是多少伏特?电
2 1 1 1
感L中储存的磁能及电容C上储存的电能为多少焦耳?
13、如图平行板电容器(极板面积S)中,充满两层厚度分别为d 和d、相对介电
1 2
常数分别为 和 的均匀电介质,电容器充电后极板电荷面密度为,试求:
r1 r2
(1) 两电介质中的电位移矢量; 
r1
(2) 两电介质中的电场强度矢量;
(3) 两电介质中的电场能量; 
r2
(4) 两层电介质交界面上的极化电荷面密度;
(5) 该电容器的电容。
14、有一个平绕于圆筒上的螺旋线圈,⻓10厘米,直径1.0厘米,共有线圈1000
匝,用32号漆包线绕制,漆包线的电阻是247欧姆/千米(20°C)。若把这线圈接
在一个电动势为2.0 伏特的蓄电池上,问
(1) 线圈的自感系数、电阻和时间常数各是多少?
(2) 线圈中通电开始时的电流增⻓率是多少?
(3) 线圈中的电流达到稳定后,稳定电流是多少?
(4) 在稳定后线圈中所储存的磁能密度是多少?",pdfplumber_visible_bbox
study-s2-physics-2329b12e32d546f8-p0008-c01,study-s2-physics-2329b12e32d546f8,PDF 第 8 页 · 片段 1,8,0,308,knowledge/study/sources/year1/pdf/study-s2-physics-2329b12e32d546f8.pdf#page=8,"15.(10分)如图,三块金属板A、B、C,面积都是S,A和B相距d
1
,A和C
相距d,B和C两板接地,如果使其中A板带电量Q,忽略边缘效应。试求:
2
(1)各导体板上的总电量及电荷面密度
(2)导体板间的电势差
B、C两板外侧带电量为零
16.(15分)如图,平行板电容器极板面积为S,两板间距为d,接电源,极板间电压为U,
0
充电后不断开电源,插入相对介电常数为的均匀介质,并充满电容器的一半,忽略边缘
效应。试求:(1)电容器中的E,E,D,D, , ;
1 2 1 2
(2)与未插入介质时相比,系统能量的改变 。
解: (1) , ,
,
 
1 2
U
E d 0
E 2
1
(2)
S/2",pdfplumber_visible_bbox
study-s2-physics-46bbcebfd699f638-p0001-c01,study-s2-physics-46bbcebfd699f638,PDF 第 1 页 · 片段 1,1,0,548,knowledge/study/sources/year1/pdf/study-s2-physics-46bbcebfd699f638.pdf#page=1,"电光学院本科生 2019—2020 学年第 2 学期《大学物理学(一)》课程期末考试试卷(A 卷)
专业: 年级: 学号: 姓名: 成绩: 草稿区
题号一二三四五六七八九十
得分
得分
一、填空题(本题共 10 分,每空 1 分)
1. 完成下列关于电磁现象及电磁规律的描述:
电场可大致分为静电场和感生电场(即涡旋电场),静电场是由激发的,而感生电场是由
激发的。两种电场的性质也有所不同,主要体现在静电场沿任意闭合环路的线积分(即环
流量)为 ;而感生电场沿闭合环路的线积分(即环流量)可表示为 ;
真空中的静电场对任意闭合曲面的面积分(即电通量)可表示为 ,感生电场对任意
闭合曲面的面积分(即电通量)为 。
2. 常见的电流除了“传导电流”和“磁化电流”外,还有“位移电流”;前两种电流由电荷的宏观或微观定向运动
形成,而位移电流由产生,二者具有本质上的不同,但之所以二者都被称作电流,是因为他们
又具有共同的性质,这一共同性质是 。
3. 电场与物质之间具有相互作用,在静电场中放入一块导体,经过很短的时间,导体内的电场就会变为 ;
在静电场中放入一块电介质,在场源不变的情况下,电介质所处空间的电场强度与原来相比将
(“保持不变”、“变强”、“变弱”,三者选其一)。
第1页,共10页",pdfplumber_visible_bbox
study-s2-physics-46bbcebfd699f638-p0002-c01,study-s2-physics-46bbcebfd699f638,PDF 第 2 页 · 片段 1,2,0,123,knowledge/study/sources/year1/pdf/study-s2-physics-46bbcebfd699f638.pdf#page=2,"草稿区
二、(10分) 质量为m 的小球在重力场中铅直下落,假设下落过程中物体受到的空气阻力的大小与速率 v
得分
成正比,即空气阻力大小为Av(A为常数),并且开始下落时物体的初始速率为 0。求下落过程速率随
时间变化的关系。
第2页,共10页",pdfplumber_visible_bbox
study-s2-physics-46bbcebfd699f638-p0003-c01,study-s2-physics-46bbcebfd699f638,PDF 第 3 页 · 片段 1,3,0,121,knowledge/study/sources/year1/pdf/study-s2-physics-46bbcebfd699f638.pdf#page=3,"草稿区
得分三、(10分)已知波沿 x 轴正方向传播,角频率为 ω,振幅为A,t=0时刻波形如图。求:(1)O点振动的初相
位(4分); (2)P 点振动的初相位(4分); (3)波的表达式(2分)。
Y
第3页,共10页
v
O P X
O",pdfplumber_visible_bbox
study-s2-physics-46bbcebfd699f638-p0004-c01,study-s2-physics-46bbcebfd699f638,PDF 第 4 页 · 片段 1,4,0,239,knowledge/study/sources/year1/pdf/study-s2-physics-46bbcebfd699f638.pdf#page=4,"草稿区
得分四 、(10 分)倾角为的固定斜面上放一质量为 m的物体,用轻质细绳跨过滑轮把物体与轻质弹簧连接,
弹簧的另一端与地面固定,如图所示。弹簧的劲度系数为 k, 滑轮可视为半径为 R,质量为M的匀质圆盘。
设绳与滑轮间不打滑,物体与斜面间及滑轮转轴处摩擦和空气阻力不计。取物体静止时,在斜面上所处的
1
J  MR2
位置为坐标原点(如图中O 点所示)。若此物体沿着斜面往复振动(滑轮的转动惯量为 2 ),
请证明:质量为m的物体的振动为简谐振动。
第4页,共10页",pdfplumber_visible_bbox
study-s2-physics-46bbcebfd699f638-p0005-c01,study-s2-physics-46bbcebfd699f638,PDF 第 5 页 · 片段 1,5,0,152,knowledge/study/sources/year1/pdf/study-s2-physics-46bbcebfd699f638.pdf#page=5,"草稿区
五、(10分)一长为L,质量为 m 的均匀细棒,一段悬挂在o点,可绕水平轴无摩擦地转动。在同一悬挂点,
有一长为l 的轻绳悬挂一小球,质量为 m,如图所示。小球在悬点正下方与静止的细棒发生弹性碰撞。
问当绳的长度 l
得分
为多少时,小球与棒碰撞后,小球刚好静止?略去空气阻力。
第5页,共10页",pdfplumber_visible_bbox
study-s2-physics-46bbcebfd699f638-p0006-c01,study-s2-physics-46bbcebfd699f638,PDF 第 6 页 · 片段 1,6,0,88,knowledge/study/sources/year1/pdf/study-s2-physics-46bbcebfd699f638.pdf#page=6,"草稿区
得分
六、(10 分)半径为R电荷体密度为的均匀带电球内有一半径为 r的球形空腔,求球形空腔内的电场分布,
并简单说明空腔内电场分布是否与位置有关。
第6页,共10页",pdfplumber_visible_bbox
study-s2-physics-46bbcebfd699f638-p0007-c01,study-s2-physics-46bbcebfd699f638,PDF 第 7 页 · 片段 1,7,0,104,knowledge/study/sources/year1/pdf/study-s2-physics-46bbcebfd699f638.pdf#page=7,"草稿区
七、(10 分) 一根无限长导线弯成如图形状,设各线段都在同一平面内(纸面内),其中第二段是半径为 R的四
得分
分之一圆弧,其余为直线.导线中通有电流I,求图中 O点处的磁感强度。
第7页,共10页",pdfplumber_visible_bbox
study-s2-physics-46bbcebfd699f638-p0008-c01,study-s2-physics-46bbcebfd699f638,PDF 第 8 页 · 片段 1,8,0,162,knowledge/study/sources/year1/pdf/study-s2-physics-46bbcebfd699f638.pdf#page=8,"草稿区
八、(10 分)一平板电容器充满两层厚度各为 d 和d 的电介质,它们的相对电容率分别为 ε 和 ε ,极板的面
得分 1 2 r1 r2
积为S。求:(1)电容器的电容(4分);(2)当极板上的自由电荷面密度为 σ 时,两介质分界面上的极化
0
电荷的面密度(4分)、两层介质中的电位移(2分)。
第8页,共10页",pdfplumber_visible_bbox
study-s2-physics-46bbcebfd699f638-p0009-c01,study-s2-physics-46bbcebfd699f638,PDF 第 9 页 · 片段 1,9,0,253,knowledge/study/sources/year1/pdf/study-s2-physics-46bbcebfd699f638.pdf#page=9,"草稿区
得分
九、(10分)如图在真空中有两条无限长平行直导线,载流大小均为 I、方向相反。在两直导线中间,放置一 П形
导轨(导轨固定),该导轨由导线和电阻 R 连接而成。П形导轨两条边到相邻直导线的距离都为 r,导轨与两直
导线在同一平面内。另一长为 L的金属杆 ab 可以在导轨上滑动,并与导轨保持良好接触。如 ab滑动的速度为
v,求:
R
(1)ab上的感应电动势;(4分)
(2)ab中的感应电流;(2分)
I a m b I
(3)ab所受的磁场力。(4分)
r L r
v
第9页,共10页",pdfplumber_visible_bbox
study-s2-physics-46bbcebfd699f638-p0010-c01,study-s2-physics-46bbcebfd699f638,PDF 第 10 页 · 片段 1,10,0,152,knowledge/study/sources/year1/pdf/study-s2-physics-46bbcebfd699f638.pdf#page=10,"草稿区
十、 (10分) 螺绕环的横截面为矩形,内半径为 R ,半径为R ,高为 A,磁导率为μ,总匝数为N,通有电流 I。
得分 1 2
求:(1)螺绕环管内的磁场强度 H 分布和磁感应强度B 的分布;(4分)
(2)螺绕环内磁场的能量; (4分)
(3)螺绕环的自感 L。(2分)
第10页,共10页",pdfplumber_visible_bbox
study-s2-physics-b91d080a8c79df85-p0001-c01,study-s2-physics-b91d080a8c79df85,PDF 第 1 页 · 片段 1,1,0,576,knowledge/study/sources/year1/pdf/study-s2-physics-b91d080a8c79df85.pdf#page=1,"一、填空题(共20分,每空2分):
1. 平行板电容器充电后与电源断开然后将电容器两极板距离拉大则两极板间电势差
增大 ,电场强度不变 ,电场能量增大 。(填 ‘减少’、‘增大’或‘不变’)。
2. 欧姆定律的微分形式是 。
3. 在匀强磁场中有两个平面线圈,其面积 ,通有电流 ,它们所受的
最大磁力矩之比M/M 等于 4 。
1 2
4. 霍尔效应的主要应用是(写出一种即可) 测量磁场/制作磁传感器/测量载流子浓度/测
量半导体类型是P型还是N型/测量载流子类型 ;温差电效应的主要应用是(写出一
种即可) 制作小型电源/测量温度/电子制冷/电子加热 。
5. 下列结论分别等效于哪个⻨克斯⻙方程式?
变化的磁场可以激发电场 :
变化的电场可以激发磁场 : , (意思对
即可)
磁感应线是永远闭合的:
二、(10分)一根⻓为2 、质量为的
匀质细棒,可绕棒中点的水平轴O在竖直
面内转动,开始时棒静止在水平位置上,质
量为的小球以速度垂直下落在棒的
端点,设小球与棒作弹性碰撞,求碰撞后
小球的反弹速度及棒转动的⻆速度
各为多少?
解:取垂直纸面向里为⻆动量 L 正向,则系统初态⻆动量为终态⻆动量为
(棒)和 (小球),由⻆动量守恒定律得
1 (3分)
因为是弹性碰撞,系统机械能守恒,可得
2 (3分)
又 3 (2分)
联立式1-式3解得",pdfplumber_visible_bbox
study-s2-physics-b91d080a8c79df85-p0002-c01,study-s2-physics-b91d080a8c79df85,PDF 第 2 页 · 片段 1,2,0,393,knowledge/study/sources/year1/pdf/study-s2-physics-b91d080a8c79df85.pdf#page=2,"4 (1分)
5 (1分)
三.(10分)跳伞员与装备的质量共为 m,从伞塔上跳下时立即张伞,可以粗略
地认为张伞时速度为零,此后空气阻力与速率平方成正比,即 .求跳伞员
的运动速率v随时间t变化的规律和终极速率v(假定伞塔足够高)。
t
解:
依图有
积分:
得: (5分)
当时,有极限速率 .
令
得 , (5分)
四、(10分)如图所示的装置中,一劲度系数为k的轻弹簧,一端固定在墙上,另一端连接一
质量为的物体A,置于光滑水平桌面上。现通过一
质量为m,半径为R的定滑轮B(可视为匀质圆盘)用
细绳连接另一质量为的物体C。设细绳不可伸⻓,且
与定滑轮间无相对滑动,证明该系统为简谐振动系统,
并求系统振动的⻆频率。
解:设系统处于平衡状态时,与物体A相连
的弹簧一段所在的位置为坐标原点O,此时
弹簧伸⻓ ,且 。
当弹簧沿ox轴正向从原点O伸⻓x时,各点
受力如图所示:其中",pdfplumber_visible_bbox
study-s2-physics-b91d080a8c79df85-p0003-c01,study-s2-physics-b91d080a8c79df85,PDF 第 3 页 · 片段 1,3,0,384,knowledge/study/sources/year1/pdf/study-s2-physics-b91d080a8c79df85.pdf#page=3,"(2分)
可以得出:
,可知此方程符合简谐振动的线性微分方程形式,此系统为简谐
振动系统。(2分)
系统的振动⻆频率为: (3分)
五、(10分)波源位于平面直⻆坐标系的原点O处,其振动方程为 ,单位
为m,波源激起的波以2m/s的速度沿x正方向传播,试求:
(1)x=6m处的振动方程
(2)x=6m处的点与波源之间的相位差。
解:(1)6m处质点的相位落后于波源,相位差为
(2分)
所以,该质点的振动方程为:
(4分)
(2) 相位差 (4分)
六、带电量为+q的点电荷处在导体球壳中心,球壳的内外半径分别为R1和R2,球壳内充
满相对介电常数为的电介质,求球壳内外及球壳上任意一点的电场
强度和电势的值,并画出E-r和U-r曲线。
解:由电荷分布和模型对称性克制,电场具有球中心对称性。选取同心
球壳作为高斯面,由介质中的高斯定理可知:
对r<R1,
(2分)",pdfplumber_visible_bbox
study-s2-physics-b91d080a8c79df85-p0004-c01,study-s2-physics-b91d080a8c79df85,PDF 第 4 页 · 片段 1,4,0,296,knowledge/study/sources/year1/pdf/study-s2-physics-b91d080a8c79df85.pdf#page=4,"对R1<r<R2,由静电平衡知识可知,E=0;(1分)
对R2<r时,由高斯定理可知
.(1分)
由电势定义可知,设无穷远处电势为零电势点,当r≤R1时
(2分)
当R1≤r≤R2时, (1分)
当r≥R2时, (1分)
E-R,U-R草图如右图所示(2分)。
七.(10分)半径为R的木球上绕有细导线,所绕线圈很紧密,
相邻的线圈彼此平行地靠着,以单层盖住半个球面共有N匝,
如图所示,设导线中通有电流I,求在球心O处的磁感应强度。
解:建立如解图11-14所示坐标, 轴垂直线圈平面,考虑线圈
沿圆弧均匀分布,故在内含有线圈的匝数为
线圈中通电流I时,中心O处磁感应强度为
(5分)
因为",pdfplumber_visible_bbox
study-s2-physics-b91d080a8c79df85-p0005-c01,study-s2-physics-b91d080a8c79df85,PDF 第 5 页 · 片段 1,5,0,431,knowledge/study/sources/year1/pdf/study-s2-physics-b91d080a8c79df85.pdf#page=5,"对整个半球积分求得O点总磁感应强度为
方向沿轴正向. (5分)
八.(10分)均匀磁场B被限制在圆心为O,半径R
的无限⻓圆柱空间内,方向垂直纸面向里,设磁场以
=c的匀速率增加,问:
(1) 任意半径r 处感应电场的大小
(2)磁场外棒AB上的感生电动势,并判断感应电流的方向。已知AB=OA=OB=ɭ。
解:(1) , ,
, ,
, , ,
,
感应电场分布为:
(5分)
(2)解:作辅助线, 构成一个闭合回路,因为闭合环路中,
BO和OA都与感生电场垂直,因此环路的感生电动势即为
AB中的感生电动势,由法拉第定律知:
方向从A指向B (5分)
九、(10分)一同轴电缆由中心导体圆柱(不是圆筒,半径为a)和外层
导体圆管组成,内外半径分别为b和c,圆柱和圆管的磁导率均为μ,
1
圆管与圆柱之间充以磁导率为μ 的磁介质。电流I可由中心圆柱流出,
2
由圆管流回。试求空间中各处磁场强度H的大小,以及单位⻓度的自
感系数L。
解:(1)安培环路定理得:",pdfplumber_visible_bbox
study-s2-physics-b91d080a8c79df85-p0006-c01,study-s2-physics-b91d080a8c79df85,PDF 第 6 页 · 片段 1,6,0,370,knowledge/study/sources/year1/pdf/study-s2-physics-b91d080a8c79df85.pdf#page=6,"在r<a的圆柱体内, ; (1分)
在b<r<a的区域内, ; (1分)
在b<r<c的区域内,环路内的总电流为
; (1分)
在r>c区域内,根据环路定理可知H=0。 (1分)
(2)由于圆柱与圆管磁导率为μ,填充磁介质的磁导率为μ,根据物性方程B=μH可知,以
1 2
上四个区域的磁感应强度B的值分别为:
在r<a的圆柱体内: ;在b<r<a的区域内: ;
在b<r<c的区域内:
在r>c区域内:B=0
磁场储能: ,单位⻓度内各部分磁场能量为:
r<a的圆柱体内, (1分)
在b<r<a的区域内: (1分)
在在b<r<c的区域内:
(1分)
在r>c区域,B为0,磁场能量W=0。
4
根据上述计算,单位⻓度内,该结构的磁场能量W=W+W+W+W
1 2 3 4
磁场储能也可看作自感储能,由知,单位⻓度自感系数为:
(3分)",pdfplumber_visible_bbox
study-s2-physics-c6b936374c8ae864-p0001-c01,study-s2-physics-c6b936374c8ae864,PDF 第 1 页 · 片段 1,1,0,548,knowledge/study/sources/year1/pdf/study-s2-physics-c6b936374c8ae864.pdf#page=1,"电光学院本科生 2019—2020 学年第 2 学期《大学物理学(一)》课程期末考试试卷(A 卷)
专业: 年级: 学号: 姓名: 成绩: 草稿区
题号一二三四五六七八九十
得分
得分
一、填空题(本题共 10 分,每空 1 分)
1. 完成下列关于电磁现象及电磁规律的描述:
电场可大致分为静电场和感生电场(即涡旋电场),静电场是由激发的,而感生电场是由
激发的。两种电场的性质也有所不同,主要体现在静电场沿任意闭合环路的线积分(即环
流量)为 ;而感生电场沿闭合环路的线积分(即环流量)可表示为 ;
真空中的静电场对任意闭合曲面的面积分(即电通量)可表示为 ,感生电场对任意
闭合曲面的面积分(即电通量)为 。
2. 常见的电流除了“传导电流”和“磁化电流”外,还有“位移电流”;前两种电流由电荷的宏观或微观定向运动
形成,而位移电流由产生,二者具有本质上的不同,但之所以二者都被称作电流,是因为他们
又具有共同的性质,这一共同性质是 。
3. 电场与物质之间具有相互作用,在静电场中放入一块导体,经过很短的时间,导体内的电场就会变为 ;
在静电场中放入一块电介质,在场源不变的情况下,电介质所处空间的电场强度与原来相比将
(“保持不变”、“变强”、“变弱”,三者选其一)。
第1页,共10页",pdfplumber_visible_bbox
study-s2-physics-c6b936374c8ae864-p0002-c01,study-s2-physics-c6b936374c8ae864,PDF 第 2 页 · 片段 1,2,0,123,knowledge/study/sources/year1/pdf/study-s2-physics-c6b936374c8ae864.pdf#page=2,"草稿区
二、(10分) 质量为m 的小球在重力场中铅直下落,假设下落过程中物体受到的空气阻力的大小与速率 v
得分
成正比,即空气阻力大小为Av(A为常数),并且开始下落时物体的初始速率为 0。求下落过程速率随
时间变化的关系。
第2页,共10页",pdfplumber_visible_bbox
study-s2-physics-c6b936374c8ae864-p0003-c01,study-s2-physics-c6b936374c8ae864,PDF 第 3 页 · 片段 1,3,0,121,knowledge/study/sources/year1/pdf/study-s2-physics-c6b936374c8ae864.pdf#page=3,"草稿区
得分三、(10分)已知波沿 x 轴正方向传播,角频率为 ω,振幅为A,t=0时刻波形如图。求:(1)O点振动的初相
位(4分); (2)P 点振动的初相位(4分); (3)波的表达式(2分)。
Y
第3页,共10页
v
O P X
O",pdfplumber_visible_bbox
study-s2-physics-c6b936374c8ae864-p0004-c01,study-s2-physics-c6b936374c8ae864,PDF 第 4 页 · 片段 1,4,0,239,knowledge/study/sources/year1/pdf/study-s2-physics-c6b936374c8ae864.pdf#page=4,"草稿区
得分四 、(10 分)倾角为的固定斜面上放一质量为 m的物体,用轻质细绳跨过滑轮把物体与轻质弹簧连接,
弹簧的另一端与地面固定,如图所示。弹簧的劲度系数为 k, 滑轮可视为半径为 R,质量为M的匀质圆盘。
设绳与滑轮间不打滑,物体与斜面间及滑轮转轴处摩擦和空气阻力不计。取物体静止时,在斜面上所处的
1
J  MR2
位置为坐标原点(如图中O 点所示)。若此物体沿着斜面往复振动(滑轮的转动惯量为 2 ),
请证明:质量为m的物体的振动为简谐振动。
第4页,共10页",pdfplumber_visible_bbox
study-s2-physics-c6b936374c8ae864-p0005-c01,study-s2-physics-c6b936374c8ae864,PDF 第 5 页 · 片段 1,5,0,152,knowledge/study/sources/year1/pdf/study-s2-physics-c6b936374c8ae864.pdf#page=5,"草稿区
五、(10分)一长为L,质量为 m 的均匀细棒,一段悬挂在o点,可绕水平轴无摩擦地转动。在同一悬挂点,
有一长为l 的轻绳悬挂一小球,质量为 m,如图所示。小球在悬点正下方与静止的细棒发生弹性碰撞。
问当绳的长度 l
得分
为多少时,小球与棒碰撞后,小球刚好静止?略去空气阻力。
第5页,共10页",pdfplumber_visible_bbox
study-s2-physics-c6b936374c8ae864-p0006-c01,study-s2-physics-c6b936374c8ae864,PDF 第 6 页 · 片段 1,6,0,88,knowledge/study/sources/year1/pdf/study-s2-physics-c6b936374c8ae864.pdf#page=6,"草稿区
得分
六、(10 分)半径为R电荷体密度为的均匀带电球内有一半径为 r的球形空腔,求球形空腔内的电场分布,
并简单说明空腔内电场分布是否与位置有关。
第6页,共10页",pdfplumber_visible_bbox
study-s2-physics-c6b936374c8ae864-p0007-c01,study-s2-physics-c6b936374c8ae864,PDF 第 7 页 · 片段 1,7,0,104,knowledge/study/sources/year1/pdf/study-s2-physics-c6b936374c8ae864.pdf#page=7,"草稿区
七、(10 分) 一根无限长导线弯成如图形状,设各线段都在同一平面内(纸面内),其中第二段是半径为 R的四
得分
分之一圆弧,其余为直线.导线中通有电流I,求图中 O点处的磁感强度。
第7页,共10页",pdfplumber_visible_bbox
study-s2-physics-c6b936374c8ae864-p0008-c01,study-s2-physics-c6b936374c8ae864,PDF 第 8 页 · 片段 1,8,0,162,knowledge/study/sources/year1/pdf/study-s2-physics-c6b936374c8ae864.pdf#page=8,"草稿区
八、(10 分)一平板电容器充满两层厚度各为 d 和d 的电介质,它们的相对电容率分别为 ε 和 ε ,极板的面
得分 1 2 r1 r2
积为S。求:(1)电容器的电容(4分);(2)当极板上的自由电荷面密度为 σ 时,两介质分界面上的极化
0
电荷的面密度(4分)、两层介质中的电位移(2分)。
第8页,共10页",pdfplumber_visible_bbox
study-s2-physics-c6b936374c8ae864-p0009-c01,study-s2-physics-c6b936374c8ae864,PDF 第 9 页 · 片段 1,9,0,253,knowledge/study/sources/year1/pdf/study-s2-physics-c6b936374c8ae864.pdf#page=9,"草稿区
得分
九、(10分)如图在真空中有两条无限长平行直导线,载流大小均为 I、方向相反。在两直导线中间,放置一 П形
导轨(导轨固定),该导轨由导线和电阻 R 连接而成。П形导轨两条边到相邻直导线的距离都为 r,导轨与两直
导线在同一平面内。另一长为 L的金属杆 ab 可以在导轨上滑动,并与导轨保持良好接触。如 ab滑动的速度为
v,求:
R
(1)ab上的感应电动势;(4分)
(2)ab中的感应电流;(2分)
I a m b I
(3)ab所受的磁场力。(4分)
r L r
v
第9页,共10页",pdfplumber_visible_bbox
study-s2-physics-c6b936374c8ae864-p0010-c01,study-s2-physics-c6b936374c8ae864,PDF 第 10 页 · 片段 1,10,0,152,knowledge/study/sources/year1/pdf/study-s2-physics-c6b936374c8ae864.pdf#page=10,"草稿区
十、 (10分) 螺绕环的横截面为矩形,内半径为 R ,半径为R ,高为 A,磁导率为μ,总匝数为N,通有电流 I。
得分 1 2
求:(1)螺绕环管内的磁场强度 H 分布和磁感应强度B 的分布;(4分)
(2)螺绕环内磁场的能量; (4分)
(3)螺绕环的自感 L。(2分)
第10页,共10页",pdfplumber_visible_bbox
study-s2-physics-cb6c50ee1df79476-p0001-c01,study-s2-physics-cb6c50ee1df79476,PDF 第 1 页 · 片段 1,1,0,549,knowledge/study/sources/year1/pdf/study-s2-physics-cb6c50ee1df79476.pdf#page=1,"2023A 电磁
1.(范飞)两极板半径为 R 的导体圆板,充电时,极板间的电场强度 E 随时间以 a
的变化率增加,两极板间为真空,略去边缘效应,两极板间的位移电流为
(πR2ε a);距离极板中心 r(r < R) 处的磁感应强度为( ε0μ0ar ).
0
2
2.(黄茜)引起动生电动势的非静电力是(洛伦兹力),引起感生电动势的非静电
力是(涡旋电场力/感生电场力)
4.(刘永基)有一半径为 R ,流过稳恒电流的四分之一圆弧
形载流导线 ab ,按图示方向置于匀强磁场 B 中,则该圆弧载
流导线 ab 所受的安培力的大小 ( IRB ),方向(垂直纸面
向外)
5.(刘永基)如图所示,均匀磁场中放一带正电荷的圆环,
其线电荷密度为 λ,圆环可绕通过环心与环面垂直的转轴旋
转,当以角速度 ω 转动时,圆环受到的磁力矩为 (πR3λBω)
6.(刘国华)如右图所示,两共面半圆形回路的半径分别为 a
和 b ,圆心同为 O 点,当回路电流为 I 时,O 点处的磁感强
度大小为: B =
μ0I
(
1
+
1
)
0
4 a b
二.(范飞)如图所示,作用于一质点的力随质点位移在直角坐标系中的变化为 F⃗ =
yi⃗+x2j⃗(N) ,请分别计算该力沿 oab 以及 ob 所做的功",pdfplumber_visible_bbox
study-s2-physics-cb6c50ee1df79476-p0002-c01,study-s2-physics-cb6c50ee1df79476,PDF 第 2 页 · 片段 1,2,0,477,knowledge/study/sources/year1/pdf/study-s2-physics-cb6c50ee1df79476.pdf#page=2,"六.(黄茜)(10 分)如图,沿着 x 轴放置一根均匀
带电细棒,棒两端的坐标分别为 (0,0) 和
(L,0) ,电荷线密度为 λ = Bx ,其中 B 为常数,
试求:
(1) y 轴上,坐标为 (0,y) 的 A 点电势 U
A
(2) A 点电场矢量的 y 轴分量
七.(丁毅)(10 分)设有一半径为 R 、带电 Q 的导体球 A ,球外套一个半径为 R ,均
1 1 2
匀带电 Q 的同心导体薄球壳,A、B 之间充满相对电容率为 ε 的电介质,如图所
2 r
示。试求:
(1)该带电系统的电场强度分布;
(2)AB 间的电势差
(3)球A 的电势
八.(刘玮)(10 分)一长直同轴电缆,其横截面尺寸如图
所示(内导体为实心桩,外导体为圆筒),中间充满绝对
磁导率为 μ的各向同性顺磁质,导体的相对磁导率为
μ = 1 ,传导电流 I 从内导体均匀流入,又从外导体
r
圆筒均匀流出。
试求:(1)磁场强度 H 的分布
(2)磁感应强度 B 的分布
(3)长为 L 的一段电缆内所储存的磁场能 W
m
(4)长为 L 的一段电缆的自感系数",pdfplumber_visible_bbox
study-s2-physics-efbde7e09544ed14-p0001-c01,study-s2-physics-efbde7e09544ed14,PDF 第 1 页 · 片段 1,1,0,306,knowledge/study/sources/year1/pdf/study-s2-physics-efbde7e09544ed14.pdf#page=1,"计算机学院、网络空间安全学院 2018-2019学年第二学期
《大学物理》期末考试 A 卷
专业学号姓名成绩
题号
一二三四五六七八九
得分
一、填空题(每空1分,共14分):
得分
1. 质点系内力可以做功;对于刚体,由于质点间相对位置保持不变,
因此内力做功之和为 。
2. 如右图所示一圆锥摆,质量为 m 的小球在水平面内以⻆
速度ω匀速转动。在小球转动一周的过程中,小球动量增
量的大小为 ,小球所受绳子拉力的冲量大小
为 。
3. 一质量为m 的质点沿着一条曲线运动,其位置矢量在空间直⻆坐标系中的
表达式为 ,其中 、 、 均为常量,则此质点
对原点的⻆动量 = ;此质点所受对原点的力矩
= 。
1",pdfplumber_visible_bbox
study-s2-physics-efbde7e09544ed14-p0002-c01,study-s2-physics-efbde7e09544ed14,PDF 第 2 页 · 片段 1,2,0,356,knowledge/study/sources/year1/pdf/study-s2-physics-efbde7e09544ed14.pdf#page=2,"4. 如右图所示,质量为 m 的小球系在绳子的一
端,绳穿过一铅直套管,使小球限制在一光滑
v O
水平面上运动。先使小球以速度绕管心作
半径为 r 的圆周运动,然后向下拉绳,使小球
F
轨迹最后成为半径为 r/5的圆。则此时小球的
速度v= ;在此过程中拉力所做的功A= 。
5. 如右图所示的⻓直同轴电缆,半径分别为 R 和 R ,中间
1 2
介质的相对磁导率为μ,在内外筒中通以大小相等,方向
r
相反的电流I,则⻓为L 一段电缆的自感系数 。
6. 不论有无导体或导体回路,变化的磁场都将在其周围空间
产生具有闭合电力线的电场 , 该电场称
为 。
7. 如右图所示的导线 ab 在垂直于均匀磁场的平面内
以⻆速度 ω绕O点转动,则导线中的动生电动势
ε = 。
i
8. ⻨克斯⻙方程组的积分形式
2",pdfplumber_visible_bbox
study-s2-physics-efbde7e09544ed14-p0003-c01,study-s2-physics-efbde7e09544ed14,PDF 第 3 页 · 片段 1,3,0,329,knowledge/study/sources/year1/pdf/study-s2-physics-efbde7e09544ed14.pdf#page=3,"得分
二.选择题(每空2分,16分)
1. 某质点作直线运动的运动学方程为 (SI),则该质
点作( )
(A)匀加速直线运动,加速度沿 x轴正方向
(B)匀加速直线运动,加速度沿 x轴负方向
(C)变加速直线运动,加速度沿 x轴正方向
(D)变加速直线运动,加速度沿 x轴负方向
2. 人造地球卫星,绕地球作椭圆轨道运动,地球在椭圆的一个焦点上,则卫
星的( )
(A)动量不守恒, 动能守恒
(B)动量守恒,动能不守恒
(C)对地心的⻆动量守恒,动能不守恒
(D)对地心的⻆动量不守恒,动能守恒
3. 一个质点作简谐运动,振幅为A,在起始时刻质点的位移为0.5A,且向x轴负方向运
动,代表此简谐运动的旋转矢量为( )
(A) (B) (C) (D)
3",pdfplumber_visible_bbox
study-s2-physics-efbde7e09544ed14-p0004-c01,study-s2-physics-efbde7e09544ed14,PDF 第 4 页 · 片段 1,4,0,450,knowledge/study/sources/year1/pdf/study-s2-physics-efbde7e09544ed14.pdf#page=4,"4. 一列平面简谐波沿Ox轴正方向传播,t=0时刻的波形图如图所示,则P 处
质点的振动方程为( )
(A)y =0.10cos(4πt+π/3) (SI)
p
(B)y =0.10cos(4πt-π/3) (SI)
p
(C)y =0.10cos(2πt+π/3) (SI)
p
(D)y =0.10cos(2πt+π/6) (SI)
p
5. 如图所示,闭合曲面S内有一点电荷q,P 为S 面上一点,在S 面外A
点有一点电荷 q’,若将 q’移至B点,则( )
(A)穿过 S面的电通量改变,P 点的电场强度不变
(B)穿过S 面的电通量不变,P 点的电场强度改变
(C) 穿过S面的电通量和P 点的电场强度都不变
(D)穿过 S面的电通量改变,P 点的电场强度都改变
q’
P
q
A B
6. 在一自感线圈中通过的电流 I 随时间 t 的变化规
律如右图所示,若以I的正流向作为ε的正方向,则
代表线圈内自感电动势ε随时间 t 变化规律的曲线
应为( )
(A) (B) (C) (D)
4",pdfplumber_visible_bbox
study-s2-physics-efbde7e09544ed14-p0005-c01,study-s2-physics-efbde7e09544ed14,PDF 第 5 页 · 片段 1,5,0,383,knowledge/study/sources/year1/pdf/study-s2-physics-efbde7e09544ed14.pdf#page=5,"7. 一个平板电容器,充电后与电源断开,当用绝缘手柄将电容器两极板的
距离拉大,则两极板的电势差 U ,电场强度的大小 E,电场能量 W 将发
12
生如下变化:( )
(A)U 减小,E减小,W减小
12
(B)U 增大,E增大,W增大
12
(C)U 增大,E不变,W增大
12
(D)U 减小,E不变,W不变
12
8. 下列说法中正确的是( )
(A) 动生电动势是洛伦兹力对处于磁场内运动的导体中自由电荷做功而
引起的
(B) 因为洛伦兹力对运动电荷始终不做功,所以动生电动势不是由洛伦兹
力而产生的
(C) 总的洛伦兹力对磁场中的运动电荷做正功
(D) 作用在磁场中运动导体上使其产生切割磁力线运动的外力是这个导
体中产生动生电动势的非静电力
得分三.(10分)如图所示,作用于一质点的力随质点位移的变化
为 ,请分别计算该力沿oab及ob所做的功。
5",pdfplumber_visible_bbox
study-s2-physics-efbde7e09544ed14-p0006-c01,study-s2-physics-efbde7e09544ed14,PDF 第 6 页 · 片段 1,6,0,278,knowledge/study/sources/year1/pdf/study-s2-physics-efbde7e09544ed14.pdf#page=6,"四.(10分 )质量为M,⻓为L的匀质链条,上端悬挂,下端刚
得分
和称盘接触,使链条自由下落。
求:下落⻓度x时,称的读数。
解:
五.(10分)一质量为M,半径为R的圆盘滑轮可绕中心 O轴无
得分
摩擦转动,现通过一根轻绳将质量为m 的物体系于滑轮一端,开
始时系统静止。
求:物体下降s时,滑轮的⻆速度、⻆加速度和下落时间。
解:
M O
R
m
得分
六.(10分)半径为R
1
的金属球带电量为 Q,外包有一层外径为
ε
R
2
,相对介电常数为 r的均匀介质。
求:(1)空间中各处的电势分布;(2)空间中总的电场能量。 R
2
Q
R
1
6",pdfplumber_visible_bbox
study-s2-physics-efbde7e09544ed14-p0007-c01,study-s2-physics-efbde7e09544ed14,PDF 第 7 页 · 片段 1,7,0,165,knowledge/study/sources/year1/pdf/study-s2-physics-efbde7e09544ed14.pdf#page=7,"七.(10分)一根无限⻓的圆柱形导体,半径为 R ,其内有一半
得分 1
径为R 的无限⻓圆柱形空腔,他们的轴线相互平行,轴间距为 a
2
(R <a< R −R ),电流 I 沿导体轴线方向流动,且均匀地分布在
2 1 2
横截面上,求:(1)圆柱体轴线上 B 的大小和方向;(2)空腔部分轴线上 B 的
大小和方向。
解:
7",pdfplumber_visible_bbox
study-s2-physics-efbde7e09544ed14-p0008-c01,study-s2-physics-efbde7e09544ed14,PDF 第 8 页 · 片段 1,8,0,248,knowledge/study/sources/year1/pdf/study-s2-physics-efbde7e09544ed14.pdf#page=8,"八.(10分)一边⻓为 a,质量为 m 的正方形均匀线圈,载有电
得分
流I,处在均匀磁场 B 中,线圈可绕中心竖直轴 OO’转动。不计
轴承上的摩擦,线圈偏离纸面微小的⻆度( <5o),证明这一线
圈绕 OO’轴作微小转动是简谐振动,并求出振动周
期。
解:
九.(10分)半径为 R 的⻓直螺线管单位⻓度上的匝数为 n,螺
得分
线管通有电流I。一金属杆放在如图中位置,杆⻓为2R,其中一
半位于螺线管内,另一半在螺线管外,当 dI/dt>0时,求:杆两
端的感应电动势的大小和方向。
I
8",pdfplumber_visible_bbox
study-s2-probability-101feb5a6eaba5dd-p0001-c01,study-s2-probability-101feb5a6eaba5dd,PDF 第 1 页 · 片段 1,1,0,773,knowledge/study/sources/year1/pdf/study-s2-probability-101feb5a6eaba5dd.pdf#page=1,"草稿区
计算机大类 2024--2025 学年第 2 学期《概率论与数理统计》课程期末考试试卷(A 卷)
任课老师: 专业: 年级: 学号: 姓名: 成绩:
一 、单项选择题(共 24分,每小题 3分):
1. 设ABC,则( )成立。
(A)AB  C (B)AC且BC (C)ABC (D)AC或BC
 1
2. 设随机变量X服从正态分布N 1, ,则随机变量Y 2X 2的概率密度的最大值为( )。
 
 2
1 1 2
(A)0 (B) (C) (D)
2  2 
3. 设随机变量X 满足X3  N(1,72),记标准正态分布函数为(x),则P(1 X 2)的值为( )。
(A)(2)(1) (B)(3 2)(1) (C)(3 3)(3 2) (D)(1)0.5
4. 设随机变量X与Y的方差都存在,且DX  0,D(Y) 0,E(XY) E(X)E(Y),则以下结论中必然正确的数目是( )。
(1) 0;(2)X 与Y 独立;(3)D(X Y) D(X)D(Y);(4)D(X Y) D(X)D(Y);
XY
(A)1 (B)2 (C)3 (D)4
5. 设X b(1,p),X ,X ,,X 是来自X的简单随机样本,那么下列选项中不正确的是( )。
1 2 n
 p(1 p)
(A)当n充分大时,近似有X ~N p,
 
 n 
(B)P  X k  Ckpk(1 p)nk,k  0,1,2,,n
n
 k
(C)PX  Ckpk(1 p)nk,k  0,1,2,,n
 n n
(D)PX k pk(1 p)1k, k 0,1, 1i n
i
第1页",pdfplumber_visible_bbox
study-s2-probability-101feb5a6eaba5dd-p0002-c01,study-s2-probability-101feb5a6eaba5dd,PDF 第 2 页 · 片段 1,2,0,637,knowledge/study/sources/year1/pdf/study-s2-probability-101feb5a6eaba5dd.pdf#page=2,"草稿区
1 n
6. 设X ,X ,,X 是来自总体X~U(a,b) (b  a)的容量为n的简单随机样本。记E(X),D(X) 2,X   X ,
1 2 n n i
i1
1 n 1 n
S2   X  X 2 ,S2   X  X 2 。下列说法中正确的是( )。
1 n1 i 2 n i
i1 i1
(A)S2是2的矩估计量 (B)S2是2的最大似然估计量
1 1
(C)S2是2的矩估计量 (D)S2是2的最大似然估计量
2 2
n1
7. 设X ,X ,,X 是来自正态总体X  N(,2)的简单随机样本,为使D  kX  X 2 成为总体方差 2的无偏估计量,
1 2 n i1 i
i1
则 =( )。
1 1 1 1
(A) (B) (C) (D)
n1 n 2n1 2n
8. 在假设检验中,第一类错误是指( )。
(A)当原假设为真时拒绝原假设
(B)当原假设为假时拒绝原假设
(C)当备择假设为真时未拒绝备择假设
(D)当备择假设为假时拒绝备择假设
二、解答题(10分):
某有朋友自远方来访,他乘火车、轮船、汽车、飞机来的概率分别是0.3,0.1,0.4 和0.2.如果他乘火车、轮船、汽车、
1 2 2 1
飞机来的话,迟到的概率分别为 、 、 、 ,
3 7 5 6
(1)他迟到的概率是多少?
(2)如果结果是他未迟到,试问他乘火车来的概率是多少?
第2页",pdfplumber_visible_bbox
study-s2-probability-101feb5a6eaba5dd-p0003-c01,study-s2-probability-101feb5a6eaba5dd,PDF 第 3 页 · 片段 1,3,0,383,knowledge/study/sources/year1/pdf/study-s2-probability-101feb5a6eaba5dd.pdf#page=3,"草稿区
三、解答题(10分)
2x, 0 x1,
设随机变量X的概率密度为 f(x) ,求Y cosX 的概率密度。
 0, else.
四、解答题(16分)
axey, 0 x y
随机变量
X,Y
的联合概率密度函数为
f(x,y)
0, 其他
(1) 计算常数a;
(2) 计算边缘分布密度 f (x), f (y)及条件概率密度 f (y|x);
X Y Y|X
(3) 计算P(X Y 3);
(4) 计算条件概率P(Y 1| X 1)。
五、解答题(15分)
x2 2y2, 0 x1, 0 y 1;
已知二维随机变量
X,Y
具有概率密度
f(x,y)
0, else.
(1)求E(X),D(X);
(2)求E(Y),D(Y);
(3)求cov(X,Y), 。
XY
第3页",pdfplumber_visible_bbox
study-s2-probability-101feb5a6eaba5dd-p0004-c01,study-s2-probability-101feb5a6eaba5dd,PDF 第 4 页 · 片段 1,4,0,845,knowledge/study/sources/year1/pdf/study-s2-probability-101feb5a6eaba5dd.pdf#page=4,"草稿区
六、解答题(10分)
1
 ex/, x 0;
设总体X服从参数为的指数分布,其概率密度为 f(x,) 。设总体Y 服从参数为2的指数分布,
 0, 其他.
 1
 ey/2, y 0;
其概率密度为 f(y;)2 。X ,X ,,X 为来自总体X的简单随机样本,Y ,Y ,,Y 为来自总体Y 的
1 2 n 1 2 m
 0, 其他.
简单随机样本,且两样本相互独立,其中( 0)为末知参数。同时利用来自于两个总体的样本X ,X ,,X ,Y ,Y ,,Y
1 2 n 1 2 m
而非单个总体的样本
(1)求的最大似然估计量 ˆ。
(2)求D   ˆ。
七、解答题(15分)
从两种羊毛织品中分别抽取容量为n  4,n 6的样本,测得其强度值,并计算出其样本均值和样本方差如下:
1 2
第一类型:138,127,134,125,x 131,s2 27.5;
X
第二类型:134,137,135,140,130,134,y 135,s2 9.33。
Y
又设第一类型和第二类型的羊毛织品的强度分别服从正态分布N(,2)和N(,2)。问
1 1 2 2
(1)这两种羊毛织品的强度方差有无显著性差异?即检验假设H :2 2,H :2 2 = 0.05 ;
10 1 2 11 1 2
(2)在上面结论的基础上,这两种羊毛织品的强度有无显著性差异?即检验假设H :  ,H :  = 0.05 。
20 1 2 21 1 2
用到的部分数据:t (8) 2.306,t (10) 2.228,t (8) 1.860,t (10) 1.813,F (3,5)7.76,F (5,3) 14.9,
0.025 0.025 0.05 0.05 0.025 0.025
F (4,6) 6.23,F (6,4) 9.20。
0.025 0.025
第4页",pdfplumber_visible_bbox
study-s2-probability-1334b535ee83c23e-p0001-c01,study-s2-probability-1334b535ee83c23e,PDF 第 1 页 · 片段 1,1,0,598,knowledge/study/sources/year1/pdf/study-s2-probability-1334b535ee83c23e.pdf#page=1,"《概率论与数理统计》期末考试试题(A)
专业、班级: 姓名: 学号:
题号一二三四五六七八九十十一十二总成绩
得分
一、单项选择题(每题3分共18分)
1.D 2.A 3.B 4.A 5.A 6.B
若事件 A、B 适合 P(AB) 0, 则以下说法正确的是 ( ).
(A) A 与 B 互斥(互不相容);
(B) P(A) 0 或 P(B) 0;
(C) A 与 B 同时出现是不可能事件;
(D) P(A) 0, 则 P(B A) 0.
(1)
(2)设随机变量X其概率分布为 X -1 0 1 2
P 0.2 0.3 0.1 0.4
则P{X 1.5}( )。
1
(A)0.6 (B) 1 (C) 0 (D)
2
(3)
设事件A 与A 同时发生必导致事件A发生,则下列结论正确的是( )
1 2
(A)P(A)  P(A A ) (B)P(A) P(A ) P(A )1
1 2 1 2
(C)P(A)  P(A  A ) (D)P(A) P(A )P(A )1
1 2 1 2
(4)
设随机变量 X ~ N( 3, 1), Y ~ N(2, 1), 且 X 与 Y 相互独
立 , 令 Z  X  2 Y  7 , 则 Z ~ ( ).
(A)N(0, 5); (B)N(0, 3); (C) N(0, 46); (D) N(0, 54).",pdfplumber_visible_bbox
study-s2-probability-1334b535ee83c23e-p0002-c01,study-s2-probability-1334b535ee83c23e,PDF 第 2 页 · 片段 1,2,0,728,knowledge/study/sources/year1/pdf/study-s2-probability-1334b535ee83c23e.pdf#page=2,"(5)设X X ,,X 为正态总体N(, 2 )的一个简单随机样本,其中 2,
1, 2 n
未知,则( )是一个统计量。
n n
(A)X2 2 (B)(X )2
i i
i1 i1
X 
(C)X  (D)

(6)设样本X ,X ,,X 来自总体X ~ N(,2),2未知。统计假设
1 2 n
为 H :(已知) H :。 则所用统计量为( )
0 0 0 1 0
X  X 
(A)U  0 (B) T  0
 n S n
(n1)S2 1 n
(C)2  (D)2  (X )2
2 2 i
i1
二、填空题
xex x  0
1. P(B) 2. f(x)   , 3e2 3. 1 4. t(9)
0 x  0
5.(1-e-at)1/at,t>0;(1-e-a( t +t ))1/a( t +t ),t 与t >0
1 2 1 2 1 2
(1)如果P(A)  0, P(B)  0, P(AB)  P(A),则P(B A)  .
(2)设随机变量X 的分布函数为
0, x  0,
F(x)  
1(1 x)ex, x  0.
则X 的密度函数 f(x)  ,P(X  2)  .
(3)
ˆ ˆ ˆ ˆ ˆ ˆ ˆ
设 , , 是总体分布中参数的无偏估计量, a 2 3 ,
1 2 3 1 2 3
ˆ
当 a  ________时, 也是的无偏估计量.
(4) 设总体X 和Y 相互独立,且都服从N(0,1),X ,X ,X 是来自总体X 的
1 2 9",pdfplumber_visible_bbox
study-s2-probability-1334b535ee83c23e-p0003-c01,study-s2-probability-1334b535ee83c23e,PDF 第 3 页 · 片段 1,3,0,146,knowledge/study/sources/year1/pdf/study-s2-probability-1334b535ee83c23e.pdf#page=3,"X  X
样本,Y ,Y ,Y 是来自总体Y 的样本,则统计量 U  1 9
1 2 9
Y2 Y2
1 9
服从分布(要求给出自由度)。
(5)设随机过程X(t)=e-At,t>0,其中A是在区间(0,a)上服从均匀分布的随机
变量,X(t)的均值函数是 ,自相关函数是 。",pdfplumber_visible_bbox
study-s2-probability-1334b535ee83c23e-p0004-c01,study-s2-probability-1334b535ee83c23e,PDF 第 4 页 · 片段 1,4,0,590,knowledge/study/sources/year1/pdf/study-s2-probability-1334b535ee83c23e.pdf#page=4,"三、(6 分) 设 A, B相互独立,P(A)  0.7,P(AB) 0.88,求P(AB).
解: 0.88=P(AB)  P(A) P(B)P(AB)
=P(A) P(B)P(A)P(B) (因为A, B相互独立)........2分
=0.7 P(B)0.7P(B) ............3分
则 P(B)  0.6 .............4分
P(AB)  P(A)P(AB)  P(A)P(A)P(B)
 0.70.70.6  0.28 ............6分
四、
解 1) 由于
  
1 F(,)  AB C  
 2  2 
  
0  F(,)  AB  C  
 2  2 
    
0  F (, )  A B  C  
 2  2 
1
A 
2

B  C 
解得:
2
2)
2F(x,y) 1 1/2 1/3
f (x,y)    6
xy 2 1x/22 1y/32 
2(4 x2)(9 y2)
3)
 1  6
f (x)  f(x,y)dy  dy
X 2 (4x2)(9 y2)
 ",pdfplumber_visible_bbox
study-s2-probability-1334b535ee83c23e-p0005-c01,study-s2-probability-1334b535ee83c23e,PDF 第 5 页 · 片段 1,5,0,264,knowledge/study/sources/year1/pdf/study-s2-probability-1334b535ee83c23e.pdf#page=5,"2  d  y/3 
 
 
2(4 x2) 1  y/3 2

2 2


arctan

y/3


2(4 x2)  (4 x2)
五
解:(1)
(2)
F (z)  P(X Y  Z)   f (x,y)dxdy
  f(x,y)dxdy
Z
xyz D
1
1
  z dy zy (2x y)dx  z2  z3
3
0 0
1 1
1 dy (2 x y)dx
z1 zy
1
1 (2 z)3
3",pdfplumber_visible_bbox
study-s2-probability-1334b535ee83c23e-p0006-c01,study-s2-probability-1334b535ee83c23e,PDF 第 6 页 · 片段 1,6,0,366,knowledge/study/sources/year1/pdf/study-s2-probability-1334b535ee83c23e.pdf#page=6,"六、设二维随机变量(X,Y)的联合密度函数为
12e(3x4y), x  0,y  0,

f(x,y)  
  0, 其他.
求:(1)P(0 X 1,0Y  2);(2)求X 的边缘密度。
1 2
解:(1)P(0 X 1,0Y  2)  dx12e(3x4y)dy ..............2分
0 0
 
1
3e3xdx
2
4e4ydy=

e3x
1
e4y
2
0 0
0 0
=[1e3][1e8] .............4分

(2) f (x)   12e(3x4y)dy ..............6分
X

3e3x x  0
  .................8分
0 x  0",pdfplumber_visible_bbox
study-s2-probability-1334b535ee83c23e-p0007-c01,study-s2-probability-1334b535ee83c23e,PDF 第 7 页 · 片段 1,7,0,629,knowledge/study/sources/year1/pdf/study-s2-probability-1334b535ee83c23e.pdf#page=7,"七:解
Cov(X,Z)
 
XZ
D(X) D(Z)
X Y
Cov(X,Z) Cov(X,  )
2 3
1 1 1
 Cov(X,X ) Cov(X,Y)  D(X)0 2
2 3 2
而D(X)  4
X Y 1 1
D(Z)  D(  ) D(X) D(Y) 2
2 3 4 9
Cov(X,Z)
Cov(X,Z)=2, D(X)=4, D(Z)=2
 
XZ
D(X) D(Z)
2 2
  
XZ
4 2 2
1
八、一工厂生产的某种设备的寿命X(以年计)服从参数为的指数分布。工厂
4
规定,出售的设备在售出一年之内损坏可予以调换。若工厂售出一台设备盈利
100元,调换一台设备厂方需花费300元,求工厂出售一台设备净盈利的期望。
1 
1
e 
1
4 x x  0
解: 因为X ~ e( ) 得 f(x)  4 .............2分
4
  0 x  0
用Y 表示出售一台设备的净盈利
 100 X 1
Y   ............3分
100300 0 X 1
1  x  1
则 P(Y 100)   e 4dx  e 4
1 4
PY  200   11 e  4 x dx 1e  1 4 ...........4分
0 4
1 1
 
所以 EY 100e 4 (200)(1e 4)",pdfplumber_visible_bbox
study-s2-probability-1334b535ee83c23e-p0008-c01,study-s2-probability-1334b535ee83c23e,PDF 第 8 页 · 片段 1,8,0,331,knowledge/study/sources/year1/pdf/study-s2-probability-1334b535ee83c23e.pdf#page=8,"1

300e 4 200 33.64(元) ...........6分
九、设随机变量X 与Y 的数学期望分别为2和2,方差分别为1和4,而相关系
数为0.5,求E(2X Y), D(2X Y)。
解:已知EX  2, EY  2, DX 1, DY  4,   0.5
XY
则 E(2X Y)  2EX EY  2(2)2  6 ..........4分
D(2X Y)  D(2X) DY 2cov(2X,Y) ..........5分
 2DX  DY 4cov(X,Y) ..........6分
 2DX  DY 4 DX DY =12 ..............8分
XY",pdfplumber_visible_bbox
study-s2-probability-1334b535ee83c23e-p0009-c01,study-s2-probability-1334b535ee83c23e,PDF 第 9 页 · 片段 1,9,0,686,knowledge/study/sources/year1/pdf/study-s2-probability-1334b535ee83c23e.pdf#page=9,"十、(7 分)设供电站供应某地区1000户居民用电,各户用电情况相互独立。已
知每户每日用电量(单位:度)服从[0,20]上的均匀分布,利用中心极限定
理求这 1 000 户居民每日用电量超过 10 100 度的概率。(所求概率用标准正
态分布函数(x)的值表示).
解:用X 表示第i户居民的用电量,则X ~U[0,20]
i i
020 (200)2 100
EX  10 DX   .........2分
i 2 i 12 3
1000
则1000户居民的用电量为X  X ,由独立同分布中心极限定理
i
i1
PX 10100 1PX 10100 .........3分
 
 
X 100010 10100100010
=1P   .........4分
100 100
 
1000 1000
  3 3  
10100100010
 1( ) ..........6分
100
1000
3
3
=1 ( ) .........7分
10
十一、设x ,x ,,x 是取自总体X 的一组样本值,X 的密度函数为
1 2 n
(1)x, 0 x 1,
f(x)  
0, 其他,
其中 0未知,求的最大似然估计。
解: 最大似然函数为
n n
L(x ,,x ,)  f(x ) (1)x ..........2分
1 n i i
i1 i1
=(1)n(x ,,x ) ..........3分
1 n
则",pdfplumber_visible_bbox
study-s2-probability-1334b535ee83c23e-p0010-c01,study-s2-probability-1334b535ee83c23e,PDF 第 10 页 · 片段 1,10,0,775,knowledge/study/sources/year1/pdf/study-s2-probability-1334b535ee83c23e.pdf#page=10,"lnL(x ,,x ,)  nln(1)ln(x ,,x )
1 n 1 n
0 x ,,x 1 ...........4分
1 n
dlnL n
令  ln(x ,,x )  0 ...........5分
d 1 1 n
于是的最大似然估计:
n
 ˆ  1 。 ..........7分
lnln(x ,,x )
1 n
十二、 设某工厂生产工件的直径服从正态分布,要求它们的均值u  8,2  0.25 ,现检
验了一组由16只工件,计算得样本均值、样本方差分别x  7.65,s2  0.49 ,试在显
著水平0.05下,对该厂生产的工件的均值和方差进行检验,看它们是否符合标准。
此题中,t (15)1.76,t (15)2.13, 2(15)25, 2(15)27.5,
0.5 0.025 0.05 0.025
解:(1)首先对工件的均值进行检验: H : u  8,H :u  8
0 1
X 8 X 8
取统计量为t  , 可得拒绝域为: {t  t (15)2.13} ,
0.025
s/ 16 s/ 16
x 8 7.658
经计算, t    2 2.13,不在拒绝域内,因此接受H .认为这批工件的均
0
s/ 16 0.7/4
值符合标准。
其次首先对工件的方差进行检验: H : 2  0.52,H :2  0.52
0 1
(161)s2 150.49
取统计量为2  , 可得拒绝域为: {2  2 (15)  25}
0.52 0.52 0.05
(161)s2
经计算, 2   29.4  25,在拒绝域内,因此拒绝H .认为这批工件的方差不符
0
0.52
合标准。",pdfplumber_visible_bbox
study-s2-probability-451d99011df209b5-p0001-c01,study-s2-probability-451d99011df209b5,PDF 第 1 页 · 片段 1,1,0,921,knowledge/study/sources/year1/pdf/study-s2-probability-451d99011df209b5.pdf#page=1,"草稿区
计算机大类 2023--2024 学年第 2 学期《概率论与数理统计》课程期末考试试卷(A 卷)
任课老师: 专业: 年级: 学号: 姓名: 成绩:
一 、单项选择题(共 18分,每小题 2分):
1. 已知事件A,B均为非零概率事件,且A B,则( )。
(A)P(AB) P(A)P(B) (B)P(AB) P(A)P(B) (C)P(A|B) P(A)/P(B) (D)P(AB) P(A)P(B)
2. 函数 f(x)cosx是某随机变量的概率密度函数,则该随机变量可能的取值范围为( )。
    3 7
(A) 0, (B) , (C)[0,] (D) ,
     
 2 2   2 4 
3. 设X 和X 是任意两个相互独立的连续性随机变量,他们的概率密度函数分别为p (x)和p (x),分布函数分别是
1 2 1 2
F (x)和F (x),则( )。
1 2
(A)p (x)+p (x) 必为某个随机变量的概率密度函数 (B)p (x) p (x) 必为某个随机变量的概率密度函数
1 2 1 2
(C)F (x)+F (x) 必为某个随机变量的分布函数 (D)F (x)F (x) 必为某个随机变量的分布函数
1 2 1 2
4. 设随机变量X,Y 相互独立,且E(X)与E(Y)存在,记U max{X,Y},V min{X,Y},则E(UV)( )。
(A)E(U)E(V) (B)E(X)E(Y) (C)E(U)E(Y) (D)E(X)E(V)
5. 设随机变量X,Y 不相关,则下面式子中不成立的是( )。
(A)cov(X,Y)0 (B)D(XY) D(X)D(Y) (C) 0 (D)D(X Y) D(X)D(Y)
XY
6. 设X ,X ,L,X 是相互独立的随机变量,且X B(1,p) (i 1,2,L,1000) ,则下列结论不正确的是( )。
1 2 1000 i
1 1000 1000
(A)点估计 pˆ= X (B)X B(1000,p)
1000 i i
i1 i1
",pdfplumber_visible_bbox
study-s2-probability-451d99011df209b5-p0001-c02,study-s2-probability-451d99011df209b5,PDF 第 1 页 · 片段 2,1,821,1090,knowledge/study/sources/year1/pdf/study-s2-probability-451d99011df209b5.pdf#page=1,"1,2,L,1000) ,则下列结论不正确的是( )。
1 2 1000 i
1 1000 1000
(A)点估计 pˆ= X (B)X B(1000,p)
1000 i i
i1 i1
 1 1000   1000   b1000p   a1000p 
(C)Pa X b(b)(a) (D)Pa X b  
 1000 i1 i   i1 i    1000p(1 p)     1000p(1 p)  
第 1 页共 4 页",pdfplumber_visible_bbox
study-s2-probability-451d99011df209b5-p0002-c01,study-s2-probability-451d99011df209b5,PDF 第 2 页 · 片段 1,2,0,910,knowledge/study/sources/year1/pdf/study-s2-probability-451d99011df209b5.pdf#page=2,"X X
7. 设X ,X ,X ,X 为来自总体X  N(1,2) 的简单随机样本,则统计量 1 2 的分布为( )。 草稿区
1 2 3 4 X X 2
3 4
(A)N(0,1) (B)t(1) (C)2(1) (D)F(1,1)
8. 设X ,X ,X ,X 是来自均值为的泊松分布总体的样本,其中未知,则下列估计量中是的无偏估计量的是( )。
1 2 3 4
1 1 1
(A)T  (X  X ) (X  X ) (B)T  (X 2X 3X 4X )
1 6 1 2 2 3 4 2 5 1 2 3 4
1 X 1
(C)T  (4X  X 5X 2X ) (D)T  1  (2X 3X 4X )
3 10 1 2 3 4 4 2 9 2 3 4
9. 设总体 X 服从正态分布X  N(,2) ,X ,X ,L,X 是来自总体 X 的简单随机样本,据此样本检验。如果在显
1 2 n
著性水平0.05下接受了H :,则在显著性水平0.01下( )。
0 0
(A)接受H (B)拒绝H
0 0
(C)可能接受,也可能拒绝H (受数据随机性影响,不稳定) (D)第一类错误的概率变大了
0
二 、填空(共18分,每小题 3分):
1. 设某批次电子元件正品率为0.8, 次品率为0.2。 现在对这批元件进行测试,只要有一个正品就停止测试,则测试次数
X的概率分布P(X k) ; 测试次数为偶数的概率为 。
ABex, x 0
2. 设连续型随机变量X的分布函数为F(x) ,其中0为常数,则A= ,B= 。
 0, else
3. 甲乙两个盒子中各装有 2 个红球和 2 个白球,先从甲盒中任取一球,观察颜色后放入乙盒中,再从乙盒中任取一
球,令 X、Y 分别表示从甲盒和乙盒中取到的红球个数,求 X 与 Y 的相关系数 _____________。
XY
2
4. 设随机变量X 服从(1,b)上的均匀分布,若用契比雪夫不等式有P{X 1 } ,则b ,  。
3
X2 L X2
",pdfplumber_visible_bbox
study-s2-probability-451d99011df209b5-p0002-c02,study-s2-probability-451d99011df209b5,PDF 第 2 页 · 片段 2,2,810,1018,knowledge/study/sources/year1/pdf/study-s2-probability-451d99011df209b5.pdf#page=2," 的相关系数 _____________。
XY
2
4. 设随机变量X 服从(1,b)上的均匀分布,若用契比雪夫不等式有P{X 1 } ,则b ,  。
3
X2 L X2
5. 设X  N(0,4) ,X ,X ,L,X 是来自总体X 的样本,则 1 10 服从的分布是____________。(写对参数)
1 2 15 2  X2 LX2 
11 15
第 2 页共 4 页",pdfplumber_visible_bbox
study-s2-probability-451d99011df209b5-p0003-c01,study-s2-probability-451d99011df209b5,PDF 第 3 页 · 片段 1,3,0,674,knowledge/study/sources/year1/pdf/study-s2-probability-451d99011df209b5.pdf#page=3,"6. 若一批零件的长度X (单位:cm) 服从正态分布N(,1), 从中随机地抽取 16个零件, 得到长度的平均值为40cm,则
草稿区
的置信度为0.95的置信区间是 。(注:标准正态分布函数值(1.96)0.975,(1.645)0.95)
三、解答题(10分):
发报台分别以0.6和0.4发出信号“*”和“-”。由于通信系统受到干扰,当发出信号“*”时,收报台未必收到“*”,而是分别
以0.8和0.2的概率收到信号“*”和“-”;同样,当发出信号“-”时,收报台分别以概率0.9和0.1 收到信号“-”和“*”。求:
(1)收报台收到信号“*”的概率;
(2)当收到信号“*”时,发报台确实是发出信号“*”的概率。
四、解答题(10分)
2x
 , 0 x,
设随机变量X 的概率密度为 f (x)2 ,求Y sinX 的概率密度。
X
 0, 其他.
五、解答题(14分)
3x2, 0 x1,
设(X,Y)是二维变量,X 的边缘概率密度为 f (x) ,在给定X  x(0 x1)的条件下Y的条件概率密度为
X 0, 其他.
3y2
 , 0 y x,
f (y|x) x3 。
Y|X
 0, 其他.
(1)求(X,Y)的概率密度 f(x,y);
(2)求Y的边缘概率密度 f (y);
Y
(3)求P{X 2Y}。
六、解答题(10分)
假设二维随机变量(X,Y)在矩形G{(x,y)|0 x2,0 y1}上服从均匀分布,记
第 3 页共 4 页",pdfplumber_visible_bbox
study-s2-probability-451d99011df209b5-p0004-c01,study-s2-probability-451d99011df209b5,PDF 第 4 页 · 片段 1,4,0,898,knowledge/study/sources/year1/pdf/study-s2-probability-451d99011df209b5.pdf#page=4,"0, 若X Y 0, 若X 2Y
U  , V  . 草稿区
1, 若X Y 1, 若X 2Y
(1)求U 和V 的联合分布;(2)求U 和V 的相关系数。
七、解答题(10分)
1
 x(1)/, 0 x1.
设总体X 的概率密度为 f x,= ,其中0 ,X ,X ,L,X 为来自总体的简单随机样本。
1 2 n
  0, else.
1 n
(1)验证的最大似然估计量 ˆ  lnX ;
n i
i1
(2)证明 ˆ是的无偏估计量。
八、解答题(10分)
某灯泡厂在采用一种新工艺的前后,分别抽取 10个灯泡进行寿命(单位:小时)检测,计算得到:采用新工艺前,灯
泡寿命的样本均值为2460,样本标准差为56;采用新工艺后,灯泡寿命的样本均值为 2550,样本标准差为48。设灯泡
的寿命服从正态分布,是否可以认为采用新工艺后灯泡的平均寿命有显著提高(取显著性水平α = 0.01)?
提示:1. 灯泡寿命的方差在采用新工艺的前后均未知,需先确定其关系。2. 部分可能用到的上α分位数见下表
z = 2.33 z = 2.57
0.01 0.005
t 10 = 2.76 t 9 = 2.92 t 10 = 3.17 t 9 = 3.25
0.01 0.01 0.005 0.005
t 20 = 2.53 t 18 = 2.55 t 20 = 2.85 t 18 = 2.88
0.01 0.01 0.005 0.005
χ2 10 = 23.21 χ2 9 = 21.67 χ2 10 = 25.19 χ2 9 = 23.59
0.01 0.01 0.005 0.005
χ2 20 = 37.57 χ2 18 = 37.16 χ2 20 = 40.00 χ2 18 = 37.16
0.01 0.01 0.005 0.005
F 10,10 = 4.85 F 9,9 = 5.35 F 10,10 = 5.85 F 9,9 = 6.54
0.01 0.01 0.005 0.005
第 4 页共 4 页",pdfplumber_visible_bbox
study-s2-probability-5f5e607db31aada8-p0001-c01,study-s2-probability-5f5e607db31aada8,PDF 第 1 页 · 片段 1,1,0,888,knowledge/study/sources/year1/pdf/study-s2-probability-5f5e607db31aada8.pdf#page=1,"电子信息与光学工程学院本科生 2020 一 2021 学年第 1 学期 《 概率论与数理统计 》 课程期末考试试卷 ( A 卷 )
草
稿
区
任课老师 :
姓名 :
成绩 :
复核成绩 :
( 1.5 ) : 0 . 9332 ; 0 ) : 0 . 8413 ; 05 ( 4 ) : 2 . 1318 ; 标 25 ( 4 ) : 2 . 7764 ; 这 3 ) : 3 彐 824 ; 05 ( 3 ) : 2 . 3534 ; 05 ( 3 ) 一 7 . 8 巧 x3005 ( 3 ) ;
之 - ( 4 ) : 9 、 488 05 ( 4 ) = 9 . 48E ; 应 025 ( 3 ) : 9 . 348 02
得分 、 填空 ( 共 24 分 , 每小题 4 分 ) :
( 3 ) : 9 . 34E ; Z 5 ( 3 ) : 0 . 352 ; 石是 ( 4 ) : 0 . 7 ll ; / “ 巧 =
上 96x: . 05 ( 3 ) ; / “ 到 .
5
1 、 甲忘了朋友家电话号码的最后一位数 , 他只能随意拨最后一个号 , 他连拨三次 , 求第三次才能拨通
的概率
2 、 设随机变量的绝对值不大于 1 , 且羊 . l) 一 , 1)-- , 则 . 1 < X 《 I) :
3 、 设随机变量羔 Y 的数学期望都是 2 , 方差分别为 1 和 4 , 而相关系数为 0 . 5 , 则根据切比雪夫不等式
栍羊 Y 6 }
4 、 设总体羊 , N( 00 ) , 当样本容量为 9 时 , 测得 = 5 , 则的置信度为 0 . 95 的最短置信区间为
5 、 设 x,x , ·
, 和 Y , · 灬 , 分别来自两个正态总体 A()I , 4 ) 和丿 M2 , 25 ) 的样本且相互独立 , 和分别
为两个样本的样本方差 , 则服从 7 , 9 ) 的统计量是
6 、 已知 { ( 0 , ' 0 } 服从强度为 A 的泊松过程 , 则尹 { A(5 ) : 4 } :
· ( 写表达式即可 )
第 [ 6",windows_ocr
study-s2-probability-5f5e607db31aada8-p0002-c01,study-s2-probability-5f5e607db31aada8,PDF 第 2 页 · 片段 1,2,0,621,knowledge/study/sources/year1/pdf/study-s2-probability-5f5e607db31aada8.pdf#page=2,"草
稿
区
得分
单项选择题 ( 共 24 分 , 每小题 4 分 ) :
凌 0 < 4 ) < 1 , 0 < < 1 , P(AIB) + P()I 。 1 , 则
(A) 事件 , 4 , 相互独立 ;
(B) 事件 , 4 , B 为对立事件 ;
( 0 事件出不相容 ;
(D) 事件 、 , 不相互独立 。
2 、 现有 10 张奖券 , 其中 8 张为 2 元 , 2 张为 5 元 , 今某人从中随机地取 3 张 , 则此人得奖金的
数学期望为
( A ) 7 , 2 ;
( B ) 7 , 6 ;
3 、 离散型随机变量 ' 的率分布为户 ( ' : : 」 A ' ( 人一 1 , 2 , . . . ) 的充要条件是
(A) 氕 1 + 围 1 且 A > 0 ;
等于
2
( B ) 、 4 = 1 . A 且 0 < A < 1 ;
4 、 设两个随机变量 x, Y 相互独立 , 性都服从均值为 0 、 方差为 0 , 5 的正态分布 , 则随机变量 | x 一的方差
(D) 2+—Pxr < 1
5 、 设入 , 无 , 一 , 工是取自总体羊 NI,22 ) 的简单随机样本 , 入为样本均值 , 则下列结论正确的是 (
(A)
( 0
2
一 N ( 0 , l) : 1
2
6 、 设入 , , 》 来自总体 ' 的样本 , 则下列统计量不是总体均值 ) 的无偏估计量的是
第 2 页共 6 页",windows_ocr
study-s2-probability-5f5e607db31aada8-p0003-c01,study-s2-probability-5f5e607db31aada8,PDF 第 3 页 · 片段 1,3,0,256,knowledge/study/sources/year1/pdf/study-s2-probability-5f5e607db31aada8.pdf#page=3,"2X + X
( 0
四 :
得分
得分
凶 + X
2Xl+X
、 简答题 ( 本题满分 6 分 ) :
细写出概率公理化定义需要满足的三个条件 。
计算题 ( 每小题 4 分 , 满分 8 分 ) :
l. 设随机变量 ' 的概率密度函数为
XI + X2 + X
(D)
草
稿
区
ax + b ,
0 , other
又已知 P(X<-)=P(X>-) , 求常数 a 和
2 , 设随机变量 A ' 服从 ( 0 , l) 上的均匀分布 , 求产 · 21nA ' 的概率密度函数 。
第 3 共 6",windows_ocr
study-s2-probability-5f5e607db31aada8-p0004-c01,study-s2-probability-5f5e607db31aada8,PDF 第 4 页 · 片段 1,4,0,317,knowledge/study/sources/year1/pdf/study-s2-probability-5f5e607db31aada8.pdf#page=4,"草稿区
得分五 、 解答题 ( 10 分 ) :
口袋里有 2 个白球 , 3 个黑球 , 现不放回地依次摸出两球 , 并没随机变量 :
l, 第二次摸出白球 ,
0 , 第二次摸出黑球 。
X 一
得分
l, 第一次摸出白球 ,
0 , 第一次摸出黑球 ,
求 :
( 0 ( A00 的联合分布律 ( 4 分 ) ; ( 2 ) 在 x=l 的条件下 , Y 的条件分布律 ( 4
分 ) ;
( 3 ) 随机变量 X Y 是否相互独立 ( 2 分 ) ?
六 、 解答题 ( 共 10 分 ) :
设在总体 x 、 A()2 , 4 ) 中随机抽一样本 《 , 工 , 无 , 无 , 无 , 无 ,
IS 5
4 页共 6 页",windows_ocr
study-s2-probability-5f5e607db31aada8-p0005-c01,study-s2-probability-5f5e607db31aada8,PDF 第 5 页 · 片段 1,5,0,182,knowledge/study/sources/year1/pdf/study-s2-probability-5f5e607db31aada8.pdf#page=5,"草
稿
区
得分
: 设
七解答题 ( 10 分 , 每小题 5 分 ) :
随机变量 ' 的分布函数为
X > 仅
0 , 其它
其中参数思 > 1 。 设入 , 无 ,
, 工为来自总体 A ' 的简单随机样本 c 求 :
0 ) 在 : I 时 , 未知参数的矩估计量 ;
( 2 ) : 2 时 , 未知参数 “ 的最大似然估计量 。
第 5 贡共 6 奥",windows_ocr
study-s2-probability-5f5e607db31aada8-p0006-c01,study-s2-probability-5f5e607db31aada8,PDF 第 6 页 · 片段 1,6,0,212,knowledge/study/sources/year1/pdf/study-s2-probability-5f5e607db31aada8.pdf#page=6,"草
得分八 、 解答题 ( 8 分 , 每小题 4 分 ) :
某冶金实验室对锰的熔化点做了四次实验 , 样本均值为 1267 , 样本标准差为 3 . 65 。 设数据服从正态分布伊 ,
以 “ = 0 . 05 的水平做如下检验 : 0 ) 实验所得熔化点是否与公布的锰的标准熔化点 1260 °C 相符合 ? ( 2 ) 测定值
标准差是否不超过 2 °C ? ( 须写出 i 羊细检验过程 )
第 6 共 6
稿
区",windows_ocr
study-s2-probability-a7dfaf2beb4f155f-p0001-c01,study-s2-probability-a7dfaf2beb4f155f,PDF 第 1 页 · 片段 1,1,0,942,knowledge/study/sources/year1/pdf/study-s2-probability-a7dfaf2beb4f155f.pdf#page=1,"草稿区
计算机大类 2025–2026 学年第 2 学期《概率论与数理统计》课程期中考试试卷(A 卷)
任课老师: 专业: 年级: 学号: 姓名: 成绩:
一、单项选择题(共 18 分,每小题 2 分):
1. 设 A 和 B 是任意两个概率不为零的不相容事件,则下列结论中肯定正确的是( )。
(A) A 与 B 不相容 (B) A 与 B 相容 (C) P(AB)=P(A) P(B) (D) P(A B)=P(A)
· −
2. 设当事件 A 与 B 同时发生时,事件 C 必发生,则( )。
(A) P(C) P(A)+P(B) 1 (B) P(C) P(A)+P(B) 1 (C) P(C)=P(AB) (D) P(C)=P(A B)
≤ − ≥ − ∪
3. 已知 0<P(B)<1,且 P (A A ) B =P(A B)+P(A B),则下列选项成立的是( )。
1 2 1 2
{ ∪ | } | |
(A) P (A 1 A 2 ) B =P(A 1 B)+P(A 2 B) (B) P(A 1 B A 2 B)=P(A 1 B)+P(A 2 B)
{ ∪ | } | | ∪
(C) P(A 1 A 2 )=P(A 1 B)+P(A 2 B) (D) P(B)=P(A 1 )P(B A 1 )+P(A 2 )P(B A 2 )
∪ | | | |
4. 设 A,B,C 三个事件两两独立,则 A,B,C 相互独立的充分必要条件是( )。
(A) A 与 BC 独立 (B) AB 与 A C 独立 (C) AB 与 AC 独立 (D) A B 与 A C 独立
∪ ∪ ∪
5. 下列函数中,可以做随机变量的分布函数的是( )。
1 3 1
(A) F(x)= (B) F(x)= + arctanx
1+x2 4 2π
0, x 0, 2
(C) F(x)= x ≤ (D) F(x)= arctanx+1
!1+x , x>0, π
6. 设随机变量 X 服从正态分布 N(μ ,σ2),随机变量 Y 服从正态分布 N(μ ,σ2),且 P X μ <1 >P Y μ <1 ,则
1 1 2 2 {| − 1 | } {| − 2 | }
必有( )。
",pdfplumber_visible_bbox
study-s2-probability-a7dfaf2beb4f155f-p0001-c02,study-s2-probability-a7dfaf2beb4f155f,PDF 第 1 页 · 片段 2,1,842,993,knowledge/study/sources/year1/pdf/study-s2-probability-a7dfaf2beb4f155f.pdf#page=1,"服从正态分布 N(μ ,σ2),随机变量 Y 服从正态分布 N(μ ,σ2),且 P X μ <1 >P Y μ <1 ,则
1 1 2 2 {| − 1 | } {| − 2 | }
必有( )。
(A) σ 1 <σ 2 (B) σ 1 >σ 2 (C) μ 1 <μ 2 (D) μ 1 >μ 2",pdfplumber_visible_bbox
study-s2-probability-a7dfaf2beb4f155f-p0002-c01,study-s2-probability-a7dfaf2beb4f155f,PDF 第 2 页 · 片段 1,2,0,949,knowledge/study/sources/year1/pdf/study-s2-probability-a7dfaf2beb4f155f.pdf#page=2,"草稿区
7. 设随机变量 X,Y 相互独立,且 X 服从正态分布 N(0,σ2),Y 服从正态分布 N(0,σ2),则概率 P X Y <1 ( )。
1 2 {| − | }
(A) 随 σ 1 与 σ 2 的减少而减少 (B) 随 σ 1 与 σ 2 的增加而增加
(C) 随 σ 1 的增加而减少,随 σ 2 的减少而增加 (D) 随 σ 1 的增加而增加,随 σ 2 的减少而减少
1 n
8. 设随机变量 X ,X , ,X (n>1) 独立同分布,且其方差为 σ2 >0。令 Y = X ,则 。
1 2 n i
··· n
i=1
σ2 !
(A) Cov(X 1 ,Y)= n (B) Cov(X 1 ,Y)=σ2
n+2 n+1
(C) D(X 1 +Y)= n σ2 (D) D(X 1 − Y)= n σ2
9. 已知 (X,Y) 服从二维正态分布 N(0,0;12,22;1)。若 Z =aX +Y 与 Y 独立,则 a 等于( )。
2
(A) 2 (B) 2 (C) 4 (D) 4
− −
二、填空(共 18 分,每小题 3 分):
1
1. 从区间 (0,1) 中任取两个数,则这两个数的积小于的概率为 。
4
k
2
2. 当 C = 时,P X =k =C (k =1,2,3, ) 才能成为随机变量 X 的分布列。
{ } · 3 ···
"" #
3. 随机变量 X 服从泊松分布,并且已知 P X =1 =P X =2 ,则 P X =4 = 。
{ } { } { }
4. 设随机变量 X 服从 (0,2) 上的均匀分布,则随机变量 Y =X2 的概率密度 f (y)= 。
Y
5. 设随机变量 X 和 Y 独立,均服从相同的 (0 1) 分布:
−
P X =1 =p, P X =0 =1 p.
{ } { } −
又设
0, X +Y =偶数,
Z =
$1, X +Y =奇数,
则 p(0<p<1) 为时,能使 Z 和 X 相互独立。
6. 设随机变量 X (i,j =1,2, ,n; n 2) 独立同分布,EX =2,则行列式
ij ij
··· ≥
X X X
11 12 1n
···
X X X
21 22 2n
Y =% %
%
",pdfplumber_visible_bbox
study-s2-probability-a7dfaf2beb4f155f-p0002-c02,study-s2-probability-a7dfaf2beb4f155f,PDF 第 2 页 · 片段 2,2,849,1037,knowledge/study/sources/year1/pdf/study-s2-probability-a7dfaf2beb4f155f.pdf#page=2,"设随机变量 X (i,j =1,2, ,n; n 2) 独立同分布,EX =2,则行列式
ij ij
··· ≥
X X X
11 12 1n
···
X X X
21 22 2n
Y =% %
%
. .
.
. .
.
· . · .. · . .
.
% %
%
% %
%X n1 X n2 X nn%
% ··· %
% %
% %
的数学期望 EY = 。 % %",pdfplumber_visible_bbox
study-s2-probability-a7dfaf2beb4f155f-p0003-c01,study-s2-probability-a7dfaf2beb4f155f,PDF 第 3 页 · 片段 1,3,0,660,knowledge/study/sources/year1/pdf/study-s2-probability-a7dfaf2beb4f155f.pdf#page=3,"草稿区
三、解答题(10 分):
发报台分别以 0.6 和 0.4 发出信号“ ”和“-”。由于通信系统受到干扰,当发出信号“ ”时,收报台未必收到“ ”,而是分
∗ ∗ ∗
别以 0.8 和 0.2 的概率收到信号“ ”和“-”;同样,当发出信号“-”时,收报台分别以概率 0.9 和 0.1 收到信号“-”和“ ”。求:
∗ ∗
(1)收报台收到信号“ ”的概率;
∗
(2)当收到信号“ ”时,发报台确实是发出信号“ ”的概率。
∗ ∗
四、解答题(10 分)
设随机变量 X 在区间 (0,1) 上服从均匀分布,在 X = x(0 < x < 1) 的条件下,随机变量 Y 在区间 (0,x) 上服从均匀分布,
求:
(1)随机变量 X 和 Y 的联合概率密度;
(2)Y 的概率密度;
(3)概率 P X+Y >1 。
{ }
五、解答题(14 分)
设 (X,Y) 是二维变量,X 的边缘概率密度为
3x2, 0<x<1,
f (x)=
X
$0, 其他,
在给定 X =x(0<x<1) 的条件下 Y 的条件概率密度为
3y2
, 0<y <x,
f Y | X (y | x)= ⎧ 0 x , 3 其他.
⎨
(1)求 (X,Y) 的概率密度 f(x,y); ⎩
(2)求 Y 的边缘概率密度 f (y);
Y
(3)求 P X >2Y 。
{ }
六、解答题(10 分)
假设二维随机变量 (X,Y) 在矩形 G= (x,y) 0 x 2, 0 y 1 上服从均匀分布,记
{ | ≤ ≤ ≤ ≤ }",pdfplumber_visible_bbox
study-s2-probability-a7dfaf2beb4f155f-p0004-c01,study-s2-probability-a7dfaf2beb4f155f,PDF 第 4 页 · 片段 1,4,0,357,knowledge/study/sources/year1/pdf/study-s2-probability-a7dfaf2beb4f155f.pdf#page=4,"草稿区
0, 若X Y, 0, 若X 2Y,
U = ≤ V = ≤
$1, 若X >Y, $1, 若X >2Y.
(1)求 U 和 V 的联合分布;(2)求 U 和 V 的相关系数 ρ。
七、解答题(10 分)
设 X 和 Y 是两个相互独立的随机变量,其概率密度分别为
1, 0 x 1, e y, y >0,
−
f (x)= ≤ ≤ f (y)=
X Y
$0, 其他, $0, y 0.
≤
试求随机变量 Z =X+Y 的概率密度。
八、解答题(10 分)
3
设某企业生产线上产品合格率为 0.96,不合格产品中只有产品可进行再加工,且再加工的合格率为 0.8,其余均为废品,每
4
件合格品获利 80 元,每件废品亏损 20 元,为保证该企业每天平均利润不低于 2 万元,问企业每天至少生产多少产品?",pdfplumber_visible_bbox
study-s2-probability-d5f582f9efde68b4-p0001-c01,study-s2-probability-d5f582f9efde68b4,PDF 第 1 页 · 片段 1,1,0,821,knowledge/study/sources/year1/pdf/study-s2-probability-d5f582f9efde68b4.pdf#page=1,"(cid:11109)(cid:4480)(cid:1553)(cid:5791)(cid:1086)(cid:1913)(cid:4502)(cid:5141)(cid:12347)(cid:4502)(cid:19602)(cid:7516)(cid:12289)(cid:11087)2020--2021(cid:4502)(cid:5284)(cid:12636) 1(cid:4502)(cid:7503)(cid:457)(cid:8114)(cid:10679)(cid:16874)(cid:1086)(cid:7072)(cid:10806)(cid:13583)(cid:16849)(cid:458)(cid:16942)(cid:12347)(cid:7503)(cid:7515)(cid:13875)(cid:16901)(cid:16901)(cid:2471)(cid:708)B(cid:2471)(cid:709)
(cid:14713) (cid:12399) (cid:2410)
(cid:1323)(cid:16942)(cid:13873)(cid:5176)(cid:726) (cid:1091)(cid:1098)(cid:726) (cid:5284)(cid:13527)(cid:726) (cid:4502)(cid:2599)(cid:726) (cid:4099)(cid:2621)(cid:726) (cid:6208)(cid:13593):
(cid:1072) (cid:451)(cid:3739)(cid:12458)(cid:708)(cid:1953)24(cid:2102)(cid:712)(cid:8703)(cid:4671)(cid:20168)4(cid:2102)(cid:709)(cid:726)
(cid:5575) (cid:2102)
",pdfplumber_visible_bbox
study-s2-probability-d5f582f9efde68b4-p0001-c02,study-s2-probability-d5f582f9efde68b4,PDF 第 1 页 · 片段 2,1,721,1281,knowledge/study/sources/year1/pdf/study-s2-probability-d5f582f9efde68b4.pdf#page=1,"id:2102)(cid:712)(cid:8703)(cid:4671)(cid:20168)4(cid:2102)(cid:709)(cid:726)
(cid:5575) (cid:2102)
1(cid:451)(cid:16878)(cid:1108)(cid:1114)(cid:11560)(cid:1218)(cid:10524)(cid:12539)(cid:11444)(cid:1211)(cid:1318)A(cid:2748)B(cid:18221)(cid:1085)(cid:2561)(cid:11087)(cid:11444)(cid:8114)(cid:10679)(cid:7263)(cid:2869)(cid:712)A(cid:2561)(cid:11087)B(cid:1085)(cid:2561)(cid:11087)(cid:11444)(cid:8114)(cid:10679)(cid:12665)(cid:1214)B(cid:2561)(cid:11087)A(cid:1085)(cid:2561)(cid:11087)(cid:11444)(cid:8114)(cid:10679)(cid:712)
(cid:2877)
(cid:2121)P(A)=
",pdfplumber_visible_bbox
study-s2-probability-d5f582f9efde68b4-p0001-c03,study-s2-probability-d5f582f9efde68b4,PDF 第 1 页 · 片段 3,1,1181,1885,knowledge/study/sources/year1/pdf/study-s2-probability-d5f582f9efde68b4.pdf#page=1,"(cid:1085)(cid:2561)(cid:11087)(cid:11444)(cid:8114)(cid:10679)(cid:712)
(cid:2877)
(cid:2121)P(A)=
2(cid:451)(cid:19647)(cid:7530)(cid:2568)(cid:18431)X(cid:11444)(cid:8114)(cid:10679)(cid:4598)(cid:5334)(cid:2093)(cid:7072)(cid:1130)(cid:1858)((cid:1876))=(cid:3420) 3(cid:1876)(cid:2870) (0<(cid:1876)<1)(cid:712)(cid:14613)(cid:19647)(cid:7530)(cid:2568)(cid:18431)Y(cid:16024)(cid:12138)(cid:4649)X(cid:11444)(cid:1081)(cid:8529)(cid:10524)(cid:12539)(cid:16370)(cid:4623)(cid:1117)(cid:1211)
0 ((cid:1867)(cid:1872)(cid:1860)(cid:1857)(cid:1870))
(cid:1318)(cid:4676)(cid:1850)(cid:3409)(cid:2870)
(cid:2871)
(cid:4677)(cid:2090)(cid:10720)(cid:11444)(cid:8529)(cid:7072)(cid:712)(cid:2121)P(Y=0)=
",pdfplumber_visible_bbox
study-s2-probability-d5f582f9efde68b4-p0001-c04,study-s2-probability-d5f582f9efde68b4,PDF 第 1 页 · 片段 4,1,1785,2663,knowledge/study/sources/year1/pdf/study-s2-probability-d5f582f9efde68b4.pdf#page=1,"(cid:2871)
(cid:4677)(cid:2090)(cid:10720)(cid:11444)(cid:8529)(cid:7072)(cid:712)(cid:2121)P(Y=0)=
3(cid:451)(cid:3416)(cid:2410)(cid:19492)(0, 1)(cid:1117)(cid:19647)(cid:7530)(cid:3424)(cid:2566)(cid:1108)(cid:1114)(cid:7072)(cid:712)(cid:2121)(cid:7206)(cid:19492)(cid:256)(cid:1108)(cid:7072)(cid:1147)(cid:12319)(cid:3927)(cid:1214)0.25(cid:257)(cid:11444)(cid:8114)(cid:10679)(cid:1130)
4(cid:451)(cid:16878)(cid:19647)(cid:7530)(cid:2568)(cid:18431)((cid:1850),(cid:1851))~(cid:1840)(1,4;1,4;0.5)(cid:712)Z=X - Y(cid:712)(cid:2121)Cov(X, Z)=
5(cid:451)(cid:16878)X(cid:7485)(cid:1278)N(0,1)(cid:712)(X1, X2, ..., X6)(cid:1130)(cid:7573)(cid:14362)(cid:5739)(cid:1411)X(cid:11444)(cid:12720)(cid:2437)(cid:19647)(cid:7530)(cid:7783)(cid:7516)(cid:712)Y=(X1+X2+X3)2+(X4+X5+X6)2(cid:712)(cid:2121)
C= (cid:7206)(cid:712)CY(cid:7485)(cid:1278)(cid:548)2(cid:2102)(cid:5171)
",pdfplumber_visible_bbox
study-s2-probability-d5f582f9efde68b4-p0001-c05,study-s2-probability-d5f582f9efde68b4,PDF 第 1 页 · 片段 5,1,2563,3427,knowledge/study/sources/year1/pdf/study-s2-probability-d5f582f9efde68b4.pdf#page=1,"+X6)2(cid:712)(cid:2121)
C= (cid:7206)(cid:712)CY(cid:7485)(cid:1278)(cid:548)2(cid:2102)(cid:5171)
6(cid:451)(cid:5154)(cid:11797){N(t), t(cid:149)0}(cid:7485)(cid:1278)(cid:5482)(cid:5334)(cid:1130)(cid:540)(cid:11444)(cid:8954)(cid:7598)(cid:17911)(cid:12347)(cid:712)(cid:2121)P{N(12)=9|N(5)=4}=
(cid:5575) (cid:2102)
(cid:1212) (cid:451)(cid:2437)(cid:20137)(cid:17977)(cid:6425)(cid:20168)(cid:708)(cid:1953)24(cid:2102)(cid:712)(cid:8703)(cid:4671)(cid:20168)4(cid:2102)(cid:709)(cid:726)
1(cid:451)(cid:16878)A(cid:712)B(cid:7263)(cid:1108)(cid:1114)(cid:1218)(cid:1085)(cid:11560)(cid:4585)(cid:11444)(cid:7206)(cid:19492)(cid:712)P(B)>0(cid:712)(cid:2121)(cid:1083)(cid:2119)(cid:2612)(cid:5439)(cid:1117)(cid:1072)(cid:4554)(cid:6208)(cid:12539)(cid:11444)(cid:7263) (cid:708) (cid:709)
(A) P(A)=1- P(B)(cid:727) (B) P((cid:1827)|(cid:1828))=0(cid:727)
",pdfplumber_visible_bbox
study-s2-probability-d5f582f9efde68b4-p0001-c06,study-s2-probability-d5f582f9efde68b4,PDF 第 1 页 · 片段 6,1,3327,4114,knowledge/study/sources/year1/pdf/study-s2-probability-d5f582f9efde68b4.pdf#page=1,"44)(cid:7263) (cid:708) (cid:709)
(A) P(A)=1- P(B)(cid:727) (B) P((cid:1827)|(cid:1828))=0(cid:727)
(C) P((cid:1827)|(cid:1828)(cid:3364))=1(cid:727) (D) P((cid:1827)(cid:3364)(cid:3364)(cid:3364)(cid:1828)(cid:3364))=0(cid:452)
2(cid:451)(cid:16878)X(cid:11444)(cid:7072)(cid:4502)(cid:7503)(cid:7499)E(X)=(cid:541)(cid:712)(cid:7145)(cid:5150)D(X)=(cid:179)2>0(cid:712)(cid:2121)(cid:4649)(cid:1323)(cid:5951)(cid:5224)(cid:7072)C(cid:5621)(cid:7481) (cid:708) (cid:709)
(cid:708)A(cid:709)E[(X(cid:16)C)2](cid:116)E[(X(cid:16)(cid:80))2]; (cid:708)B(cid:709)E[(X(cid:16)C)2](cid:31)E[(X(cid:16)(cid:80))2];
(cid:708)C(cid:709)E[(X(cid:16)C)2](cid:32)E[(X(cid:16)(cid:80))2]; (cid:708)D(cid:709)E[(X(cid:16)C)2](cid:32)E[X2](cid:16)C2
(cid:12636) 1 (cid:20133) (cid:1953) 6 (cid:20133)",pdfplumber_visible_bbox
study-s2-probability-d5f582f9efde68b4-p0002-c01,study-s2-probability-d5f582f9efde68b4,PDF 第 2 页 · 片段 1,2,0,875,knowledge/study/sources/year1/pdf/study-s2-probability-d5f582f9efde68b4.pdf#page=2,"3(cid:451)(cid:16878)(cid:12267)(cid:7059)(cid:3515)(cid:19647)(cid:7530)(cid:2568)(cid:18431)(X, Y)(cid:11444)(cid:13956)(cid:2616)(cid:2102)(cid:5171)(cid:5563)(cid:1130) (cid:14713) (cid:12399) (cid:2410)
(X,Y) (1,1)(1,2)(1,3)(2,1)(2,2)(2,3)
P 16 19 118 13 (cid:302) (cid:533)
(cid:1092)X(cid:451)Y(cid:11560)(cid:1218)(cid:10524)(cid:12539)(cid:712)(cid:2121) (cid:708) (cid:709)
(A) (cid:302)=2/9(cid:712)(cid:163)=1/9; (B) (cid:302)=1/9(cid:712)(cid:163)=2/9(cid:727)
(C) (cid:302)=1/6(cid:712)(cid:163)=1/6; (D) (cid:302)=8/15(cid:712)(cid:163)=1/18
4(cid:451)(cid:16878)(cid:19647)(cid:7530)(cid:2568)(cid:18431)X(cid:7485)(cid:1278)(cid:8595)(cid:5681)(cid:2102)(cid:5171)N((cid:541), (cid:305)2)(cid:712)(cid:2121)(cid:19647)(cid:11632)(cid:305)(cid:11444)(cid:3790)(cid:3927)(cid:712)(cid:8114)(cid:10679)(cid:1842)(|(cid:1850)(cid:3398)(cid:2020)|)<(cid:592) ( )
",pdfplumber_visible_bbox
study-s2-probability-d5f582f9efde68b4-p0002-c02,study-s2-probability-d5f582f9efde68b4,PDF 第 2 页 · 片段 2,2,775,1721,knowledge/study/sources/year1/pdf/study-s2-probability-d5f582f9efde68b4.pdf#page=2,")(cid:3927)(cid:712)(cid:8114)(cid:10679)(cid:1842)(|(cid:1850)(cid:3398)(cid:2020)|)<(cid:592) ( )
(A) (cid:2437)(cid:16947)(cid:2047)(cid:4671)(cid:727) (cid:708)B(cid:709)(cid:2437)(cid:16947)(cid:3790)(cid:2256)(cid:727) (cid:708)C(cid:709)(cid:1549)(cid:6449)(cid:1085)(cid:2568)(cid:727) (cid:708)D(cid:709)(cid:1085)(cid:14125)(cid:11934)(cid:4554)(cid:452)
5(cid:451)(cid:16878)X,X ,(cid:34)(cid:712)X (n(cid:116)2)(cid:1130)(cid:7573)(cid:14362)(cid:5739)(cid:1411)N(cid:708)0(cid:712)1(cid:709)(cid:11444)(cid:12720)(cid:2437)(cid:19647)(cid:7530)(cid:7783)(cid:7516)(cid:712)X (cid:1130)(cid:7783)(cid:7516)(cid:3447)(cid:1644)(cid:712)S2(cid:1130)(cid:7783)(cid:7516)(cid:7145)(cid:5150)(cid:712)(cid:2121) (cid:708) (cid:709)
1 2 n
(cid:708)A(cid:709)nX ~ N(cid:708)0(cid:712)1(cid:709) (cid:708)B(cid:709)nS2 ~ (cid:70)2(n)
(n(cid:16)1)X (n(cid:16)1)X2
(cid:708)C(cid:709)
S
~t(n(cid:16)1) (cid:708)D(cid:709)
n
1 ~ F(1,n(cid:16)1)
",pdfplumber_visible_bbox
study-s2-probability-d5f582f9efde68b4-p0002-c03,study-s2-probability-d5f582f9efde68b4,PDF 第 2 页 · 片段 3,2,1621,2456,knowledge/study/sources/year1/pdf/study-s2-probability-d5f582f9efde68b4.pdf#page=2,"6)1)X (n(cid:16)1)X2
(cid:708)C(cid:709)
S
~t(n(cid:16)1) (cid:708)D(cid:709)
n
1 ~ F(1,n(cid:16)1)
(cid:166)X2
i
i(cid:32)2
6(cid:451)(cid:16878)(X1, X2,...Xn)(cid:1130)(cid:5739)(cid:1411)N(μ, (cid:305)2)(cid:708)μ(cid:5154)(cid:11797)(cid:709)(cid:11444)(cid:1072)(cid:1114)(cid:7783)(cid:7516)(cid:712)X(cid:1130)(cid:7783)(cid:7516)(cid:3447)(cid:1644)(cid:712)(cid:2121)(cid:3416)(cid:5739)(cid:1411)(cid:7145)(cid:5150)(cid:305)2(cid:11444)(cid:1083)(cid:2119)(cid:1376)(cid:16849)(cid:18431)
(cid:1117)(cid:712)(cid:1130)(cid:7184)(cid:1663)(cid:1376)(cid:16849)(cid:18431)(cid:11444)(cid:7263) (cid:708) (cid:709)
(cid:708)A(cid:709)(cid:86)2(cid:32)
1
(cid:166)
n
(X (cid:16)X)
2
;; (cid:708)B(cid:709)(cid:86)2(cid:32)
1
(cid:166)
n(cid:16)1
(X (cid:16)X)
2
;
1 n i 2 n(cid:16)1 i
i(cid:32)1 i(cid:32)1
1 n 2 1 n(cid:16)1 2
",pdfplumber_visible_bbox
study-s2-probability-d5f582f9efde68b4-p0002-c04,study-s2-probability-d5f582f9efde68b4,PDF 第 2 页 · 片段 4,2,2356,3184,knowledge/study/sources/year1/pdf/study-s2-probability-d5f582f9efde68b4.pdf#page=2,"d:166)
n(cid:16)1
(X (cid:16)X)
2
;
1 n i 2 n(cid:16)1 i
i(cid:32)1 i(cid:32)1
1 n 2 1 n(cid:16)1 2
(cid:708)C(cid:709)(cid:86)2(cid:32) (cid:166)(X (cid:16)(cid:80)) ; (cid:708)D(cid:709)(cid:86)2(cid:32) (cid:166)(X (cid:16)(cid:80))
1 n i 2 n(cid:16)1 i
i(cid:32)1 i(cid:32)1
(cid:5575) (cid:2102)
(cid:1081)(cid:451)(cid:16849)(cid:12743)(cid:20168)(cid:708)(cid:7516)(cid:20168)(cid:9489)(cid:2102)8(cid:2102)(cid:709)(cid:726)
(cid:16878)(cid:19647)(cid:7530)(cid:2568)(cid:18431)Y(cid:7485)(cid:1278)(cid:3447)(cid:2352)(cid:2102)(cid:5171)U(-5,5)(cid:712)(cid:8818)(cid:7145)(cid:12347)2(cid:1876)(cid:2870)(cid:3398)(cid:958)8(cid:1851)(cid:1876)+3(cid:1851)+4=0(cid:7481)(cid:4558)(cid:7785)(cid:11444)(cid:8114)(cid:10679)(cid:452)
(cid:14713) (cid:12399) (cid:2410)
(cid:12636) 2 (cid:20133) (cid:1953) 6 (cid:20133)",pdfplumber_visible_bbox
study-s2-probability-d5f582f9efde68b4-p0003-c01,study-s2-probability-d5f582f9efde68b4,PDF 第 3 页 · 片段 1,3,0,550,knowledge/study/sources/year1/pdf/study-s2-probability-d5f582f9efde68b4.pdf#page=3,"(cid:5575) (cid:2102)
(cid:3339)(cid:451)(cid:16403)(cid:12676)(cid:20168)(cid:708)10(cid:2102)(cid:709)(cid:726)
(cid:16878)Xi (i=1, 2, ..., 13)(cid:7263)(cid:11560)(cid:1218)(cid:10524)(cid:12539)(cid:1092)(cid:8114)(cid:10679)(cid:4598)(cid:5334)(cid:3447)(cid:1130)f(x) (X(cid:143)(-(cid:146), +(cid:146)))(cid:11444)(cid:19647)(cid:7530)(cid:2568)(cid:18431)(cid:712)(cid:8818)min{X11, X12, X13}>max{X1, X2, ..., X10}(cid:11444)
(cid:8114)(cid:10679)(cid:452)
(cid:14713) (cid:12399) (cid:2410)
(cid:12636) 3 (cid:20133) (cid:1953) 6 (cid:20133)",pdfplumber_visible_bbox
study-s2-probability-d5f582f9efde68b4-p0004-c01,study-s2-probability-d5f582f9efde68b4,PDF 第 4 页 · 片段 1,4,0,949,knowledge/study/sources/year1/pdf/study-s2-probability-d5f582f9efde68b4.pdf#page=4,"(cid:1220) (cid:451)(cid:16403)(cid:12676)(cid:20168)(cid:708)(cid:1953)8(cid:2102)(cid:709)(cid:726)
(cid:5575) (cid:2102)
(cid:16878)(cid:19647)(cid:7530)(cid:2568)(cid:18431)X(cid:712)Y(cid:11560)(cid:1218)(cid:10524)(cid:12539)(cid:712)(cid:1092)(cid:18221)(cid:7485)(cid:1278)(cid:8595)(cid:5681)(cid:2102)(cid:5171)N(0, 0.5)(cid:712)(cid:8818)D(|(cid:1850)(cid:3398)(cid:1851)|)(cid:452)
(cid:1949) (cid:451)(cid:16403)(cid:12676)(cid:20168)(cid:708)10(cid:2102)(cid:709)(cid:726)
(cid:5575) (cid:2102)
(cid:16878)(cid:5739)(cid:1411)X~N((cid:541), (cid:305)2)(cid:712)(cid:1278)(cid:8596)(cid:5739)(cid:1411)(cid:1117)(cid:2566)(cid:1072)(cid:1114)(cid:4585)(cid:18431)(cid:1130)n=16(cid:11444)(cid:7783)(cid:7516)(X,X,(cid:34),X )(cid:712)(cid:8818)(cid:8114)(cid:10679)
1 2 16
(1)P
(cid:173)
(cid:175) (cid:174)
(cid:86)
2
2
(cid:100) n
1
i (cid:166)
n
(cid:32)1 (X i (cid:16)(cid:80))2 (cid:100) 2(cid:86)2 (cid:191) (cid:190)
(cid:189)
;
",pdfplumber_visible_bbox
study-s2-probability-d5f582f9efde68b4-p0004-c02,study-s2-probability-d5f582f9efde68b4,PDF 第 4 页 · 片段 2,4,849,1186,knowledge/study/sources/year1/pdf/study-s2-probability-d5f582f9efde68b4.pdf#page=4," (cid:166)
n
(cid:32)1 (X i (cid:16)(cid:80))2 (cid:100) 2(cid:86)2 (cid:191) (cid:190)
(cid:189)
;
(cid:173)(cid:86)2 1 n (cid:189)
(2)P (cid:175) (cid:174) 2 (cid:100) n i (cid:166) (cid:32)1 (X i (cid:16)X)2 (cid:100) 2(cid:86)2 (cid:191) (cid:190)
(cid:14713) (cid:12399) (cid:2410)
(cid:12636) 4 (cid:20133) (cid:1953) 6 (cid:20133)",pdfplumber_visible_bbox
study-s2-probability-d5f582f9efde68b4-p0005-c01,study-s2-probability-d5f582f9efde68b4,PDF 第 5 页 · 片段 1,5,0,619,knowledge/study/sources/year1/pdf/study-s2-probability-d5f582f9efde68b4.pdf#page=5,"(cid:1075)(cid:451)(cid:16403)(cid:12676)(cid:20168)(cid:708)6(cid:2102)(cid:709)(cid:726)
(cid:5575) (cid:2102)
(cid:16878)(cid:5739)(cid:1411)X(cid:3416)[a, b](cid:1082)(cid:7485)(cid:1278)(cid:3447)(cid:2352)(cid:2102)(cid:5171)(cid:712)(cid:1958)(cid:1117)a, b(cid:7514)(cid:11797)(cid:712)X1, X2, ..., Xn(cid:7263)(cid:7573)(cid:14362)(cid:5739)(cid:1411)X(cid:11444)(cid:1072)(cid:1114)(cid:7783)(cid:7516)(cid:1644)(cid:712)(cid:8818)a(cid:712)b(cid:11444)(cid:7472)(cid:3927)
(cid:1388)(cid:10086)(cid:1376)(cid:16849)(cid:18431)(cid:452)
(cid:5575) (cid:2102)
(cid:12636) 5 (cid:20133) (cid:1953) 6 (cid:20133)",pdfplumber_visible_bbox
study-s2-probability-d5f582f9efde68b4-p0006-c01,study-s2-probability-d5f582f9efde68b4,PDF 第 6 页 · 片段 1,6,0,596,knowledge/study/sources/year1/pdf/study-s2-probability-d5f582f9efde68b4.pdf#page=6,"(cid:1947)(cid:451)(cid:16403)(cid:12676)(cid:20168)(cid:708)10(cid:2102)(cid:709)(cid:726) (cid:14713) (cid:12399) (cid:2410)
(cid:7680)(cid:3927)(cid:3582)(cid:5170)(cid:1130)(cid:1206)(cid:11934)(cid:4554)(cid:3582)(cid:5170)(cid:1963)(cid:10587)(cid:9885)(cid:21840)(cid:11444)(cid:7032)(cid:7628)(cid:712)(cid:17931)(cid:15996)(cid:16947)(cid:7701)(cid:5575)(cid:726)(cid:1963)(cid:10587)(cid:6247)(cid:726)n
1
(cid:32)119(cid:712)(cid:7481)(cid:13873)(cid:21840)(cid:9067)(cid:2264)(cid:11444)(cid:7481)15(cid:6247)(cid:727)(cid:7184)(cid:10587)(cid:6247)(cid:726)n
2
(cid:32) 418(cid:712)
",pdfplumber_visible_bbox
study-s2-probability-d5f582f9efde68b4-p0006-c02,study-s2-probability-d5f582f9efde68b4,PDF 第 6 页 · 片段 2,6,496,1179,knowledge/study/sources/year1/pdf/study-s2-probability-d5f582f9efde68b4.pdf#page=6,"44)(cid:7481)15(cid:6247)(cid:727)(cid:7184)(cid:10587)(cid:6247)(cid:726)n
2
(cid:32) 418(cid:712)
(cid:7481)(cid:13873)(cid:21840)(cid:9067)(cid:2264)(cid:11444)(cid:7481)58(cid:6247)(cid:712)(cid:19486)(cid:1963)(cid:10587)(cid:1086)(cid:1085)(cid:1963)(cid:10587)(cid:4649)(cid:3927)(cid:3582)(cid:5170)(cid:4582)(cid:5341)(cid:9885)(cid:21840)(cid:7481)(cid:7184)(cid:7278)(cid:14983)(cid:5150)(cid:5426)(cid:11)(cid:68)(cid:32) 0.05(cid:12)(cid:731)
(cid:708)Z 0.025=1.96(cid:709)(cid:727)P{(cid:548)2(16)>32=0.01}(cid:727)P{(cid:548)2(16)>8=0.90}(cid:727)(cid:94)(cid:548)2(15)>8=0.9}(cid:727)(cid:94)(cid:548)2(15)>32=0.005}
(cid:12636) 6 (cid:20133) (cid:1953) 6 (cid:20133)",pdfplumber_visible_bbox
study-s2-programming-69542effd80181aa-p0001-c01,study-s2-programming-69542effd80181aa,PDF 第 1 页 · 片段 1,1,0,800,knowledge/study/sources/year1/pdf/study-s2-programming-69542effd80181aa.pdf#page=1,"高级语言程序设计 C++ 期中考试试卷
考试时间:100 分钟满分:100 分
学号:__________姓名:__________成绩:__________
一、单项选择(本题共 20 分)
请将答案填写在答题纸的相应位置。每小题 2 分。
1. 下列关于指针变量的叙述,正确的是( )
A. 指针变量中存放的是数据本身
B. 指针变量中存放的是某个对象的地址
C. 所有指针变量都占 1 个字节
D. 未初始化的指针可以安全使用
2. 设 int a[5]={1,2,3,4,5}; int *p=a; 则表达式 *(p+2) 的值是( )
A. 1
B. 2
C. 3
D. 4
3. 使用 new 动态创建单个对象后,释放该对象应使用( )
A. delete p;
B. delete [] p;
C. free(p);
D. p = NULL;
4. 若单链表结点定义为 struct Node{ int data; Node *next; };,指针 p 指向某个结点,则访问该结点数据成员的正确
写法是( )
A. p.data
B. p->data
C. *p.data
D. data->p
5. 关于类的构造函数,下列说法正确的是( )
A. 构造函数必须有返回类型
B. 构造函数名与类名相同
C. 构造函数只能定义一个
D. 构造函数不能有参数
6. 下列关于 this 指针的说法,正确的是( )
A. this 指针只能在静态成员函数中使用
B. this 指针指向当前对象
C. this 指针可以改变为指向其他对象
D. 每个类只有一个 this 指针
7. 关于静态数据成员,下列说法正确的是( )
A. 每个对象各自保存一份静态数据成员
B. 静态数据成员属于类,通常需要在类外定义
C. 静态数据成员只能是 private
D. 静态数据成员不能被成员函数访问",pdfplumber_visible_bbox
study-s2-programming-69542effd80181aa-p0002-c01,study-s2-programming-69542effd80181aa,PDF 第 2 页 · 片段 1,2,0,897,knowledge/study/sources/year1/pdf/study-s2-programming-69542effd80181aa.pdf#page=2,"8. 重载运算符函数 operator+ 作为成员函数时,表达式 a+b 等价于( )
A. operator+(a,b)
B. a.operator+(b)
C. b.operator+(a)
D. operator+(b,a)
9. 在公有继承 class B: public A 中,基类 A 的 public 成员在 B 中成为( )成员。
A. public
B. protected
C. private
D. 不可访问
10. 若基类 A 和派生类 B 都定义了同名普通成员函数 f(),且有 A *p = new B;,调用 p->f() 时(未使用 virtual),
执行的是( )
A. A::f()
B. B::f()
C. 两个函数都执行
D. 编译错误
二、程序改错(本题共 16 分)
11. (8分)下面程序希望统计创建了多少本 Book 对象,并输出书名和对象个数。请找出其中 4 个错误,指出错误
所在行号,并给出修改意⻅。
[1] #include <iostream>
[2] using namespace std;
[3] class Book {
[4] char title[30];
[5] public:
[6] static int count;
[7] Book(char t[]) {
[8] title = t;
[9] count++;
[10] }
[11] void show() { cout << title << endl; }
[12] static int getCount() { return count; }
[13] }
[14] int main() {
[15] Book b1(""C++"");
[16] Book b2(""Data"");
[17] b1.show;
[18] cout << Book::count << endl;
[19] return 0;
[20] }
答:____________________________________________________________
",pdfplumber_visible_bbox
study-s2-programming-69542effd80181aa-p0002-c02,study-s2-programming-69542effd80181aa,PDF 第 2 页 · 片段 2,2,797,1425,knowledge/study/sources/year1/pdf/study-s2-programming-69542effd80181aa.pdf#page=2,"count << endl;
[19] return 0;
[20] }
答:____________________________________________________________
答:____________________________________________________________
答:____________________________________________________________
答:____________________________________________________________
12. (8分)下面程序希望用单链表保存若干整数,并输出所有结点。请找出其中 4 个错误,指出错误所在行号,
并给出修改意⻅。
[1] #include <iostream>
[2] using namespace std;
[3] class Node {
[4] int data;
[5] public:
[6] Node *next;
[7] Node(int d) { data = d; next = nullptr; }
[8] int getData() { return data; }
[9] };
[10] class List {
[11] Node *head;
[12] public:
[13] List() { head = nullptr; }",pdfplumber_visible_bbox
study-s2-programming-69542effd80181aa-p0003-c01,study-s2-programming-69542effd80181aa,PDF 第 3 页 · 片段 1,3,0,944,knowledge/study/sources/year1/pdf/study-s2-programming-69542effd80181aa.pdf#page=3,"[14] void pushFront(int x) {
[15] Node *p = new Node(x);
[16] p.next = head;
[17] head = p;
[18] }
[19] void print() {
[20] Node *p = head;
[21] while(p != nullptr) {
[22] cout << p->data << "" "";
[23] p = p->next;
[24] }
[25] cout << endl;
[26] }
[27] void clear() {
[28] Node *p = head;
[29] while(p != nullptr) {
[30] Node *q = p->next;
[31] delete [] p;
[32] p = q;
[33] }
[34] head = nullptr;
[35] }
[36] };
[37] int main() {
[38] List list();
[39] for(int i=1; i<=3; i++)
[40] list.pushFront(i*10);
[41] list.print();
[42] list.clear();
[43] return 0;
[44] }
答:____________________________________________________________
答:____________________________________________________________
答:____________________________________________________________
答:____________________________________________________________
三、程序写结果(本题共 24 分)
13. (6分)写出下列程序的运行结果。
#include <iostream>
using namespace std;
class Counter {
static int num;
int id;
public:
",pdfplumber_visible_bbox
study-s2-programming-69542effd80181aa-p0003-c02,study-s2-programming-69542effd80181aa,PDF 第 3 页 · 片段 2,3,844,1406,knowledge/study/sources/year1/pdf/study-s2-programming-69542effd80181aa.pdf#page=3,"下列程序的运行结果。
#include <iostream>
using namespace std;
class Counter {
static int num;
int id;
public:
Counter() { id = ++num; cout << ""C"" << id << "" ""; }
~Counter() { cout << ""D"" << id << "" ""; }
};
int Counter::num = 0;
int main() {
Counter a;
{ Counter b; }
Counter c;
return 0;
}
答:____________________________________________________________
14. (6分)写出下列程序的运行结果。
#include <iostream>
using namespace std;
class A {
public:
A() { cout << ""A ""; }
~A() { cout << ""~A ""; }
};
class B : public A {
public:
B() { cout << ""B ""; }
~B() { cout << ""~B ""; }
};
int main() {",pdfplumber_visible_bbox
study-s2-programming-69542effd80181aa-p0004-c01,study-s2-programming-69542effd80181aa,PDF 第 4 页 · 片段 1,4,0,944,knowledge/study/sources/year1/pdf/study-s2-programming-69542effd80181aa.pdf#page=4,"B obj;
return 0;
}
答:____________________________________________________________
15. (6分)写出下列程序的运行结果。
#include <iostream>
using namespace std;
class Point {
int x, y;
public:
Point(int a=0, int b=0) { x=a; y=b; }
Point operator+(Point p) { return Point(x+p.x, y+p.y); }
void print() { cout << ""("" << x << "","" << y << "")"" << endl; }
};
int main() {
Point p1(1,2), p2(3,4);
Point p3 = p1 + p2;
p3.print();
return 0;
}
答:____________________________________________________________
16. (6分)写出下列程序的运行结果。
#include <iostream>
using namespace std;
class Base {
public:
virtual void fun() { cout << ""Base"" << endl; }
};
class Derived : public Base {
public:
void fun() { cout << ""Derived"" << endl; }
};
int main() {
Base *p;
Derived d;
p = &d;
p->fun();
return 0;
}
答:____________________________________________________________
四、程序填空(本题共 20 分)
每空 2 分。请把答案填写在答题纸的相应编号处。
17. (10分)下面程序已经建立了一个不带头结点的单链表,请补全 traverse 函数,输出所有结点并求数据之和。
#include <iostream>
",pdfplumber_visible_bbox
study-s2-programming-69542effd80181aa-p0004-c02,study-s2-programming-69542effd80181aa,PDF 第 4 页 · 片段 2,4,844,1392,knowledge/study/sources/year1/pdf/study-s2-programming-69542effd80181aa.pdf#page=4,"分。请把答案填写在答题纸的相应编号处。
17. (10分)下面程序已经建立了一个不带头结点的单链表,请补全 traverse 函数,输出所有结点并求数据之和。
#include <iostream>
using namespace std;
struct Node {
int data;
Node *next;
};
void traverse(Node *head) {
Node *p = ______(1)______;
int sum = 0;
while(______(2)______) {
cout << p->data << "" "";
sum += ______(3)______;
p = ______(4)______;
}
cout << endl << ""sum="" << ______(5)______ << endl;
}
int main() {
Node n3 = {30, nullptr};
Node n2 = {20, &n3};
Node n1 = {10, &n2};
traverse(&n1);
return 0;
}
(1):____________________________________________________________",pdfplumber_visible_bbox
study-s2-programming-69542effd80181aa-p0005-c01,study-s2-programming-69542effd80181aa,PDF 第 5 页 · 片段 1,5,0,906,knowledge/study/sources/year1/pdf/study-s2-programming-69542effd80181aa.pdf#page=5,"(2):____________________________________________________________
(3):____________________________________________________________
(4):____________________________________________________________
(5):____________________________________________________________
18. (10分)下面程序定义了一个 Student 类和一个学生数组,统计成绩不低于 60 分的学生人数,并输出平均成
绩。请补全程序。
#include <iostream>
#include <iomanip>
using namespace std;
class Student {
private:
int id;
double score;
public:
Student(int i=0, double s=0) : ______(6)______ {}
double getScore() { return score; }
void setScore(double s) { ______(7)______; }
};
int main() {
Student a[5] = { Student(1,72), Student(2,58),
Student(3,90), Student(4,66),
Student(5,84) };
int pass = 0;
double sum = 0;
for(int i=0; i<5; i++) {
sum += ______(8)______;
if(a[i].getScore() >= 60)
______(9)______;
}
cout << pass << endl;
cout << fixed << setprecision(1) << ______(10)______ << endl;
return 0;
}
",pdfplumber_visible_bbox
study-s2-programming-69542effd80181aa-p0005-c02,study-s2-programming-69542effd80181aa,PDF 第 5 页 · 片段 2,5,806,1231,knowledge/study/sources/year1/pdf/study-s2-programming-69542effd80181aa.pdf#page=5,";
}
cout << pass << endl;
cout << fixed << setprecision(1) << ______(10)______ << endl;
return 0;
}
(6):____________________________________________________________
(7):____________________________________________________________
(8):____________________________________________________________
(9):____________________________________________________________
(10):____________________________________________________________",pdfplumber_visible_bbox
study-s2-programming-69542effd80181aa-p0006-c01,study-s2-programming-69542effd80181aa,PDF 第 6 页 · 片段 1,6,0,547,knowledge/study/sources/year1/pdf/study-s2-programming-69542effd80181aa.pdf#page=6,"五、程序设计(本题共 20 分)
19. (10分)设计一个基类 Person,包含姓名 name 和年龄 age 两个数据成员;再设计公有派生类 Student,增加学
号 id 和成绩 score 两个数据成员。要求:Person 类有构造函数和 show 函数;Student 类有构造函数,并在构造函数
中调用基类构造函数;Student 类重新定义 show 函数,输出姓名、年龄、学号和成绩;在 main 函数中创建 Student
对象并调用 show 函数。
20. (10分)某城市正在建设一个“校园模拟选举与数据公示平台”,平台每天要接收多个候选人的票数,并计算每
位候选人的得票率,便于学生理解公开投票统计流程。真实系统会涉及身份核验、异常票处理、网络传输和数据
库存储等复杂内容,但本题只要求完成相关的类与对象设计。请设计一个 Candidate 类,至少包含候选人姓名
name、编号 id 和票数 votes 等私有数据成员;提供构造函数、addVotes 函数、getVotes 函数和 show 函数。show 函
数接收总票数 total,输出候选人基本信息和得票率。在 main 函数中定义 3 个候选人对象,给每人增加若干票数,
计算总票数并输出统计结果。",pdfplumber_visible_bbox
study-s2-programming-cd29346f86e832fa-p0003-c01,study-s2-programming-cd29346f86e832fa,PDF 第 3 页 · 片段 1,3,0,68,knowledge/study/sources/year1/pdf/study-s2-programming-cd29346f86e832fa.pdf#page=3,"考试题型
单项选择(20分)

程序改错(16分)

读程序写结果(24分)

程序填空(20分)

程序设计(20分)

3",pdfplumber_visible_bbox
study-s2-programming-cd29346f86e832fa-p0004-c01,study-s2-programming-cd29346f86e832fa,PDF 第 4 页 · 片段 1,4,0,130,knowledge/study/sources/year1/pdf/study-s2-programming-cd29346f86e832fa.pdf#page=4,"范围
类和对象、静态成员与常量成员、运算符

重载
基类和派生类、虚拟继承、多态性与虚函

数、纯虚函数与抽象基类
函数模板、类模板、链表、栈、队列、

STL的基本概念和编程方法
输入输出流的基本概念、格式控制、文本

文件和二进制文件的输入输出
4",pdfplumber_visible_bbox
study-s2-programming-cd29346f86e832fa-p0006-c01,study-s2-programming-cd29346f86e832fa,PDF 第 6 页 · 片段 1,6,0,180,knowledge/study/sources/year1/pdf/study-s2-programming-cd29346f86e832fa.pdf#page=6,"类和对象复习要点
类的定义

类名为标识符,类由成员变量和成员函数组成,
注意类定义后面要加“;”,成员函数定义写在
类定义体之外时,要加类名限定::
类成员的访问

三种访问权限,默认为private,类内是指类定
义体和类的成员函数体。
非友元、非继承的情况下,类外无法访问类的
私有成员和保护成员
友元可以访问任意成员,派生类可访问基类保
护成员
6",pdfplumber_visible_bbox
study-s2-programming-cd29346f86e832fa-p0007-c01,study-s2-programming-cd29346f86e832fa,PDF 第 7 页 · 片段 1,7,0,189,knowledge/study/sources/year1/pdf/study-s2-programming-cd29346f86e832fa.pdf#page=7,"类和对象复习要点
类的构造函数与析构函数

掌握构造函数与析构函数的调用顺序
掌握构造函数的作用和写法,特别是采用初始
化符表的写法
拷⻉构造函数(参数,调用时机)
Cout
委托构造函数(初始化符表)
(n)]
类对象的初始化

说明类对象的同时对其进行初始化,根据对象
后面是否有参数表决定采用有参构造函数还是
无参构造函数,注意对象初始化语句与构造函
数的一致性。
7",pdfplumber_visible_bbox
study-s2-programming-cd29346f86e832fa-p0008-c01,study-s2-programming-cd29346f86e832fa,PDF 第 8 页 · 片段 1,8,0,82,knowledge/study/sources/year1/pdf/study-s2-programming-cd29346f86e832fa.pdf#page=8,"类和对象
类的静态成员

含义
说明及使用方式
类的友元

友元函数
在友元函数中,可通过类对象实现对类私有成员的
•
访问
类对象通常是友元函数的参数
•
8",pdfplumber_visible_bbox
study-s2-programming-cd29346f86e832fa-p0009-c01,study-s2-programming-cd29346f86e832fa,PDF 第 9 页 · 片段 1,9,0,196,knowledge/study/sources/year1/pdf/study-s2-programming-cd29346f86e832fa.pdf#page=9,"运算符重载复习要点
运算符重载函数的调用方式

a+b  a.operator+(b),或者a+b 
operator+(a,b)
友元方式编写类的运算符重载函数

在类定义中增加友元函数说明,该函数的参数
全部为运算的分量
成员函数方式编写类的运算符重载函数

将重载函数说明为类的成员函数,调用重载函
数的对象为第一运算分量,参数为其余运算分
量,注意运算分量的顺序问题
9",pdfplumber_visible_bbox
study-s2-programming-cd29346f86e832fa-p0010-c01,study-s2-programming-cd29346f86e832fa,PDF 第 10 页 · 片段 1,10,0,148,knowledge/study/sources/year1/pdf/study-s2-programming-cd29346f86e832fa.pdf#page=10,"运算符重载主要问题
为某个类定义运算符重载函数

按照指定的方式(友元方式或成员函数方式)
设计运算符重载函数
注意:函数名为“operator运算符”形式,参数
数量与重载方式有关,友元方式比成员函数方
式多一个参数。一般情况下,重载函数要有返
回值,其类型与重载运算符的运算含义有关。
10",pdfplumber_visible_bbox
study-s2-programming-cd29346f86e832fa-p0011-c01,study-s2-programming-cd29346f86e832fa,PDF 第 11 页 · 片段 1,11,0,177,knowledge/study/sources/year1/pdf/study-s2-programming-cd29346f86e832fa.pdf#page=11,"运算符重载主要问题
使用重载运算符

根据类中运算符重载函数的定义,使用重载运
算符构造运算表达式
注意:表达式中,运算分量的顺序与运算符重
载函数的参数顺序一致
赋值运算符重载的问题

一般情况下,自定义的类对象之间允许使用“=”
直接赋值,这是“浅拷⻉”。有些情况,需要深
拷⻉,特别是类成员有指针变量的时候,需要
自定义赋值运算符重载函数
11",pdfplumber_visible_bbox
study-s2-programming-cd29346f86e832fa-p0012-c01,study-s2-programming-cd29346f86e832fa,PDF 第 12 页 · 片段 1,12,0,115,knowledge/study/sources/year1/pdf/study-s2-programming-cd29346f86e832fa.pdf#page=12,"类的继承与多态性
派生类

说明方式
派生方式及含义
单继承、多重继承、多级继承

派生类的构造函数及对象初始化

构造函数的格式
派生类与基类构造函数的执行顺序
派生类与基类析构函数的执行顺序
派生类对象的初始化方法
12",pdfplumber_visible_bbox
study-s2-programming-cd29346f86e832fa-p0013-c01,study-s2-programming-cd29346f86e832fa,PDF 第 13 页 · 片段 1,13,0,161,knowledge/study/sources/year1/pdf/study-s2-programming-cd29346f86e832fa.pdf#page=13,"继承与多态复习要点
派生类的成员访问权限

根据不同的继承方式确定在派生类中的访问权
限。私有成员不能在派生类中访问
派生类对象的说明

说明派生类对象的同时进行初始化,初始化顺
序为:基类成员、对象成员、派生类成员;析
构的顺序与构造的顺序相反。
注意在派生类的构造函数中,要包括初始化基
类成员和对象成员的值
13",pdfplumber_visible_bbox
study-s2-programming-cd29346f86e832fa-p0014-c01,study-s2-programming-cd29346f86e832fa,PDF 第 14 页 · 片段 1,14,0,156,knowledge/study/sources/year1/pdf/study-s2-programming-cd29346f86e832fa.pdf#page=14,"继承与多态复习要点
基类指针指向派生类对象

可以将派生类对象的地址赋值给基类指针
抽象基类与纯虚函数的定义

纯虚函数的写法:virtual 返回值函数名(参
数表)= 0;
纯虚函数只能在派生类中进行实现,不能调用
纯虚函数。
包含纯虚函数的基类为抽象基类,不能说明抽
象基类的对象,包括对象数组。
14",pdfplumber_visible_bbox
study-s2-programming-cd29346f86e832fa-p0015-c01,study-s2-programming-cd29346f86e832fa,PDF 第 15 页 · 片段 1,15,0,108,knowledge/study/sources/year1/pdf/study-s2-programming-cd29346f86e832fa.pdf#page=15,"继承与多态主要问题
基类指针访问派生类对象,调用派生类的

虚函数成员,实现多态性
设置基类指针,初始化为派生类对象,然后用
基类指针调用派生类的虚函数成员
注意:用基类指针访问的派生类成员函数必须
为虚函数
15",pdfplumber_visible_bbox
study-s2-programming-cd29346f86e832fa-p0016-c01,study-s2-programming-cd29346f86e832fa,PDF 第 16 页 · 片段 1,16,0,115,knowledge/study/sources/year1/pdf/study-s2-programming-cd29346f86e832fa.pdf#page=16,"模板
函数模板的定义及调用方法

定义函数模板的格式
类型参数
调用时,以实参的类型作为类型参数的实例
类模板的定义及使用方法

类模板的定义方法
类模板的类型参数和普通参数
类模板的成员函数定义方法
类模板的实例化方法
16",pdfplumber_visible_bbox
study-s2-programming-cd29346f86e832fa-p0017-c01,study-s2-programming-cd29346f86e832fa,PDF 第 17 页 · 片段 1,17,0,124,knowledge/study/sources/year1/pdf/study-s2-programming-cd29346f86e832fa.pdf#page=17,"模板复习要点
函数模板的定义和调用

函数模板有类型参数和普通参数,在调用函数
模板时,首先对类型参数进行实例化,实例化
依据为类型参数对应实参的类型,实例化后的
函数模板是一个具体的函数。
模板函数调用时,不进行实参到形参类型的自
动转换
17",pdfplumber_visible_bbox
study-s2-programming-cd29346f86e832fa-p0018-c01,study-s2-programming-cd29346f86e832fa,PDF 第 18 页 · 片段 1,18,0,134,knowledge/study/sources/year1/pdf/study-s2-programming-cd29346f86e832fa.pdf#page=18,"模板复习要点
类模板的实例化

类模板只有经过实例化才能成为一个具体类,
因此,使用类模板首先要进行实例化,方法为:
类模板名<类型实参,普通实参>,其中普通实
参为常量。实例化后的类模板成为具体类,说
明对象时,以“类模板名<类型实参,普通实参>”
作为类名
18",pdfplumber_visible_bbox
study-s2-programming-cd29346f86e832fa-p0019-c01,study-s2-programming-cd29346f86e832fa,PDF 第 19 页 · 片段 1,19,0,136,knowledge/study/sources/year1/pdf/study-s2-programming-cd29346f86e832fa.pdf#page=19,"模板复习要点
链表类模板

• 链表节点类模板
template <typename T>
class Node
{
public:
T num;
Node<T>* next;
Node(T n)
{ num=n;
next=NULL;
}
~Node();
};
19",pdfplumber_visible_bbox
study-s2-programming-cd29346f86e832fa-p0020-c01,study-s2-programming-cd29346f86e832fa,PDF 第 20 页 · 片段 1,20,0,236,knowledge/study/sources/year1/pdf/study-s2-programming-cd29346f86e832fa.pdf#page=20,"模板复习要点
链表类模板

• 链表类模板
template <typename T>
class List
{
private:
Node<T>* head;
Node<T>* tail;
int nodeCount;//链表节点的数量
public:
List();
void Insert(T n);//插入节点
void Remove(T n);//删除节点
void Find(T n);//查找节点
void Print();//打印链表的数据项
};
20",pdfplumber_visible_bbox
study-s2-programming-cd29346f86e832fa-p0021-c01,study-s2-programming-cd29346f86e832fa,PDF 第 21 页 · 片段 1,21,0,153,knowledge/study/sources/year1/pdf/study-s2-programming-cd29346f86e832fa.pdf#page=21,"模板复习要点
链表的操作
• 链表节点的插入的成员函数
template <class T>
void List<T>::Insert(T n)
{
Node<T>* tmp=new Node<T>(n);
if(head==NULL)
{
head=tail=tmp;
nodeCount++;
}
21",pdfplumber_visible_bbox
study-s2-programming-cd29346f86e832fa-p0022-c01,study-s2-programming-cd29346f86e832fa,PDF 第 22 页 · 片段 1,22,0,188,knowledge/study/sources/year1/pdf/study-s2-programming-cd29346f86e832fa.pdf#page=22,"模板复习要点
else
{
if(n<head->num) //当前数据小于链表头结点保存的数据
{
tmp->next=head;
head=tmp;
nodeCount++;
return;
}
if(n>tail->num) //当前数据大于链表尾结点保存的数据
{
tail->next=tmp;
tail=tmp;
nodeCount++;
return;
}
22",pdfplumber_visible_bbox
study-s2-programming-cd29346f86e832fa-p0023-c01,study-s2-programming-cd29346f86e832fa,PDF 第 23 页 · 片段 1,23,0,181,knowledge/study/sources/year1/pdf/study-s2-programming-cd29346f86e832fa.pdf#page=23,"模板复习要点
Node<T>* curr=head;
while(curr->next!=NULL)
{
if((curr->num<=n)&&(curr->next->num>n))
{
tmp->next=curr->next;
curr->next=tmp;
nodeCount++;
return;
}
curr=curr->next;
}
}
}
23",pdfplumber_visible_bbox
study-s2-programming-cd29346f86e832fa-p0024-c01,study-s2-programming-cd29346f86e832fa,PDF 第 24 页 · 片段 1,24,0,198,knowledge/study/sources/year1/pdf/study-s2-programming-cd29346f86e832fa.pdf#page=24,"容器
容器(container)就是通用的数据结构
• 数组(array)
• 向量(vector) • 集合(set/ multiset)
• 链表(list,双向链表) • 映射(map/multimap)
• 单向链表(forward_list) • 无序集合(unordered_set)
• 双端队列(deque) • 无序映射(unordered_map)
容器用来装载数据对象
24",pdfplumber_visible_bbox
study-s2-programming-cd29346f86e832fa-p0025-c01,study-s2-programming-cd29346f86e832fa,PDF 第 25 页 · 片段 1,25,0,585,knowledge/study/sources/year1/pdf/study-s2-programming-cd29346f86e832fa.pdf#page=25,"容器类名
array
数组
vector
向量
list
链表
特性
在内存中占有一块连续的空间 , 存
储一个元素序列 , 但是 , 必须指定
元素的数量
在内存中占有一块连续的空间 , 存
储一个元素序列 。 可以看作一个可
自动扩充的动态数组 , 而且提供越
界检查 。 可用 [ ] 运算符直接存取数据 。
双向链表 , 每个节点包含一个元素 。
列表中的每个元素均有指针指向前
一个元素和下一个元素 。
forward list
单向链表 , 每个节点包含一个元素 。
单向链表
在内存中不占有一块连续的空间
( 分段连续空间 ) , 介于向量和链
Deque
表之间 , 更接近向量 , 适用于由两
双端队列
端存取数据 。 可用 ll 运算符直接存取
数据 。
何时使用
需要快速查找 , 不在
意插入 / 删除的速度快
慢 。
需要快速查找 , 不在
意插入 / 删除的速度快
慢 。 能使用数组的地
方都能使用向量 。
需要快速的插入 / 删除 ,
不在意查找的速度慢 ,
就可以使用链表 。
同上
可以提供快速的元素
存取 。 在序列中插入 /
删除的速度较慢 。
般不需要使用双端队
列 , 可以转而使用
vector 或 list 。
头文件
<a rray>
<vector>
< list >
<forward list>
< deque >",windows_ocr
study-s2-programming-cd29346f86e832fa-p0026-c01,study-s2-programming-cd29346f86e832fa,PDF 第 26 页 · 片段 1,26,0,78,knowledge/study/sources/year1/pdf/study-s2-programming-cd29346f86e832fa.pdf#page=26,"输入输出流
流的概念

主要的流类

ios
istream
ostream
iostream
ifstream
ofstream
fstream
26",pdfplumber_visible_bbox
study-s2-programming-cd29346f86e832fa-p0027-c01,study-s2-programming-cd29346f86e832fa,PDF 第 27 页 · 片段 1,27,0,59,knowledge/study/sources/year1/pdf/study-s2-programming-cd29346f86e832fa.pdf#page=27,"输入输出流
主要流类对象

cin
cout
cerr
clog
提取运算符和插入运算符

有些情况下需重载
27",pdfplumber_visible_bbox
study-s2-programming-cd29346f86e832fa-p0028-c01,study-s2-programming-cd29346f86e832fa,PDF 第 28 页 · 片段 1,28,0,106,knowledge/study/sources/year1/pdf/study-s2-programming-cd29346f86e832fa.pdf#page=28,"输入输出流
格式控制

格式控制符
直接在<<或>>表达式中使用
•
cout<<setw(5)<<a;
–
格式控制函数
需要流类对象进行调用
•
cout.width(5);
–
cout<<a;
–
28",pdfplumber_visible_bbox
study-s2-programming-cd29346f86e832fa-p0030-c01,study-s2-programming-cd29346f86e832fa,PDF 第 30 页 · 片段 1,30,0,114,knowledge/study/sources/year1/pdf/study-s2-programming-cd29346f86e832fa.pdf#page=30,"输入输出流复习要点
格式控制函数

ios::width(int),ios::precision(int),
ios::fill(char)的使用方法:
cout.width(5); cout<<”abc”<<endl;
30",pdfplumber_visible_bbox
study-s2-programming-cd29346f86e832fa-p0031-c01,study-s2-programming-cd29346f86e832fa,PDF 第 31 页 · 片段 1,31,0,98,knowledge/study/sources/year1/pdf/study-s2-programming-cd29346f86e832fa.pdf#page=31,"输入输出流复习要点
格式控制符

setw (int),setprecision(int),setfill(char)
的使用方法:
cout<<setw(5)<<”abc”<<endl;
31",pdfplumber_visible_bbox
study-s2-programming-cd29346f86e832fa-p0032-c01,study-s2-programming-cd29346f86e832fa,PDF 第 32 页 · 片段 1,32,0,160,knowledge/study/sources/year1/pdf/study-s2-programming-cd29346f86e832fa.pdf#page=32,"输入输出流复习要点
插入提取运算符的重载函数

掌握返回值类型、参数类型,具体实现根据输
入输出不同的类对象灵活设计

istream& operator>>(istream& in,
complex& com);

ostream& operator<<(ostream& out,
complex com);
32",pdfplumber_visible_bbox
study-s2-programming-cd29346f86e832fa-p0033-c01,study-s2-programming-cd29346f86e832fa,PDF 第 33 页 · 片段 1,33,0,70,knowledge/study/sources/year1/pdf/study-s2-programming-cd29346f86e832fa.pdf#page=33,"文件读写
文本文件与二进制文件的区别

ASCII方式
二进制数方式
文件的读写过程

打开文件
打开方式
•
读写文件
关闭文件
33",pdfplumber_visible_bbox
study-s2-programming-cd29346f86e832fa-p0034-c01,study-s2-programming-cd29346f86e832fa,PDF 第 34 页 · 片段 1,34,0,119,knowledge/study/sources/year1/pdf/study-s2-programming-cd29346f86e832fa.pdf#page=34,"文件读写
文本文件的读写

插入运算符和提取运算符
get函数和put函数
getline函数
二进制文件的读写

read函数和write函数
文件的随机访问

seekp函数与seekg函数
tellp函数与tellg函数
34",pdfplumber_visible_bbox
study-s2-programming-cd29346f86e832fa-p0035-c01,study-s2-programming-cd29346f86e832fa,PDF 第 35 页 · 片段 1,35,0,95,knowledge/study/sources/year1/pdf/study-s2-programming-cd29346f86e832fa.pdf#page=35,"文件读写复习要点
get函数与put函数

按字符读写文本文件
read函数与write函数

按字节读写二进制文件
getline函数

按行读取文本文件,以’\n’为行结束符
35",pdfplumber_visible_bbox
study-s2-programming-cd29346f86e832fa-p0036-c01,study-s2-programming-cd29346f86e832fa,PDF 第 36 页 · 片段 1,36,0,91,knowledge/study/sources/year1/pdf/study-s2-programming-cd29346f86e832fa.pdf#page=36,"文件读写复习要点
tellg与tellp函数

获取二进制文件读/写指针的位置,以字节为
单位
seekg与seekp函数

设置二进制文件读/写指针的位置,以字节为
单位
36",pdfplumber_visible_bbox
study-s2-programming-cd29346f86e832fa-p0037-c01,study-s2-programming-cd29346f86e832fa,PDF 第 37 页 · 片段 1,37,0,110,knowledge/study/sources/year1/pdf/study-s2-programming-cd29346f86e832fa.pdf#page=37,"文件读写主要问题
读写文本文件

从文件中读字符
//
fin.get(ch);
while(!fin.eof()){
//使用ch
fin.get(ch);
}
向文件中写字符
//
fout.put(ch);
37",pdfplumber_visible_bbox
study-s2-programming-cd29346f86e832fa-p0038-c01,study-s2-programming-cd29346f86e832fa,PDF 第 38 页 · 片段 1,38,0,295,knowledge/study/sources/year1/pdf/study-s2-programming-cd29346f86e832fa.pdf#page=38,"文件读写主要问题
读写二进制文件

fout.write((char*)(&ss), sizeof(ss));
fin.read((char*)(&ss), sizeof(ss) );
按行读取文本文件

char line[81];
ifstream infile(“getline_1.cpp”);
//打开文件用于读
infile.getline(line, 80);
while(!infile.eof()) {
//尚未读到文件结束则继续循环(处理)
cout<<line<<endl; //显示在屏幕上
infile.getline(line,80);//再读一行
}
38",pdfplumber_visible_bbox
study-s2-programming-cd29346f86e832fa-p0039-c01,study-s2-programming-cd29346f86e832fa,PDF 第 39 页 · 片段 1,39,0,125,knowledge/study/sources/year1/pdf/study-s2-programming-cd29346f86e832fa.pdf#page=39,"例题
1.4 关于类和对象的描述,下列说法正确的

是( )
类的友元函数可以访问该类的私有数据成员
A.
不同对象的数据成员共享相同的内存空间
B.
类的公有函数成员不能访问类的私有数据成员
C.
可以在定义类时为该类的数据成员赋初值
D.
39",pdfplumber_visible_bbox
study-s2-programming-cd29346f86e832fa-p0040-c01,study-s2-programming-cd29346f86e832fa,PDF 第 40 页 · 片段 1,40,0,252,knowledge/study/sources/year1/pdf/study-s2-programming-cd29346f86e832fa.pdf#page=40,"例题
1.5 如果某个类TestClass的定义中只有下列原型的
构造函数:TestClass:: TestClass(int,int);
则下列表达式中,能够正确初始化TestClass类对象的是
( )
A.TestClass Obj1; Obj1.TestClass(1, 2);
B.TestClass Obj2[10](1, 2);
C.TestClass *Obj3 = new TestClass(1, 2);
D.TestClass Obj4 = TestClass(1, 2);
40",pdfplumber_visible_bbox
study-s2-programming-cd29346f86e832fa-p0041-c01,study-s2-programming-cd29346f86e832fa,PDF 第 41 页 · 片段 1,41,0,68,knowledge/study/sources/year1/pdf/study-s2-programming-cd29346f86e832fa.pdf#page=41,"例题
1.6 下列函数中,不能重载的是( )

类的成员函数
A.
类的非成员函数
B.
类的构造函数
C.
类的析构函数
D.
41",pdfplumber_visible_bbox
study-s2-programming-cd29346f86e832fa-p0042-c01,study-s2-programming-cd29346f86e832fa,PDF 第 42 页 · 片段 1,42,0,141,knowledge/study/sources/year1/pdf/study-s2-programming-cd29346f86e832fa.pdf#page=42,"例题
1.7 下列关于继承与多态性的描述中,

哪个是正确的( )
私有继承是将基类的成员继承为派生类的
A.
私有成员
虚基类是只用来进行派生的类
B.
基类中的友元函数不能被派生类继承,友
C.
元类可以被继承
函数重载时,除了名称重用之外,参数表
D.
不允许同时重用
42",pdfplumber_visible_bbox
study-s2-programming-cd29346f86e832fa-p0043-c01,study-s2-programming-cd29346f86e832fa,PDF 第 43 页 · 片段 1,43,0,135,knowledge/study/sources/year1/pdf/study-s2-programming-cd29346f86e832fa.pdf#page=43,"例题
1.9 关于函数模板和类模板,下列描述

正确的是( )
函数模板和类模板的类型参数只能是基本
A.
数据类型
类模板的静态成员在定义类模板时创建
B.
可以直接创建类模板的对象并用构造函数
C.
进行初始化
函数模板可以重载而且不允许参数类型转
D.
换
43",pdfplumber_visible_bbox
study-s2-programming-cd29346f86e832fa-p0044-c01,study-s2-programming-cd29346f86e832fa,PDF 第 44 页 · 片段 1,44,0,307,knowledge/study/sources/year1/pdf/study-s2-programming-cd29346f86e832fa.pdf#page=44,"例题
时间类(Time)定义的框架为:
class Time{
int hour;
int minute;
int second;
public:
......
}
请设计如下函数并给出完整的函数定义:
(1)以友元的方式重载“>”运算符,实现时间类对象的比较。例如,
time1为12:10:20,time2为13:15:25,则time2>time1
(2)以成员函数的方式重载“-”运算符,实现时间类对象的减法。例
如:time1为12:10:20,time2为13:15:25,time2-time1值为1:5:5。
(3)显示时间的Time类成员函数,显示方式为hour:minute:second
44",pdfplumber_visible_bbox
study-s2-programming-cd29346f86e832fa-p0045-c01,study-s2-programming-cd29346f86e832fa,PDF 第 45 页 · 片段 1,45,0,200,knowledge/study/sources/year1/pdf/study-s2-programming-cd29346f86e832fa.pdf#page=45,"例题
2010年国际足联世界杯足球赛正在南非进行,请编写程序,
读取文本文件MatchResult.txt中各场比赛的比分,计算球
队的积分并进行排名。

文件MatchResult.txt

类Team的定义如下:
保存的内容为:
class Team{
public:
char name[20]; //队名
int points; //积分
Team(){ points=0;}
};
45",pdfplumber_visible_bbox
study-s2-programming-cd29346f86e832fa-p0046-c01,study-s2-programming-cd29346f86e832fa,PDF 第 46 页 · 片段 1,46,0,219,knowledge/study/sources/year1/pdf/study-s2-programming-cd29346f86e832fa.pdf#page=46,"例题
请设计如下函数并给出函数的完整定义:
(1)函数OutPut_File,功能为将Team类对象数组中保存
的球队队名和积分以二进制的方式依次写入文件
Standing.bin。该函数原型为:
void OutPut_File(Team[]);
(2)主函数main,主要功能如下:
从MatchResult.txt中读取比赛信息,解析比赛信息得到队
名和比分
根据比分计算球队的积分,胜一场得3分,平一场得1分,负
一场得0分
46",pdfplumber_visible_bbox
study-s2-programming-ecb1b840316f954b-p0001-c01,study-s2-programming-ecb1b840316f954b,PDF 第 1 页 · 片段 1,1,0,679,knowledge/study/sources/year1/pdf/study-s2-programming-ecb1b840316f954b.pdf#page=1,"南开大学计算机大类本科生 2021—2022 学年第 2 学期
《高级语言程序设计 2-2》课程期末考试试卷(A 卷)
学院:__________专业:_________学号:________姓名:__________ 成绩:
得分
一 、单项选择(本题共 20 分,每小题 2 分)
请将答案填涂在答题纸的相应位置
1. 假设myClass是一个类,则执行”myClass a(2),b[2],*p[2];”语句时,
调用的myClass的构造函数的次数为( )
A. 3 B. 4 C. 5 D. 6
2. 关于类的成员函数,(cid:6655)述不正确的是( )
A. 静态成员函数不但可以访问类的所有public 数据成员,也可以访问类的所有
private数据成员
B. 成员函数可以重载
C. 类的成员函数既可以是内联函数,也可以不是
D. 类的友元函数虽然可以访问类的私有数据成员,但友元函数并不是类的成员函数
3. 如果++和*都是友元方式重载的运算符,则表达式++i*k可以表示为( )
A. operator*(i.operator++(),k)
B. operator*(operator++(i),k)
C. i.operator++().operator*(k)
D. k.operator*(operator++(i))
4. 对于只在表的首、尾两端进行插入操作的线性表,宜采用的存储结构为( )
A. 顺序表(用数组存储的线性表)
B. 用头指针表示的单循环链表
C. 用尾指针表示的单循环链表
D. 单链表
第-1-页共14页",pdfplumber_visible_bbox
study-s2-programming-ecb1b840316f954b-p0002-c01,study-s2-programming-ecb1b840316f954b,PDF 第 2 页 · 片段 1,2,0,766,knowledge/study/sources/year1/pdf/study-s2-programming-ecb1b840316f954b.pdf#page=2,"5. 下列关于类的继承与派生的(cid:6655)述中,正确的是( )
A. 公有继承中,对于基类中的所有成员,派生类的成员函数都可以直接访问
B. 派生类对象的地址可以赋值给指向基类的指针
C. 基类的友元同样是派生类的友元
D. 派生类隐式继承基类的构造函数和析构函数
6. 类B是类A的公有派生类,类A和类B中都定义了虚函数func( ),p是一个指
向类A对象的指针,则p->func( )将( )
A. 调用类A中的函数func();
B. 调用类B中的函数func()
C. 根据p所指的对象类型而确定调用类A或类B中的函数func()
D. 既调用类A中函数,也调用类B中函数
7. 有如下函数模板定义:
template<class T>
T func(T x,T y)
{ return x*x+y*y; }
在下列对func的调用中,错误的是( )。
A. func(3, 5.5);
B. func(3.0, 5.5);
C. func(3, 5);
D. func<int>(3, 5.5)
8. 类模板的模板参数可用做( )
A. 数据成员的类型
B. 成员函数的类型
C. 成员函数的参数类型
D. 以上都可以
9. 下列关于关于虚函数的(cid:6655)述中,正确的是( )
A. 虚函数是一个静态成员函数
B. 虚函数是一个非成员函数
C. 虚函数是静态联编的一种实现方式
D. 派生类的虚函数与基类中对应的虚函数具有相同的参数个数和类型
10. 当使用ifstream 流类定义一个流对象并打开一个磁盘文件时,文件的默认打开
方式为( )
A. ios::in
B. ios::in |ios::binary
C. ios::out
D. ios::in | ios::app
第-2-页共14页",pdfplumber_visible_bbox
study-s2-programming-ecb1b840316f954b-p0003-c01,study-s2-programming-ecb1b840316f954b,PDF 第 3 页 · 片段 1,3,0,607,knowledge/study/sources/year1/pdf/study-s2-programming-ecb1b840316f954b.pdf#page=3,"得分
二 、程序改错(本题共 16 分)
11. (8分)请找出程序中的4个语法错误,在答题纸上指出错误所在行,说明错误原
因或进行改正。
[1] class Node{
[2] public:
[3] int data;
[4] Node *next;
[5] Node(int i) {
[6] data = i;
[7] next = nullptr;
[8] }
[9] }
[10] class List {
[11] private:
[12] Node *head;
[13] static int nodeNum;
[14] public:
[15] List()
[16] {
[17] head = new Node();
[18] }
[19] void Insert(int k, int data);
[20] };
[21] List::nodeNum = 0;
[22] void Insert(int k, int data) {
[23] Node *newNode = new Node(data);
[24] Node *p = head;
[25] for(int i = 1; i < k+1; i ++)
[26] p = p->next;
[27] newNode->next = p;
[28] p->next = newNode;
[29] }
第-3-页共14页",pdfplumber_visible_bbox
study-s2-programming-ecb1b840316f954b-p0004-c01,study-s2-programming-ecb1b840316f954b,PDF 第 4 页 · 片段 1,4,0,674,knowledge/study/sources/year1/pdf/study-s2-programming-ecb1b840316f954b.pdf#page=4,"12. (8分)请找出程序中的4个语法错误,在答题纸上指出错误所在行,说明错误原
因或进行改正。
[1] #include <iostream>
[2] using namespace std;
[3] class A {
[4] protected:
[5] int x;
[6] public:
[7] A(int a) :x(a){}
[8] void f() { cout << ""A"" << endl; }
[9] };
[10] class B :public A {
[11] using A::A(int a);
[12] public:
[13] int y;
[14] B(int a, int b) :A() { y = b; }
[15] void f(int a) { cout << ""B"" << endl; }
[16] void showall() {
[17] cout << ""x: "" << x << endl;
[18] cout << ""y "" << y << endl;
[19] }
[20] int getx() {
[21] return x;
[22] }
[23] };
[24] int main() {
[25] B b1(10,20);
[26] cout << ""x: "" << b1.x << endl;
[27] A* a = &b1;
[28] a->f(10);
[29] A* a2 = new B(30,40);
[30] a2->f();
[31] }
第-4-页共14页",pdfplumber_visible_bbox
study-s2-programming-ecb1b840316f954b-p0005-c01,study-s2-programming-ecb1b840316f954b,PDF 第 5 页 · 片段 1,5,0,706,knowledge/study/sources/year1/pdf/study-s2-programming-ecb1b840316f954b.pdf#page=5,"得分
三 、读程序写结果(本题共 24 分)
13. (6分)请在答题纸上写出以下程序在Visual C++.Net环境下的运行结果。
#include<iostream>
using namespace std;
class Student
{
char *name;
int age;
float score;
static int num;
static float total;
public:
Student(char *,int,float);
void say() ;
static float getAverage();
};
int Student::num=0;
float Student::total=0;
Student::Student(char *name,int age,float score)
{
this->name=name;
this->age=age;
this->score=score;
num++;
total+=score;
}
void Student::say()
{cout<<name<<""的年龄是""<<age<<"",成绩是""<<score<<""(当前共""<<num<<""
名学生) ""<<endl;}
float Student::getAverage()
{ return total/num; }
int main()
{
(new Student(""小明"",15,90))->say();
(new Student(""李磊"",16,80))->say();
(new Student(""张华"",16,90))->say();
第-5-页共14页",pdfplumber_visible_bbox
study-s2-programming-ecb1b840316f954b-p0006-c01,study-s2-programming-ecb1b840316f954b,PDF 第 6 页 · 片段 1,6,0,582,knowledge/study/sources/year1/pdf/study-s2-programming-ecb1b840316f954b.pdf#page=6,"(new Student(""王康"",14,60))->say();
cout<<""平均成绩为""<<Student::getAverage()<<endl;
return 0;
}
14. (6分)请在答题纸上写出以下程序在Visual C++.Net环境下的运行结果。
#include<iostream>
#include<cstring>
#include<stack>
using namespace std;
stack<int> s;
int main()
{
int n=10;
while(n)
{
s.push(n%2);
n /= 2;
}
while(s.size())
{
cout<<s.top();
s.pop();
}
return 0;
}
15. (6分)请在答题纸上写出以下程序在Visual C++.Net环境下的运行结果。
#include<iostream>
using namespace std;
class BaseClass
{
public:
BaseClass() {
cout << ""Construction of Base Class"" << endl;
}
void Fun1() {
cout << ""Fun1() in BaseClass is called!"" << endl;
第-6-页共14页",pdfplumber_visible_bbox
study-s2-programming-ecb1b840316f954b-p0007-c01,study-s2-programming-ecb1b840316f954b,PDF 第 7 页 · 片段 1,7,0,878,knowledge/study/sources/year1/pdf/study-s2-programming-ecb1b840316f954b.pdf#page=7,"↑
}
virtual void Fun2() {
cout << ""Fun2() in BaseClass is called!"" << endl;
}
};
class DerivedClass : public BaseClass
{
public:
DerivedClass() { cout << ""Construction of Derived Class"" <<
endl; }
void Fun1() { cout << ""Fun1() in DerivedClass is called!"" <<
endl; }
void Fun2() { cout << ""Fun2() in DerivedClass is called!"" <<
endl; }
};
int main()
{
DerivedClass d;
BaseClass* pb = &d;
pb->Fun1();
pb->Fun2();
return 0;
}
16. (6分)请在答题纸上写出以下程序在Visual C++.Net环境下的运行结果。
#include<iostream>
#include<string>
using namespace std;
class Animal
{
public:
string name;
Animal(string n) :name(n) {
age = 10; cout << ""Animal(string n) called"" << endl;
}
Animal(string n, int a) :name(n), age(a) {
cout << ""Animal(string n,int a) called"" << endl;
}
Animal() {
name = ""anonymity"";age = 0; cout << ""Animal() called"" <<
endl;
}
~Animal() { cout << ""Animal is destructing"" << endl; }
第-7-页共14页",pdfplumber_visible_bbox
study-s2-programming-ecb1b840316f954b-p0008-c01,study-s2-programming-ecb1b840316f954b,PDF 第 8 页 · 片段 1,8,0,660,knowledge/study/sources/year1/pdf/study-s2-programming-ecb1b840316f954b.pdf#page=8,"void print() {
cout << ""name: "" << name << endl;
cout << ""age: "" << age << endl;
}
protected:
int age;
};
class Cat :public Animal
{
public:
Animal animal;
Cat(string name,string _hair) :Animal(name),hair(_hair)
{
cout << ""Cat(string name,string _hair) called"" << endl;
}
Cat(string name):animal(name)
{
cout << ""Cat(string name) called"" << endl;
}
Cat(){ hair = ""short"";cout << ""Cat() called"" << endl; }
~Cat() { cout << ""Cat is destructing"" << endl; }
void print()
{
cout << ""hair: "" << hair << endl;
}
protected:
string hair;
};
int main()
{
Cat p1(""cat"",""short"");
p1.print();
Animal* p2 = new Animal(""dog"", 10);
p2 = &p1;
p2->print();
return 0;
}
第-8-页共14页",pdfplumber_visible_bbox
study-s2-programming-ecb1b840316f954b-p0009-c01,study-s2-programming-ecb1b840316f954b,PDF 第 9 页 · 片段 1,9,0,610,knowledge/study/sources/year1/pdf/study-s2-programming-ecb1b840316f954b.pdf#page=9,"得分
四 、程序填空(本题共 20 分,每空 2 分)
17.将一条链表上相邻的两个结点合并成一个结点,即将第1个结点与第2个结点合
并,将第3个结点与第4个结点合并,......,如果链表上结点个数为奇数,则最后
一个结点不合并,直接作为合并后链表上的最后一个结点。合并2个结点的含义
是:将两个结点的数据成员data值相加。链表结点的数据结构为:
struct node{
int data;
struct node* next;
};
以下函数的参数h指向待合并链表的首结点,请完善该函数,并填写在答题纸的
相应编号处。
void merge(node *h)
{
node *p1, *p2;
if(h == NULL)
return;
p1 = h;
p2 = _____(1)_______;
while(p2)
{
p1->data += p2->data;
p1->next = p2->next;
_____(2)_______;
p1=p1->next;
if(p1 && p1->next)
p2 = p1->next;
else
p2 = ______(3)_______;
}
}
18.以下程序定义了一个分数类Rational,分子为nume,分母为deno。在类中重
载了分数的+和-运算。请完善该程序,并填写在答题纸的相应编号处。
#include<iostream>
第-9-页共14页",pdfplumber_visible_bbox
study-s2-programming-ecb1b840316f954b-p0010-c01,study-s2-programming-ecb1b840316f954b,PDF 第 10 页 · 片段 1,10,0,713,knowledge/study/sources/year1/pdf/study-s2-programming-ecb1b840316f954b.pdf#page=10,"class Rational
{
int nume,deno;
public:
Rational(int x=0,int y=1){nume=x;deno=y;}
void print();
_________(1)_________
_________(2)_________
};
Rational Rational::operator+(Rational a)
{
Rational r;
r.deno=a.deno*deno;
r.nume=a.nume*deno+a.deno*nume;
return r;
}
Rational operator-(Rational a,Rational b)
{
Rational r;
r.deno=a.deno*b.deno;
r.nume=a.nume*b.deno-a.deno*b.nume;
return r;
}
19. 以下程序定义了一个名为circle的类,用于表示一个圆形,该类的属性r表示
圆的半径,area函数用于计算圆的面积。cylinder类为circle类派生出的
圆柱体类,用于表示一个圆柱体,其中属性h表示圆柱体的高,基类circle表
示底圆,area函数用于计算圆柱体的面积。请完善该程序,并填写在答题纸的相
应编号处。
#include<iostream>
using namespace std;
const double Pi = 3.14;
class circle {
public:
circle(double R);
double area()
{
return Pi*r*r;
}
protected:
第-10-页共14页",pdfplumber_visible_bbox
study-s2-programming-ecb1b840316f954b-p0011-c01,study-s2-programming-ecb1b840316f954b,PDF 第 11 页 · 片段 1,11,0,518,knowledge/study/sources/year1/pdf/study-s2-programming-ecb1b840316f954b.pdf#page=11,"double r;
};
________(1)_______{
r = R;
}
class cylinder :public circle
{
protected:
double h;
public:
_________(2)_________{};
double area()
{
return _______(3)________;
}
};
void main() {
cylinder c(1,2);
cout << ""The area of the cylinder c is ""<< c.area()<< endl;
}
20. 下列程序将结构体变量t中的内容写入date.txt文件。请完善该程序,并填写
在答题纸的相应编号处。
#include <fstream.h>
struct date
{
int year,month,day;
};
int main()
{
date t={2002,2,12};
______(1)______;
if (!outdate)
{
cerr << ""\n 文件不能打开"" << endl ;
return;
}
______(2)_______;
}
第-11-页共14页",pdfplumber_visible_bbox
study-s2-programming-ecb1b840316f954b-p0012-c01,study-s2-programming-ecb1b840316f954b,PDF 第 12 页 · 片段 1,12,0,950,knowledge/study/sources/year1/pdf/study-s2-programming-ecb1b840316f954b.pdf#page=12,"得分
五 、程序设计(本题共 20 分)
21. (10分)
去除一个已有的C++源程序文件中的所有的for语句。要求:
(1)在程序中由用户输入所要处理的cpp文件的文件名。
(2)如果该文件不存在返回一个(cid:6656)示信息
(3)去除程序中所有for语句后,得到的新程序存储到一个新文件中,新文件的文
件名是new+源文件名,例如原文件名是CPPfile.cpp,新文件是newCPPfile,cpp。
22. (10分)
为了遏制大型互联网平台利用行业优势地位,进行大数据杀熟、算法歧视、诱导
沉迷等不当行为,2022年3月1日《互联网信息服务算法推荐管理规定》开始施行,
《规定》明确,算法推荐服务(cid:6656)供者应当通过互联网信息服务算法备案系统填报服务
(cid:6656)供者名称、服务形式、应用领域、算法类型等备案信息。2022年8月,国内主流互
联网服务(cid:6656)供商,包括抖音、腾讯、阿里、网易、微博等都将自己的核心推荐算法做
了备案。下面是来自抖音的推荐算法备案信息:
算法运行机制:抖音个性化推送算法主要是基于用户历史的点击、时长、点赞、
评论、分享、转发、不喜欢等行为数据,通过深度学习技术框架建立模型,预估用户
对某个内容产生互动的概率,针对预估内容使用排序、打散、干预等机制和策略后,
再向用户进行推荐。用户行为参考<用户,内容,互动>三个维度作为样本进入机器学
习模型里训练,训练的结果用于更新用户模型和推荐新的内容。为了避免“信息茧房”
问题的出现,抖音个性化推荐算法专门设计了“兴趣探索”机制。一方面每次推荐都
会选择用户过去不常观看的内容类目进行一定比例的推荐。另一方面每次获取推荐内
容的过程中会特别增加一条随机内容来保障用户可见内容的多样性。
以上是题目背景,以下是题目要求。
假设名为User_Video的类记录某个用户对某个视频的属性,User_Video至少
包括以下私有数据成员,例如,用户ID(User_ID)、视频ID(Video_ID)、是否点
击、观看时长、是否点赞、是否评论、是否分享、是否转发、是否喜欢等。假设现在
有100个用户,100个视频。有一个数组,long order[100][100]记录了基于抖
",pdfplumber_visible_bbox
study-s2-programming-ecb1b840316f954b-p0012-c02,study-s2-programming-ecb1b840316f954b,PDF 第 12 页 · 片段 2,12,850,1094,knowledge/study/sources/year1/pdf/study-s2-programming-ecb1b840316f954b.pdf#page=12,"Video_ID)、是否点
击、观看时长、是否点赞、是否评论、是否分享、是否转发、是否喜欢等。假设现在
有100个用户,100个视频。有一个数组,long order[100][100]记录了基于抖
音深度学习框架得到的针对每一个用户的推荐视频顺序。例如 order[0]记录对第0
号用户100个视频的推荐顺序,order[0][0]是推荐给0号用户的首个视频的ID,
依此类推。User_Video record[10000]记录每个用户针对每个视频的属性。第0
第-12-页共14页",pdfplumber_visible_bbox
study-s2-programming-ecb1b840316f954b-p0013-c01,study-s2-programming-ecb1b840316f954b,PDF 第 13 页 · 片段 1,13,0,359,knowledge/study/sources/year1/pdf/study-s2-programming-ecb1b840316f954b.pdf#page=13,"号用户对100个视频的属性记录在record[0]-record[99],依此类推,题目要求:
(1)设计一个名为Exploration的函数,请自己设计实现一个合理的“兴趣探索”
机制。要求在order为每个用户推荐的前10个视频基础上,设计某种方法,插入3
个用户过去不常观看的视频和1条随机选择的视频,并与原有的6个视频一起重新生
成Top 10推荐视频。同时,简单解释你的方法的合理性。
(2)开放性问题:目前,为了实现流量变现,抖音开辟了直播带货、达人探店等商业
模式,请思考两方面问题:第一,作为一个用户,你如何发现抖音推荐算法出现了大
数据杀熟、算法歧视、诱导沉迷、卖流量等不当行为, 第二,如果你是抖音运营商,
如何在遵循法律和道德的前(cid:6656)下,实现自身的经济利益。
第-13-页共14页",pdfplumber_visible_bbox
study-s2-programming-efb6bb2d624c4062-p0001-c01,study-s2-programming-efb6bb2d624c4062,PDF 第 1 页 · 片段 1,1,0,679,knowledge/study/sources/year1/pdf/study-s2-programming-efb6bb2d624c4062.pdf#page=1,"试题 1 (A 卷 )
题目 1 # 145
题目描述
设计一个昼数类 C 。 mp | ex , 进行复数的运算 · 要求 :
( 1 ) 包含两个整数成员变量表示实囗慮部
( 2 ) 包含一个对所声明对象初始 《 酣勾造函数 。 不提供参数时 , 构造函数应提供默认值 ,
( 3 ) 用运算符更载的形式 , 实现以下跽作 : a) 两个 Comp 丨 e × 值加 , b) 两 °C omp 厄 × 值相减 , ( ) 两个
Complex 值相乘
( 4 ) 编写主函数 , 瀟 C 。 mp 厄 × 类 ·
输入
蟠入个 , 分别是两个复数的实部和部 ·
输出
以 a + bi 的形
第一行蝓匕两个昼数的和
第二行蝓匕两个数的差
第三行输匕两个后数的乘积 。
( 沌意 : 若最终结果为 0 , 则输出伍实部和慮部为 0 则不出 , 侨 2 + Oi , 就输出 2 : 0 + 3i , 则不输出实部自以及
: 阝的 + 号 , 直接输出 3i 。 若实部为正数 , 则不输出前面的 + 号 · 若慮部匕现 1 或者一 1, 则不输出 1 , 侨 8 + li, 应
直接蝓出 8 + 0
提示 :
数的跹念 : 我们把形如 z=a+bi ()s b 均为实数 ) 的数称为簋数 · 其中 , a 称为实部 , b 称为慮部 , i 称为慮数单
位 。 其中 , i 的平方等于一 1 。
特别注意 、
此题必须用类和运算符望载做 , 直出获得 AC 的同学 , 记 0 分 。
样例输入
样例输出
4 + 7i
. 31
. 6 + 14i",windows_ocr
study-s2-programming-efb6bb2d624c4062-p0002-c01,study-s2-programming-efb6bb2d624c4062,PDF 第 2 页 · 片段 1,2,0,674,knowledge/study/sources/year1/pdf/study-s2-programming-efb6bb2d624c4062.pdf#page=2,"试题 1 (B 卷 )
题目 # 146
题目描述
设计一个复数类 Comp | ex , 进行簋数的运算 · 要求 :
( 1 〕 包含两个整数成员变量表示实訁囗慮部 ,
( 2 ) 包含一个对所声明对象初始 《 〕 构造函数 。 不堤供参数时构造函数应堤供默认值 ,
( 3 〕 用运算符载的形式 , 实现以下操作 : a) 两个 C 。 mp 《 e × 值植减 b) 两 °C 。 mp | e × 值加 ,
Complex 值相乘
( 4 ) 编写主函数 , %Y.Complex*.
输入
输入四个整数分别是两 . 个昼数的实部和部 ·
输出
以 a + bi 的形式
第一行输出两个昼数的差
第二行输匕两个复数的和
第三行输出两个昼数的乘积 。
0 两个
( 沌意 : 若终结果为 0 , 则蝓出伍实部和慮部丿则不出 , 侨 2 + Oi , 就输匕乙 0 + 3i , 则不蝓出实部白以及
〕 + 号 , 直接出 3i 。 若实部为正数 , 则不输出前面的十号 · 若慮步匕现 1 或者一 1 , 则不输出 1 , 例如 8 + li , 应
直接输出 8 + i )
提示 :
复数的念 : 我们吧形如 z=a+bi (a 、 b 均为实数 ) 的数称为复数 . 其中 , a 称为实部 , b 称为慮部 , i 称为数单
它其中 , i 的平方等于一 1 。
特别注意 :
此题必须朋类和运算符重载做 , 直出获得 AC 的同字 , 记 0 分 。
样例输入
2 2 2 5
样例输出
. 3i
4 + 71
. 6 + 141",windows_ocr
study-s2-programming-efb6bb2d624c4062-p0003-c01,study-s2-programming-efb6bb2d624c4062,PDF 第 3 页 · 片段 1,3,0,931,knowledge/study/sources/year1/pdf/study-s2-programming-efb6bb2d624c4062.pdf#page=3,"试题 2 (A 卷 )
题目 | # 147
题目描述 :
请定义一一个象基类 Fi 丨 e 类 。 并派生 ±ChangeEncode_name* ( 更改文件编码和文件名 ) 类和
ChangeEncode size* ( 更改二文件编码和大刂嵝 ) 要求如
抽象基类 e 类 : 有俣护成民量 filename , esize 分别表示文件名 ( 字符串类型 } , 文件大小 ( 类型 ) , 纯
É±EUpdateFi le 0 和纯發函数 sh 。 w() , 参数和返回类型根据需要定义 。
派生 *ChangeEncode name 类 ChangeEncode size 类 : 新后成 RZ*fiIeEncoder ( 文件编码方式 ) 。 常见的
編码方式有四种 (""ASCII"", ""UN °C ODE"", ""UTF8TANSl"") 。 用类型 0 , 1 , 2 , 3 分别作为 “ ASC 旷 ,
""UN °C ODE"", ""UTF8"" 和 ""ANSI"" 的示讠己, 均为丿 〈 写字母
I. 自行添力酵与造函跷
艺 ChangeEncode name** 的 UpdateFile 0 函数用来更改文亻牛编码手囗文亻牛 · ChangeEncode size 类中的
UpdateFiIe 0 函数甲来更件编和文件大 / 」 、
3 . ShowO 来展示文件信息 : ChangeEncode name 类中展示的文亻牛信息格式为 : change_encodeAndname:2
件名文件大小文件编码方式用空格隔开 , 冒号前后无空格 , 如 : change_encodeAndname:Main.cpp 32
ASCII. ChangeEncode size 类中展示的文件后息格式为 : change_encodeAndsize:Ä 件名文件大小文件编
码方式用土悭隔开冒号前后无空 1 各如 : change_encodeAndsize:Main.cpp 32 ASCII.
输入 :
第一行为三个初始字段 , 文件名 , 文件大小 , 文件编码方式 。 其中文件名为字符串 ( 长度不超过 256 ) , 文件大小
",windows_ocr
study-s2-programming-efb6bb2d624c4062-p0003-c02,study-s2-programming-efb6bb2d624c4062,PDF 第 3 页 · 片段 2,3,831,1370,knowledge/study/sources/year1/pdf/study-s2-programming-efb6bb2d624c4062.pdf#page=3,"deAndsize:Main.cpp 32 ASCII.
输入 :
第一行为三个初始字段 , 文件名 , 文件大小 , 文件编码方式 。 其中文件名为字符串 ( 长度不超过 256 ) , 文件大小
为整数文件编码方式为数字 0 ( 表示 ASCI 码 ) , 1 ( 表示 UN °C ODE 编码 ) , 2 ( 表示 UTF8 编码 ) 或 3 ( 表示 AN 引
第二行首先输入一个字符 , 代表要进行的操作 :
如果输入字符是 "" No , 代表要灯文件进行编码转和更名作 , 接下来一行是更改后的文件名和编码 ;
如果输入字符 "" 孓 ( 大写 ) 代表要对文件进行编码转和更改大小操低接下来一行是更改后的大刂码 ·
输出 .
采用用动态联编的方式 , 蝓出文件更新启的信息 , 如果蝓入的撲作字符 《 0 No 和 “ , 贝出 ' ' No such
operation! “
必须采用象基类必须实现继承和多态 , 否则计 0 分 ·
样例输入 :
NKLJ nice_every_day. txt 4321 e
Good luck .txt 1
样例输出 、
change_encodeAndnane : GOOd luck. txt 4321 UNICODE",windows_ocr
study-s2-programming-efb6bb2d624c4062-p0004-c01,study-s2-programming-efb6bb2d624c4062,PDF 第 4 页 · 片段 1,4,0,916,knowledge/study/sources/year1/pdf/study-s2-programming-efb6bb2d624c4062.pdf#page=4,"试题 2 (B 卷 )
题目 | # 1
题目描述 :
请定义一一个拍象基类 Fi | e 类 , 并派生出 Cha ngeEncode_name* ( 更改文件编码租文件名 ) 类和
ChangeEncode size* ( 更改文件编码和大小类 ) 要求如下 ·
抽象基类 Fi | e 类 : 有俣护成员变量 filenan , 和 esize 分别表示文件名 ( 字符串类掣 ) , 文件大小 〈 皇类型 ) , 纯
É±äUpdateFile 0 和纯数 sh 。 w() , 参数和返回类型根据需要宁义一
派生 *ChangeEncode name*ChangeEncode ' e 类 : 新成 ( 文件编码方式 ) 。 常见的
编码方式有四种 (""UN °C ODE"". ""ASCII"", ""ANSI "" 和 ""UTF8"") 。 用类型 0 , 1 , 乙 3 分别作为 “ U NICODE"",
""ASCII"", “ ANS 「 和 “ UTF8 “ 的标讠己均为大写字母
1. 自行添加沟造数 。
艺 ChangeEncode name*#z 的 UpdateFile 0 函数用来更改文件编码和文亻牛名 。 ChangeEncode size*•c# 的
UpdateFile 0 数甲来更改文件编码和文件大刁 、
3 . ShowO 来展示文件 1 百皂 , ChangeEncode name 类中展示的文亻牛信息格式为 : change_encodeAndname:2
亻牛名文件大小文件编码方式用空格隔开冒号前后无空格如 : change_encodeAndname:Main.cpp 32
ASCII. ChangeEncode size 类中展示的文件 1 百格式为 : change_encodeAndsize:Ä 件名文件大小文件编
码方用悭隔开冒号前后无空格如 : change_encodeAndsize : Mai n.cpp 32 ASCII.
输入 :
第一行为三个初始字段 , 文件名 , 文件大小 , 文件编码方式 : 其中文件为字符串 ( 长度不超过 256 ) , 文件大小
",windows_ocr
study-s2-programming-efb6bb2d624c4062-p0004-c02,study-s2-programming-efb6bb2d624c4062,PDF 第 4 页 · 片段 2,4,816,1374,knowledge/study/sources/year1/pdf/study-s2-programming-efb6bb2d624c4062.pdf#page=4,"Andsize : Mai n.cpp 32 ASCII.
输入 :
第一行为三个初始字段 , 文件名 , 文件大小 , 文件编码方式 : 其中文件为字符串 ( 长度不超过 256 ) , 文件大小
为整数文件编犸方式为数字 0 ( 表示 IJ N °C ODE 编码 ) , 1 (表示 ASCII*) , 2 (表示 ANS 《 编码 ) 或 3 (表示 UTF8
编码 ) 。
第二行首先蝓 / \ 一个字符 , 代表要进行的操作 :
如果蝓少 、 、 字符是 "" N “ , 代表要灯文亻牛进行编石鬱奐和更作 , 接下来一行是更茂舌的文件和编码 ;
如果蝓少 、 、 字符 "" 孓 ( 大写 ) 代表要对文件进行编码转痪和更改大小操低接下来一行是更葭的大刂痢编码 ·
输出 :
采用动态联编的方式 , 输出文件更新后的信息 , 如果输入的操作字符非 ' No 稽孓 , 则输出 “ N 。 such operation ! “
注意 :
必须采用象基类之须实现继承和多态 , 否卿分 。
样例输入 :
NKlJ_nice_every_day . txt 4321 e
00d luck.txt 1
样例输出 .
change_encodundnane : GOOd_luck . txt 4321 ASCII",windows_ocr
study-s2-programming-efb6bb2d624c4062-p0005-c01,study-s2-programming-efb6bb2d624c4062,PDF 第 5 页 · 片段 1,5,0,948,knowledge/study/sources/year1/pdf/study-s2-programming-efb6bb2d624c4062.pdf#page=5,"试题 3 (A 卷 )
题目丨 # 149
题目描述
设计如下样式的链表类模板 》 ist , 并对其进行简单使用 ·
template < ( 1a55 T> class 1 st {
/ / 类析 st , 使用类型形参 T
struct node {
/ / 结构体 node 类型用来定义糙表表 ! 页 ( 的具体掘项 )
T data;
/ / 每一表项的 data 掘域的类型由类型形参 T 所指定
node next;
/ / 过指针 next , 多个表项 “ 誕摘 ” 成一个表
} *head, ta 1 ;
/ / 成员 head 与 t 1 , 为表的首尾指针
public :
list 0 ; / / 构造函 , 创逮 “ 空表 ”
/ / 生成表项届入到原的首
VO lnsert (T item) ;
void Append (T item) ; / / 生成表页晡加到原的尾
int count 0 ;
void htot();
void ttoh();
void display();
void SortList();
/ / 返回当前表的页
/ / 把表首项移到尾
/ / 把表尾项移到首
/ / 将各表 IÄ 额掘 data 显示在屏蓽上
/ / 将各表 ! 页掘 data 排序后显示在屏幕上
八个成员数的具体功能庙述如下 :
1 , list 0 ; 构适凼数 , 将 head 与 tail 均置为 NULL, 意味菩创建出一个 “ 空链表 “ ·
艺 void | nsert (T item); 动态牛成一块链表项空间 , 并将 T 类型的数据 item 放入该涟表项的 data 域 , 而后将新
生成的该逆表项适入到原链的链首 ( 链表的 “ 栈 “ 用法 ) 。
土 void Append (T item); 动态生成一块链表项空间 , 并将 T 类型的数 item 放入该链表项的 data 域 , 而后将
新生成的该链表项附加到原琏的链尾 ( 逆表的 “ 队列 “ 式用法 ) 。
生 int count(); “ 数出 “ 荇返回当前逆表的数据项数 : 空链时返回 0 ; 链表非空时 , 意味菩要 “ 历 “ 逆表 , 即从头到
",windows_ocr
study-s2-programming-efb6bb2d624c4062-p0005-c02,study-s2-programming-efb6bb2d624c4062,PDF 第 5 页 · 片段 2,5,848,1376,knowledge/study/sources/year1/pdf/study-s2-programming-efb6bb2d624c4062.pdf#page=5,"链尾 ( 逆表的 “ 队列 “ 式用法 ) 。
生 int count(); “ 数出 “ 荇返回当前逆表的数据项数 : 空链时返回 0 ; 链表非空时 , 意味菩要 “ 历 “ 逆表 , 即从头到
尾 “ 数 “ 出链表的项数后返回 ·
5 . void htot0; 吧链表首项移到尾 : 空链亚仅一项时无须移动 ; 否则 , 要将原链首项 “ 接到 “ 其尾项之后 , 而后马
上啁整新逆首指针 head 以及新链尾指针 tail.
& void ttoh(); 吧链表尾项移到琏首 : 空链仅一项时无须移动 ; 否则 , 要将原链尾项 “ 挪到 “ 链首 , 而后马上啁整
新链首指针 head 以及新尾指针 tail.
7 . void d ispIayO; 将各链表项数据 data 显示在屏幂上 : 空逆时输出 •emptylist• ; 否则要对链表进行 “ 遍历 “ , 从
头到尾逐项对其 data 数据进行显示 ( 输出元寮之间用一个空格隔开 ) ·
& void SortList();
将各琏表项数据 data 排序后显示在鼾幂上 : 首先按照链表的数据从小到大顺孛 (ÉASCI | 码排序 ) 进行排序 ,
并将其输出的果 ·",windows_ocr
study-s2-programming-efb6bb2d624c4062-p0006-c01,study-s2-programming-efb6bb2d624c4062,PDF 第 6 页 · 片段 1,6,0,547,knowledge/study/sources/year1/pdf/study-s2-programming-efb6bb2d624c4062.pdf#page=6,"要求 :
在主函数中 , 需要创建两 、 链表 linkl 和 | ink2 , 将蝓入的所有琏表元素依次通过 Ap 四 nd 加到 | inkl 中 , 并依次通过
lnsert 加到 Iink2 中 · 之须用逆表实现 , 否则 0 分 :
输入
蝓入厂其肖三行 , 第一一行为链表类型 〔 只需考劇 n har , 均为刂即可 ); 第二行丿表长度 : 第三行依次蝓少 、 链
表元蔬
输出
输出有七行 :
第一行为 | inkl °C ountO 白果
第二行为 IinkI.display0$S 吉果,
第三行为 linkl 乬亘 ttoh0 后 , linkl.display() 的结果;
第四行翔 ink2 , ( ountO 白果
第五行为 No k2 , disp | ayO 白吉果 ,
第六行为 Iink2 经过 htotO 后 , link2.display0 的结果 ;
第七行为 linkl 或 &link2 So 戊 List0 的结果
样例输入 1
int
5
S 2 彐 4 1
样例输出 1
5 2
3 4 1
1 5
2 3 4
5
1 4 3
2 S
4 3
2 5 1
1 2
3 4 5
样例输入 2
Char
3
样例输出 2
3
b
3
a b",windows_ocr
study-s2-programming-efb6bb2d624c4062-p0007-c01,study-s2-programming-efb6bb2d624c4062,PDF 第 7 页 · 片段 1,7,0,936,knowledge/study/sources/year1/pdf/study-s2-programming-efb6bb2d624c4062.pdf#page=7,"试题 3 (B#)
题吕 ] # 150
题目描述
十如下棰酗逆表类板 t , 并对其进行筒单使用 .
template <Class T> class 115t {
/ / 模 list , 使用类形 T
struct node {
/ / 詁构 node 类型用定义链表项 ( 的具恤数据项 〕
T data;
/ / 与一项的 data 数据敏的类型由芸型形参 T 所指定
node * next ·
/ / 过指针 next , 将多个項 “ 链熙 ” 成一个链
} *head, ai1 ;
/ / 敷据砹员 head 与 tail' 为链的百过指针
public :
list 0 ; / / 构造函敷 , 创建 “ 链 “
/ / 生砹链袅项 0 入到杀链的链百
VOid lnsert (T iten
void APPend (T iten) ; / / 生成顼附到柰链的链过
int count();
VOid htot();
VOid ttoh() ;
VOid display() ;
VOid SortList() ;
/ / 返生丽链表的项数
/ / 吧链表百顼移到过
/ / 吧链表过顼移到链百
/ / 将各表项据 data 显示在丰上
/ / 旃各链项据 data 排产后且示在上
八个成员数的具功 《 旨菡述如下 :
1 . 0 : 构适函数将 head 与 tail 均置为 NULL, 意味苷创建出一个 "" 空涟表
2 . void | nsert 任 item); 动态生成一块链表项空司 , 荇将 T 类型白戈据 item 放少 、 该链表项的 data 域 , 而后将新
生成的该表项后入 . 到原钅 0 涟首 ( 逆表的 ' 栈试牖却 。
3 , void Append 仃 item); 动态生成一块链表项空间 , 并将 T 类型的数据 item 放 . 入该逆表项的 data 域 , 而后将
新生成启 0 该表项附加到原逆的涟罨 ( 《 连了 ' 队列 ' 式用法 〕 。
4 , int count0 : “ 数出 “ 并返回当前链表的数据项数 : 空返回 0 ; 链表韭空时@ 意味要 ' ' 沮亓链表 , 即从头到
",windows_ocr
study-s2-programming-efb6bb2d624c4062-p0007-c02,study-s2-programming-efb6bb2d624c4062,PDF 第 7 页 · 片段 2,7,836,1495,knowledge/study/sources/year1/pdf/study-s2-programming-efb6bb2d624c4062.pdf#page=7,"的涟罨 ( 《 连了 ' 队列 ' 式用法 〕 。
4 , int count0 : “ 数出 “ 并返回当前链表的数据项数 : 空返回 0 ; 链表韭空时@ 意味要 ' ' 沮亓链表 , 即从头到
数 “ 出链表的 ; 爻舌返回 ·
5 . void htot0,• 把链表首项移到琏尾 : 空或仅一顶时无须移动 ; 古则 , 要将原琏首项 ' ' 接到 “ 其尾项之后 , 而后马
上调整新逆首指针 head 以及新葩尾指针 tail.
6 . void ttoh0; 把链表尾项移到首 : 空或仅一项时无须移动 : 古则 , 要将原涟尾项 ' ' 挪到 “ 逆首 , 而后马上啁整
新首扌旨针 ' head 以及斤链尾指针 ' tail.
7 . void display0; 将各逆表项数据 data 显示在屏草上 : 空逆时蝓出 · emp i ; 古则要对逆表进行 "" 遍历 "" , 从
头到尾逐项灯其 data 数据进行显示 ( 蝓出元素之间用一个空格隔开 ) 。
8 . void SortListO;
将各表项数据 data 排序后显示在屏草上 : 首先按照涟 」 数据从大到 / . 卜顺序 ( 按 ASCI | 码排序 ) 进行排序 ,
并将其蝓出的结是
要求 .
在主函数中 , 需要创建两个链表 | inkl 和 | inQ , 将蝓入的所有链表元素依次通过 Ap 四 nd 加到 《 inkl 中 , 并依次通过
lnsert 加 *JIink2 中 . 必须用表实现 , 否则 0 分 .",windows_ocr
study-s2-programming-efb6bb2d624c4062-p0008-c01,study-s2-programming-efb6bb2d624c4062,PDF 第 8 页 · 片段 1,8,0,412,knowledge/study/sources/year1/pdf/study-s2-programming-efb6bb2d624c4062.pdf#page=8,"输入
. 一其有三行 , 第一一行为逆表类型 〔 只需考慮 in har , 均为小写即可 ): 第二行为表长度 : 第三行依次蝓入道
表元
输出
输出有七行 :
第一彳亍为 | inkl £ ountO 的结果
第二行为 | inkl .dispIay()ä%É4 :
第三行为 | inkl 经过 ttoh0 后 , linkl .display() 的结果
第四行为 | ink2 . count0 的结果
第五行为 | ink2 , disp | ay 舶吉果 :
第六行为 | ink2 经过 htot0 后 , Iink2.dispIayO 的结果
第七彳亍为 | inkl 或 Slink2 SortListO 的纟吉果
样例输入 1
int
5
样例输出 1
5
5 2 3 4 1
5
1 4 3 2 5
4 3 2 5 1
5 4 3 2 1
样例输入 2
char
3
样例输出 2
3
3
《 a b",windows_ocr
study-s2-programming-efb6bb2d624c4062-p0009-c01,study-s2-programming-efb6bb2d624c4062,PDF 第 9 页 · 片段 1,9,0,869,knowledge/study/sources/year1/pdf/study-s2-programming-efb6bb2d624c4062.pdf#page=9,"附加题 Nku_s1 m e 的魔法阵
题目 | # 151
题目背景
在鞘三次世齐核平战争结束后 Nku 一 slmp 丨 e 回到了自己的家园 , 在战舌的和平时间里 , 为了肝御邪恶的
Siannodel 的入儡, Nku 一 slmp 丨 e 专门出了趟远门 , 拜访了竄女久远寺有诛与苍崎青子向她们适教了 0 〕 使用
方法 · 在一段时间的字习之舌 , Nku 一 slmp 字会了使用两去 ·
就在 Nku 一 slmp ] e 准备向两亻立女告别之际 , Siann 。 de 丨而着他手下的邪恶思去师又向 Nku 一 slmple 与久远寺宅邸宣
战了 , 战事一触即发 ! Nku 一 slmp 被安蚂壬务是在宅邸正门布置到去阵进行防御工作 。
战事紧急 !
题目描述
0 去阵是一个 . n * n 的矩阵 , 初始状态是没有竄力的 , 可以认为魔力都为 0 , 因为对竄力的掌控能力不足 ,
Nku 一 slmp 丨 e 每次施氵去只能选择去阵的冥一一行或一一列 , 使它有啲魔力同时长 x , 在施法结束后 , Nku_s1mple
养的 0 去猫味 Tsip sE 河气地跳上了 0 去阵破坏了其中一块 0 蕊因为施法次数过多 , Nku_s1mpleEÆ 不记得
那炔地方被沲加了多少麾力了 , 亻帮他吗 ?
输入描述
第一一行包含一一个 n , 表示麾去阵的大小为 $ n 丶 times n$.
接下来 n 行 , 亍包含 n 个 , 表示酃 0 竄力 .
题目俣证 0 去阵中只有一个数是一 1 , 表示被破坏的魔氵
输出描述
蝓出 . . 一行一一个聖数 , 表示被破坏的 0 去在被破坏前的魔力 ·
沌意 : 请在蝓出答后输出一价车 / 空行 , 以俣证格式正确 .
样例
样例输入
3
样例输出
1
数据范围
亻杲讠正 SI \ leq n\leq 2eøø,-1\1eq a 一 { 1 }\leq leeøeees , : 并 § . 有且 1 有一 “ 个一 { 島 j } : . 巧 。",windows_ocr
study-s2-programming-efb6bb2d624c4062-p0010-c01,study-s2-programming-efb6bb2d624c4062,PDF 第 10 页 · 片段 1,10,0,499,knowledge/study/sources/year1/pdf/study-s2-programming-efb6bb2d624c4062.pdf#page=10,"A卷第一题(BY LuHaozhe)
#include <iostream>
using namespace std;
class Complex {
int shi;
int xu;
public:
Complex() {
shi = 0;
xu = 0;
}
void input(int a,int b) {
shi = a;
xu = b;
}
friend Complex operator+(Complex& a, Complex& b)
{
Complex temp;
temp.shi = a.shi + b.shi;
temp.xu = a.xu + b.xu;
return temp;
}
friend Complex operator-(Complex& a, Complex& b)
{
Complex temp;
temp.shi = a.shi - b.shi;
temp.xu = a.xu - b.xu;
return temp;
}
friend Complex operator*(Complex& a, Complex& b)
{
Complex temp;",pdfplumber_visible_bbox
study-s2-programming-efb6bb2d624c4062-p0011-c01,study-s2-programming-efb6bb2d624c4062,PDF 第 11 页 · 片段 1,11,0,436,knowledge/study/sources/year1/pdf/study-s2-programming-efb6bb2d624c4062.pdf#page=11,"temp.shi = a.shi * b.shi - a.xu * b.xu;
temp.xu = a.shi * b.xu + b.shi * a.xu;
return temp;
}
void output() {
if (shi == 0) {
if (xu == 0) {
cout << ""0"" << endl;
}
else {
cout << xu << ""i"" << endl;
}
}
else {
if (xu == 0) {
cout << shi << endl;
}
else {
if (xu > 0) {
cout << shi << ""+"" << xu << ""i"" << endl;
}
else {
cout << shi << xu <<""i"" <<endl;
}
}
}
}
};
int main() {
int a1, a2, b1, b2;
cin >> a1 >> a2 >> b1 >> b2;
Complex com1;",pdfplumber_visible_bbox
study-s2-programming-efb6bb2d624c4062-p0012-c01,study-s2-programming-efb6bb2d624c4062,PDF 第 12 页 · 片段 1,12,0,576,knowledge/study/sources/year1/pdf/study-s2-programming-efb6bb2d624c4062.pdf#page=12,"Complex com2;
Complex com3;
Complex com4;
Complex com5;
com1.input(a1, a2);
com2.input(b1, b2);
com3 = com1 + com2;
com3.output();
com4 = com1 - com2;
com4.output();
com5 = com1 * com2;
com5.output();
return 0;
}
A卷第二题(BY JiangFengyi)
#include<iostream>
#include<string>
using namespace std;
class File
{
protected:
string filnname;
int filesize;
public:
File(string name, int size) :filnname(name),
filesize(size) {};
virtual ~File() {};
virtual void UpdateFile(int encoder, string newname) =
0;
virtual void UpdataFile(int encoder, int newsize) = 0;
virtual void show() = 0;",pdfplumber_visible_bbox
study-s2-programming-efb6bb2d624c4062-p0013-c01,study-s2-programming-efb6bb2d624c4062,PDF 第 13 页 · 片段 1,13,0,551,knowledge/study/sources/year1/pdf/study-s2-programming-efb6bb2d624c4062.pdf#page=13,"};
class ChangeEncode_name : public File
{
int fileEncoder;
public:
ChangeEncode_name(string name, int size, int
encoder) :File(name, size), fileEncoder(encoder) {};
void UpdateFile(int encoder, string newname)
{
fileEncoder = encoder;
filnname = newname;
}
void UpdataFile(int encoder, int newsize)
{
fileEncoder = encoder;
filesize = newsize;
}
void show()
{
cout << ""change_encodeAndsize:"" << filnname << ""
"" << filesize << "" "";
switch (fileEncoder)
{
case 0:
cout << ""ASCII"";
break;
case 1:
cout << ""UNICODE"";
break;
case 2:
cout << ""UTF8"";
break;",pdfplumber_visible_bbox
study-s2-programming-efb6bb2d624c4062-p0014-c01,study-s2-programming-efb6bb2d624c4062,PDF 第 14 页 · 片段 1,14,0,534,knowledge/study/sources/year1/pdf/study-s2-programming-efb6bb2d624c4062.pdf#page=14,"case 3:
cout << ""ANSI"";
break;
}
cout << endl;
}
};
class ChangeEncode_size :public File
{
int fileEncoder;
public:
ChangeEncode_size(string name, int size, int encoder)
:File(name, size), fileEncoder(encoder) {};
void UpdataFile(int encoder, int newsize)
{
fileEncoder = encoder;
filesize = newsize;
}
void UpdateFile(int encoder, string newname)
{
fileEncoder = encoder;
filnname = newname;
}
void show()
{
cout << ""change_encodeAndsize:"" << filnname << ""
"" << filesize << "" "";
switch (fileEncoder)
{
case 0:
cout << ""ASCII"";
break;",pdfplumber_visible_bbox
study-s2-programming-efb6bb2d624c4062-p0015-c01,study-s2-programming-efb6bb2d624c4062,PDF 第 15 页 · 片段 1,15,0,452,knowledge/study/sources/year1/pdf/study-s2-programming-efb6bb2d624c4062.pdf#page=15,"case 1:
cout << ""UNICODE"";
break;
case 2:
cout << ""UTF8"";
break;
case 3:
cout << ""ANSI"";
break;
}
cout << endl;
}
};
int main()
{
string filename;
int filesize;
int encoder;
cin >> filename >> filesize >> encoder;
char ch;
cin >> ch;
if (ch == 'N')
{
ChangeEncode_name file(filename, filesize,
encoder);
cin >> filename >> encoder;
file.UpdateFile(encoder, filename);
file.show();
}
if (ch == 'S')
{
ChangeEncode_size file(filename, filesize, encoder);",pdfplumber_visible_bbox
study-s2-programming-efb6bb2d624c4062-p0016-c01,study-s2-programming-efb6bb2d624c4062,PDF 第 16 页 · 片段 1,16,0,444,knowledge/study/sources/year1/pdf/study-s2-programming-efb6bb2d624c4062.pdf#page=16,"cin >> filesize >> encoder;
file.UpdataFile(encoder, filesize);
file.show();
}
}
A卷第三题(BY Luhaozhe)
#include<iostream>
#include<string>
using namespace std;
template <class T>
class list {
struct node {
T data;
node* next;
};
node* head;
node* tail;
public:
list() : head(nullptr), tail(nullptr) {}
void Insert(T item) {
node* newNode = new node;
newNode->data = item;
newNode->next = head;
head = newNode;
if (tail == nullptr) {
tail = head;
}",pdfplumber_visible_bbox
study-s2-programming-efb6bb2d624c4062-p0017-c01,study-s2-programming-efb6bb2d624c4062,PDF 第 17 页 · 片段 1,17,0,494,knowledge/study/sources/year1/pdf/study-s2-programming-efb6bb2d624c4062.pdf#page=17,"}
void Append(T item) {
node* newNode = new node;
newNode->data = item;
newNode->next = nullptr;
if (tail == nullptr) {
head = tail = newNode;
} else {
tail->next = newNode;
tail = newNode;
}
}
int count() {
int count = 0;
node* current = head;
while (current != nullptr) {
count++;
current = current->next;
}
return count;
}
void htot() {
if (head != nullptr && head != tail) {
node* firstNode = head;
head = head->next;
tail->next = firstNode;
firstNode->next = nullptr;
tail = firstNode;
}
}",pdfplumber_visible_bbox
study-s2-programming-efb6bb2d624c4062-p0018-c01,study-s2-programming-efb6bb2d624c4062,PDF 第 18 页 · 片段 1,18,0,567,knowledge/study/sources/year1/pdf/study-s2-programming-efb6bb2d624c4062.pdf#page=18,"void ttoh() {
if (head != nullptr && head != tail) {
node* lastNode = tail;
node* current = head;
while (current->next != tail) {
current = current->next;
}
current->next = nullptr;
tail = current;
lastNode->next = head;
head = lastNode;
}
}
void display() {
if (head == nullptr) {
std::cout << ""emptylist"";
} else {
node* current = head;
while (current != nullptr) {
std::cout << current->data << "" "";
current = current->next;
}
}
std::cout << std::endl;
}
void SortList() {
if (head != nullptr && head != tail) {
node* current = head;
node* index = nullptr;
T temp;",pdfplumber_visible_bbox
study-s2-programming-efb6bb2d624c4062-p0019-c01,study-s2-programming-efb6bb2d624c4062,PDF 第 19 页 · 片段 1,19,0,445,knowledge/study/sources/year1/pdf/study-s2-programming-efb6bb2d624c4062.pdf#page=19,"while (current != nullptr) {
index = current->next;
while (index != nullptr) {
if (current->data > index->data) {
temp = current->data;
current->data = index->data;
index->data = temp;
}
index = index->next;
}
current = current->next;
}
display();
}
}
};
int main() {
string listType;
cin >> listType;
int length;
cin >> length;
if (listType == ""int"") {
list<int> link1;
list<int> link2;
for (int i = 0; i < length; i++) {
int item;
cin >> item;",pdfplumber_visible_bbox
study-s2-programming-efb6bb2d624c4062-p0020-c01,study-s2-programming-efb6bb2d624c4062,PDF 第 20 页 · 片段 1,20,0,472,knowledge/study/sources/year1/pdf/study-s2-programming-efb6bb2d624c4062.pdf#page=20,"link1.Append(item);
link2.Insert(item);
}
cout << link1.count() << endl;
link1.display();
link1.ttoh();
link1.display();
cout << link2.count() << endl;
link2.display();
link2.htot();
link2.display();
cout << ""Sorted List: "";
link1.SortList();
} else if (listType == ""char"")
{ list<int> link1;
list<int> link2;
for (int i = 0; i < length; i++) {
char item;
cin >> item;
link1.Append(item);
link2.Insert(item);
}
cout << link1.count() << endl;
link1.display();
link1.ttoh();",pdfplumber_visible_bbox
study-s2-programming-efb6bb2d624c4062-p0021-c01,study-s2-programming-efb6bb2d624c4062,PDF 第 21 页 · 片段 1,21,0,152,knowledge/study/sources/year1/pdf/study-s2-programming-efb6bb2d624c4062.pdf#page=21,"link1.display();
cout << link2.count() << endl;
link2.display();
link2.htot();
link2.display();
cout << ""Sorted List: "";
link1.SortList();
}
return 0;
}",pdfplumber_visible_bbox
study-s2-programming-efb6bb2d624c4062-p0022-c01,study-s2-programming-efb6bb2d624c4062,PDF 第 22 页 · 片段 1,22,0,824,knowledge/study/sources/year1/pdf/study-s2-programming-efb6bb2d624c4062.pdf#page=22,"B 卷第一题一求圆形的周长和面积
题目丨 # 635
题目描述
编与程序 , 定义一个圆形的类 , 求圆形的周长和面积 , 规定丌亠 3 · 14 。
输入
1 个正整数 , 代表圆形的半径 。
输出
圆形的周长 L , 面积 S , 均是 doub 丨 e 类型 ,
样例输入
3
样例输出
18 . 84 28 · 26
以空格分隔 , 行尾无空格
必须用类实现周长和面积的计算函数 , 否则计 0 分 。
数据保证计算结果在 double 表示范围内 。
题目描述
某水果店为了促销 , 制定了如下的定价策略 , 尸代表某种水果的单价 , V 铲代表购买某种水果的重量苹果 : 打八
折 , 需支付尸 * W * 0 . 8 元 , 香蕉 : 半价 , 需支付 P * H72 元 , 橘子 : 如果 V 犷 > = 10 , 则打半价 , 即需支付
W * 尸 / 2 元 ; 如果厂 > = 5 , 则打七五折 , 贝刂需支付厂 * 尸 * 0 . 75 元 , 其它情况不打折 。
请你编写一个抽象基类 Fr t , 包括 2 个保护成员 , 分别是尸 ce ( 单价 , 类型 ) 、 ' e 匆五 ( 重量 , 类
型 ) 。 定义纯虚函数 5 榄 rn 。 “ e 黟 , 用于计算顾客购买的水果总价 。 以丆 r 榄作为基类 , 派生出 , 4 e 、
Banana 、 Orange 类 , 实现计算顾客购买水果总价的功能 。
输入
多行 , 每行格式为 C 尸 , 中间用空格分隔 , 分另刂代表水果类型 、 b 、 。 分别代表苹果 、 香蕉 、 橘子 ) , (
忉 t 型 ) 、 尸 (int 型 ) 分别代表顾客购买的相应水果的重量和单价 。 输入字符结束输入 。
输出
购买的水果的总价 。
样例输入
b 15 5
样例输出
92 “ 85
注意
必须实现抽象基类 、 多态 、 动态联编 、 否则计 0 分 。",windows_ocr
study-s2-programming-efb6bb2d624c4062-p0023-c01,study-s2-programming-efb6bb2d624c4062,PDF 第 23 页 · 片段 1,23,0,728,knowledge/study/sources/year1/pdf/study-s2-programming-efb6bb2d624c4062.pdf#page=23,"题目描述
假设你有一个简单的单向链表 , 链表的节点包含一个整数值 ( 大于等于 0 , 且小于 10 ) 。 现在 , 你需要重载 + 运算
符 , 使得两个链表可以进行一种特殊的相乘操作 : 反转相乘具体规则如下 .
1 , 首先将两个链表分别反转 。
2 . 然后从头节点开始 , 对应位置的节点值相乘 。
3 . 如果链表长度不等 , 较短的链表后面的缺失值视为 10
4 . 如果相乘的结果大于等于 10 , 则进位到下一个节点继续参与计算 ( 如果不存在则创建一个新节点 〕 。
例如 , 链表 , 4 为 5 2 3 , 链表 B 为 4 5 6 , 反转后分别为 3 2 5 和 6 5 4 , 相乘后的链表为 8 1 1 2 ( 因为 3 * 6 = 18 ,
进亻立 1, 2 * 5 + 1 = 11, 进位 1 , 5 * 4 十 1 = 21 , 进位 2 〕 。
要求
1 . 定义链表节点结构体 0 N 包含整数值省和指向下一个节点的指针 “ “ t 。
2 . 定义链表类 0 “ dLi , 需要重载 + 运算符 , 使其接受两个链表头节点作为参数 , 并返回反转相乘的链表头
节点 。
引再 0 “ 炖 dLi 类中编写辅助函数用于反转链表以及输入 、 输出函数 。
4 . 如果 . 4 或者 B 为空链表 , 则返回另一链表的反转链表 ; 如果 “ 4 和召同为空链表 , 则返回 NU 力 L 。
输入
第一行为链表 , 4 ,
第二行为链表 B ,
其中空链表 NU 刀无表示 。
输出
反转相乘后的结果
样亻列输入 :
输出
反转相乘后的结果
样例输入 :
5 2 3
4 5 6
样例输出 :
8 1 1 2",windows_ocr
study-s2-programming-efb6bb2d624c4062-p0024-c01,study-s2-programming-efb6bb2d624c4062,PDF 第 24 页 · 片段 1,24,0,945,knowledge/study/sources/year1/pdf/study-s2-programming-efb6bb2d624c4062.pdf#page=24,"题目描述 : 请编写实现一个湮的 M 黟 S 忉砝 ( 栈 , 后进先出 L F 仂模板类 , 该模板类实现了一个能够存储常见数
据类型 @馄, 、 ) 的栈 , 栈最大容量 M 天 LEN 为 20 。 该模板类形式及主要成员函数如下
template<class T>
class MyStack{
MyStack(T 引 、 ray[], 1 nt len);
VOid push( const &T value);
T pop 0 ;
b001 empty 0 ;
int count();
void shO 闪 0 ;
void clear();
/ / 构造函数 , 根据数组构造
/ / 入栈
/ / 出栈
/ / 空栈判断
/ / 栈中成员数
/ / 打印栈 , 打印栈中所有元素和元素个数 , 空格分隔
/ / 清空栈
完成该模板类及成员函数之后 , 请在襯 a 0 函数中验证 , 验证要求和方式如下 .
1 、 定义两个数组 , 整数类型数组和字符类型数组 , 分别初始化为固定数值 , 然后利用这两个数组进行构造类对
象 , 数组如下格式 :
int iarray 冂
{ 2 , 3 , 5J7J11J13 , 17 丿 19 , 23 丿 29 。 31J37 } ;
( h a r carray[ ]
""this is a teststring ;
/ / 整数数组 , 初始数据固定
/ / 字符数组 , 初始数据固定
2 、 从标准输入端读取操作标记符和操作数 , 操作符和操亻乍标记如下 ( 第一个字符为操作标记符 , 后面的为操作
输入操作要求说明 :
d 展示栈 , 栈列输出 "" N “ e "" 执行 “ , 0 方法打印栈数据和元素个数
5 终止操亻乍此栈无输出信息
让操作数入栈无输出信息 , 若栈满则输出 "" FULL ""
s 终止操作此栈无输出信息
让操作数入栈无输出信息 , 若栈满则输出 "" FU '
。 从栈中出队个元素 , 为类型无输出信息 , 若处理到空栈则输出 "" N “ e “
3 、 栈有容量限制 M 天 LE , 因此 , 在栈已满时 , 入栈将无法进行 , 直接输出 “ 丆 U 力 0 。 同样 , 当栈为空时玄
",windows_ocr
study-s2-programming-efb6bb2d624c4062-p0024-c02,study-s2-programming-efb6bb2d624c4062,PDF 第 24 页 · 片段 2,24,845,1099,knowledge/study/sources/year1/pdf/study-s2-programming-efb6bb2d624c4062.pdf#page=24,"无输出信息 , 若处理到空栈则输出 "" N “ e “
3 、 栈有容量限制 M 天 LE , 因此 , 在栈已满时 , 入栈将无法进行 , 直接输出 “ 丆 U 力 0 。 同样 , 当栈为空时玄
再执行出栈操作时栈将无数据 , 直接输出 1 次 ""None""0
程序输入
程序输入为两行 , 第一行为类型栈的操作序列 , 第二行为对 c 五 “ 类型栈的操作序列 ,
符栈的入栈字符不会出现 ' ' 空格字符 ) 。
程序输出
依次为输入操作码对应的输出信息 , 用空格分隔 。
行均以 s 结尾 ( 字",windows_ocr
study-s2-programming-efb6bb2d624c4062-p0025-c01,study-s2-programming-efb6bb2d624c4062,PDF 第 25 页 · 片段 1,25,0,935,knowledge/study/sources/year1/pdf/study-s2-programming-efb6bb2d624c4062.pdf#page=25,"第一题 : 链表合并 (A 卷 )
题目 《 #969
题目痛述
给定一个荜链表 , 将奇数蘇号目佰为奇数的节点和偶数旧号目值为偶数的节点分别聚集 。 并輸出合卉后的新链
蒜要求必须使适表结构实现 。 并通 0 运箅符重载完成输入输出 。
1 . 节点编号规则 : 首个节点视为奇数节点陲号的 , 第二个节点视为偶数节点 ( 编号 2 ) , 以此类准
2 . 转换输出 : 奇数链表在前 《 偶数链表在后 《 输出合并之后的结果涟磊奇数节点组和偶数节点组需保持原始相
对顺序
3 . 特殊处理 ' 链表为空时输出 . NIJLL""
实现要求
1 . 之须自定义表结构 , 包含节点类 Node 和链表 AinkedList
2 . 必须 0 载 > > 运算符实现链表入 · 重我 < 运符实现涟表滞出
3 . 之须实现 rearrange() 方法完成奇偶节点重
格式为 :
层 1 自 2 ·
( M 为节点个数 , A AM 为各节点整数值 , M = 0 时表示空链表 )
输出
输出重组后的链表 , 节点间空格分 。 耒尾无空格 。
空链表输出 。 NLJLL%
样例输入
样例输出
第一题 : 链表合并 (B 卷 )
题目 # 970
题目描述
给定一个单适表 》 请将奇数号目值为奇数的节点和偿数号且值为偶数的节点分别聚笑 《 芬出合荇后的新链
恶要求之须使用适表结构实现 。 羿通 i 篁运算符重载完成输入输出 ,
1. 节点蘇号规则 : 首个节点视为奇数节点 〔 号 1 〕 , 第二个节点视为健数节点 〔 编号 2 ) 》 以此类推
2 . 转换出 : 偶数表在前 , 奇数适表在后 , 输出合芬之后的结果链表孬奇数节点组和偎数节点组需保原始相
对顶序
3 . 特殊处理 : 链表为空时输出 . NLJLL""
实现要求
1 . 之须自定义链表结恂 。 包含点 *Node 和 ü*LinkedList
2 . 之重载 > > 运符实现链输入 , 重载 < < 运箅符实现韃表输出
3 . 之实现 re 酊 range() 方法完成奇偶壭点到非
输入
格式为
( M 为节点个数 , A AM 为各节点整驯自 , M = 0 时表示空链表 〕
输出
",windows_ocr
study-s2-programming-efb6bb2d624c4062-p0025-c02,study-s2-programming-efb6bb2d624c4062,PDF 第 25 页 · 片段 2,25,835,1336,knowledge/study/sources/year1/pdf/study-s2-programming-efb6bb2d624c4062.pdf#page=25,"载 < < 运箅符实现韃表输出
3 . 之实现 re 酊 range() 方法完成奇偶壭点到非
输入
格式为
( M 为节点个数 , A AM 为各节点整驯自 , M = 0 时表示空链表 〕
输出
输出市组后的链表 , 节点间空格分隔 。 未尾无空格 。
空链表输出 。 NULL “
样例输入
样例输出
题目配置 》
题目名 . 第一题 : 链表合并 (A 卷 )
编号 : % 9
测过点 : 10
时门限制 : 1 OOO ms
空间限制 . 6 KiB
完成状态 : 已通过
过率 . 1 5 5 / 1348
评测全部测试点 : 是
Special Judge: 未启用
三快涑啭 》
A . 第一题链表合并 (A 卷 )
提交题目
提交记录
题目配置 》
题目 : 第一题 : 链表合并阳卷 )
编号 : 970
測试点 : 10
时间限制 : 1000 ms
空间限制 》 655 KiB
完成状态 》 未提交
过率 : 1 1 1 / 12
评测全部晁试点 . 是
Special Judge: 未启用
= 快速啭 》
B . 第一题 : 链表合并 ( B 卷 〕
提交题目
提交记录",windows_ocr
study-s2-programming-efb6bb2d624c4062-p0026-c01,study-s2-programming-efb6bb2d624c4062,PDF 第 26 页 · 片段 1,26,0,915,knowledge/study/sources/year1/pdf/study-s2-programming-efb6bb2d624c4062.pdf#page=26,"第二题 :
交通工具相赁系统 ( A 卷 〕
题目 》 # 971
题目扌苗述 :
设计一一 i 、 交通 : 0 到岳系铳 , 该糸统能够管理不同类型交通工到的信息和彗用计 . 系铳需要支持以下功能 :
~ 基类设计 . 创建一个名为 Vehicle 的逋象基类 , 包含以下成员 :
纯虚函数 doub 《 e calculateRentalFee(int days): 十算峤且 fé 用 、 亻尿 1 户拒员变量 : bra n d ( 品牌 ,
型 ) 、 model ( 型号 , stringæm
2 、 构造函数和虚忻构函数 ;
土纯虚函数丷 。 id displaylnfo 0 用于蝓出每种交工具的信息 ·
~ 派生实现 : 从 Vehicl 生出 1 以 ] 《 鼻亻本 :
、 Car ( 汽车 〕 : 包含座亻属性 (seats, int 型 〕 , 赁用为基 i 出用 200 己 / 天 + 座 《 数 × 10 元 / 天 ,
品牌 、 型号 ,
乙
土
Motorcycle ( 摩多乇车 〕 : . 包含扫 E 量厘性 ( “ , int4!) , 彳且 1 月 」 为扫 《 量 x 住 5 元 / 天 ;
Bicycle ( 0 行车 ) : 包含是否电动属性 (isElectric, int#!, 0 表示非电动 , 1 表示申动 )
, 申动自行车相黛彗甲
为 50 元 / 天 , 普自行车为 20 氵亡 / 天 。
i 1 長戔叾是目要求 。 十算刁 ; 同种类交通工貝的忄且赁用 。
第一 . 彳一个整数 N , 4 弋表有 N 彳亏交工貝 B 信息 。 接下来的 N 行 , 0 行 5S 个数 , 分别是 1 剖 0 」 二貝的种类 (Cft*
汽车 。 M 亻弋表摩托车 , B 代表自彳了车 ) . 该种交 i 重工 , 爿的總 . 型号 、 私柯届性 、 礻且 1 孬丿 (int!V)
分隔 ·
输出 .
N 行 , 按照题目要求 《 用毖数 d 这 p y 《 nf0 输出首 、 交 i 二 L 具的种类 (Car. M0torcycle 、 Bicycle)
",windows_ocr
study-s2-programming-efb6bb2d624c4062-p0026-c02,study-s2-programming-efb6bb2d624c4062,PDF 第 26 页 · 片段 2,26,815,1733,knowledge/study/sources/year1/pdf/study-s2-programming-efb6bb2d624c4062.pdf#page=26,"丿 (int!V)
分隔 ·
输出 .
N 行 , 按照题目要求 《 用毖数 d 这 p y 《 nf0 输出首 、 交 i 二 L 具的种类 (Car. M0torcycle 、 Bicycle)
以及私有属性信息 ( 只有是 Bicycle 时才输出 ) , 其中是否为电动属性 , 是输出 true, 否则输 ± 饷 ] 艹 ,
“ lculateRenta 下 ee 函数输出才目赁用 , 各个处居之 . 间用仝各分 . 隔 , 彳亍亻无仝格
样例输入 .
C byd qin 5 2
侗 haojue 獄 FR12SX 15e 1
E Gxant Quxck-E 3
样例输出 :
Car byd qrn 7ee
Motarcyc1e haojue 应 FR125X 7 5
BicycIe Giant QuiCk-E fa1S 6e
要求 : 顿实现继承和多态 , 之须实现抽象基类和动态联否贝刂计 、 ·
第二题 . 交通工具租赁系统 (B 卷 )
题目 《 # 972
题目描述
, 中间空格
设计一个交通工具相赁系统 。 i 亥系统能够笪理不同类型交通工具的相赁信息和用计的 · 系统需要支持以下功能 :
、 基类 i 殳计一创建一一个名为 Vehicle 的象基类 , 包含 L; 丿 、 . 卜 》 员 :
1 , 纯虚 doub calculateRentalFee(int days): 十算 § 1 用 , 《 呆扌户 0 苋员变量 : brand ( 品裨孬 string*
型 ) model (型号@ string*N)
构造函数和虐析构函数 ;
纯虚函为交丷 oid displaylnfo 0 用于输出每和 : 甬工 : 的信息 。
派生类实现 . 从丷 ehicle 派生出以下具体类 :
、 Car ( 汽车 ) : , 包含座伛 7 属性 (seats, int 型 ) , 租彗角为基石出用 200 元 / 天 + 座 1 数 × 1 5 元 / 天 ;
厶
Motorcycle ( 摩托车 ) : 包含排量属性 ( ( 匚 , int 型 ) , 相赁费用为排量 x2 元 / 天 ;
",windows_ocr
study-s2-programming-efb6bb2d624c4062-p0026-c03,study-s2-programming-efb6bb2d624c4062,PDF 第 26 页 · 片段 3,26,1633,2575,knowledge/study/sources/year1/pdf/study-s2-programming-efb6bb2d624c4062.pdf#page=26," 200 元 / 天 + 座 1 数 × 1 5 元 / 天 ;
厶
Motorcycle ( 摩托车 ) : 包含排量属性 ( ( 匚 , int 型 ) , 相赁费用为排量 x2 元 / 天 ;
eicycle ( 自行车 ) : 和含是召 : 申动属性 (isElectric, int4!, 0 表示 」 E 电动 , 1 表示 E 皂云丿月
, 电动自彳了车且 ! 用
为 40 元 / 天 , 普通 0 行车为 20 元 / 天 ·
谲根据题目要求 , 计算不同种类交湮工具的泪赁费用 “
输入 :
第一行一一个整数 N 。 代表有 N 行交通工具的信息 , 接下来的 N 行 , 每行有 5 个数据 。
汽车 。 M 代表摩吒车 , B 代表国彳亍车 ) 该种交 i 工貝的品悝型号枞私有厘性对
分阝
输出 :
分别是接湮工具的种类 ( C 代表
忄目 1 吉梦攵 (int#!) , 中佃 」 用 0 格
一题目配置 》
题巨名 : 《 二二是 : 交 i 堡工 0 礻貝后系统 (A#)
测试点 : 10
时间限制 : 10 佣 m s
空了司限制 : 65536 KiB
完巧茈准犬态 : 已渔过
通过率 : 220 / 1686
评測全部癱试点 , 是
Special Judge : 耒启月丬
三快速跳转 》
E . 第二题 : 交 i 工 ! 剮系统 (A 卷 :
提交题目
提交记录
题目酉己 》
题目名 : 第一题 : 交通工貝租赁糸统 (B 卷 )
纟号过 972
测试点 : 10
时间限制 : 1000 ms
空间眼制 : 65536 KiB
完成状态 : 未提交
通过率 : 253 / 1624
评测全部试点 : 是
Special Judge: ! 耒启虍
= 忄求孬专 》
F. 第二题交通工具租赁系统 (B 卷 )
提交题目
提交记录
N 行 , 按照题目要求调用函数 display | nf 。 输出 0 个交通工貝的种类 (Car 、 Motorcycle 、 Bicycle) 、 品牌 、 型号 ,
以及私有属性信息 ( 只有是 Bicycle 时才满出 〕 孬其中是否为电动属性孬是蝓出 Tru 否则输出 False, 调用
",windows_ocr
study-s2-programming-efb6bb2d624c4062-p0026-c04,study-s2-programming-efb6bb2d624c4062,PDF 第 26 页 · 片段 4,26,2475,2823,knowledge/study/sources/year1/pdf/study-s2-programming-efb6bb2d624c4062.pdf#page=26,"、 Motorcycle 、 Bicycle) 、 品牌 、 型号 ,
以及私有属性信息 ( 只有是 Bicycle 时才满出 〕 孬其中是否为电动属性孬是蝓出 Tru 否则输出 False, 调用
calculateRentalFee 函數满H岳且I盖些用, 各个數据之间用空格分隔 。 彳亍有冫丿己空 《
样例输入 :
C byd qin 5 2
haojue 众 FR12SX 159 1
B Giant Quick- E 9 3
样例输出 :
〔 a 广 byd qin 55e
Motorcycle haojue 应 FR125 × 32a
B1cyc1e G 1 ant Qu1Ck-E Fa1se 69
要求它颚实现继承和多态 , 它须实现抽象基类和动态联编 , 否则计 0 分 。",windows_ocr
study-s2-programming-efb6bb2d624c4062-p0027-c01,study-s2-programming-efb6bb2d624c4062,PDF 第 27 页 · 片段 1,27,0,950,knowledge/study/sources/year1/pdf/study-s2-programming-efb6bb2d624c4062.pdf#page=27,"第三题 : 容器模板类 (A 卷 )
题目丨 # 973
题目描述 ·
请蕪与实现一^ 容器模板类 MyContainer, 该模板类实现了一个能够存储常见数据类型 ( int,float*ßchar) 的基本
容器 , 该椏板类的主要形式和成员函数如下
C1a55 T>
CI 茜 S 雪 MyContainer{
myContainer 、 (T arr 、 ay[], int Ien );
VO d dd ( consf &T
题目配置 》
题目名 : 第三题 : 容器模板类 (A%)
编号 . 973
测试点 : 10
/ / 构造函 , 根冕数组造
/ / 添加元紊鋥容器末尾
b001 remove(int idx) ;
b001 empty( ) ;
void display();
vo d clear();
/ / 删除指定位置的兀素 , 删賒成功谌回 ture , 位置越界诓回 f 炉
/ / 空容器判断
/ / 返回当前容器大小
/ / 打印容器 , 打印容器中所有元素 , 格式
元素 1 元素 2
/ / 清空睿器
时间限制 :
空间限制 :
完成状态
1000 ms
65536 KiB
已湮过
完成该模板类及成员函数之后 , 请在 main() 函数中验证 , 验证要求和方式如下
1 、 定义三个数组 , 整数类型数组 、 浮点数數据类型和字符类型数组 , 分别初始化为固定数亻虬然后利用这两个
组进行构造类对象 , 数组如下格式
/ / 数数组 , 初始敖据固定
int iarrayt]
{ 2J3J5J8J13 , 21 34 55J89 } ,
/ / 浮点数组 , 初始为固定值
flaat farray [ ] = { e , ø . 125 , e . 25 》 0 . 375Je . 5 , e . E25 e . 75 , e . 875J1 . e } ;
/ / 字符数经 , 初始为固定值
char carray[)
10v@ Nankai university
2 、 从输入端读取操作标记符和操作数 , 作符和操作标记如下 ( 第一个字符为操作标记符 , 后面的 × 为作数 )
输入操作要求
d
c
打印容器信息
终止操作此容器
",windows_ocr
study-s2-programming-efb6bb2d624c4062-p0027-c02,study-s2-programming-efb6bb2d624c4062,PDF 第 27 页 · 片段 2,27,850,1774,knowledge/study/sources/year1/pdf/study-s2-programming-efb6bb2d624c4062.pdf#page=27,"ai university
2 、 从输入端读取操作标记符和操作数 , 作符和操作标记如下 ( 第一个字符为操作标记符 , 后面的 × 为作数 )
输入操作要求
d
c
打印容器信息
终止操作此容器
把操作数追加到容器末尾
执行 disp ay() 方法打印容器数据 , 容器为空输出 “ N 。 n
无输出信息
无输出信息
。 × 从容器中删除位置为 × 的元素无直接输出信息 , 若处理到空容器则输匕 “ N 。 ne ""
äx 越界输出 ""BoundsLimit""
清空当前容器
无输出信息
程序输入 :
程序输入为两行 , 第一行为对 int 类型容器的操作序列 , 第二行为对 f | 。 at 类型容器的操作序列 , 第三行为对字符类型
容器作的序列 ( 字符类型操作序列中的操作数不会出现空格字符 ' ' 〕 , 每一行均以 s 结尾 。
程序输出 :
依次为输入操作码对应的输出信息 ·
样例输入 、
d 0 4 d s
1 1 . 25 d 0 13 S
d 1 5 d 土 d d c 0 27 5
样例输出 :
[ 2 , 1J1 》 2 , 305 》 8J13 , 21 34J55J89 ]
[ 3JIJ1 》 2J5 8 , 13,21, 彐 4 , 55J89 ]
〔 3 . 125J3 . 25 . 375 . 5J3 . E25J3 . 75 , . 87s 1J1 . 25
BoundsLimit
[ I 一 O, e 是
u,n,i,v,e,r.sß.t.y,s,d 〕
第三题 . 容器模板类 (B 卷 )
题目丨 # 974
题目描述 :
请写实则一一 1 、 容器模板类 MyContainer, 该忄莫反类实现了一个能鸲 1 诸南见数据类型 (int,float 和 char) 的基本
容器 , 该模板类的王要形式和成员函数如下 :
template<cla
cias MyConeainer•{
MyContainer(T 00 「 ay 〔 ] 0 1 n ) ;
/ / 构造数 , 根扼数组构造
/ / 追加元素到容器水尾
VO d append( const &T value) ;
",windows_ocr
study-s2-programming-efb6bb2d624c4062-p0027-c03,study-s2-programming-efb6bb2d624c4062,PDF 第 27 页 · 片段 3,27,1674,2618,knowledge/study/sources/year1/pdf/study-s2-programming-efb6bb2d624c4062.pdf#page=27,"{
MyContainer(T 00 「 ay 〔 ] 0 1 n ) ;
/ / 构造数 , 根扼数组构造
/ / 追加元素到容器水尾
VO d append( const &T value) ;
VOåd 10 ( 亡 T& 巫 lu 》 Lnt idX ) ; 丿 / 1 还 , 入丿亡紊 valu
到指定的位 dx , 炻又为位置菘号 。 容器的位置号从 a 丌始
b001 empty( ) ;
VO d 0i5p1 y 〈 ) ;
VOåd 亡 1 ar ( ) ;
/ / 窄 # 器月 0
/ / 返回当前容器大小
/ / 打 〔 卩冰器 , 打印容器中所有元素 。
/ 丿清空容器
格式 ,
元素 1 元素 2
巧划亥 1 莫忄反类及 0 苋员一丞复之后 , 在 main() 数中验证 , 驸讠正要求和方亍如下
1 、 定义三 · 个豐殳绢 , 整类型数泪 、 浮只巨数数 1 居类型和字很王类型数纟且 , 分别初始匕为固生 《 划直 ,
组进行构造类对象孬数组如下格式 .
/ / 整數数组 , 初帕数琚固定
int ]
{ 》 10102 , 3 5 , 8 》 13021034 55 30 } ;
户杰后利这两个数
float far 「 ay 门过 { a . 12 到 a . 2 到釓 37 到 e 巧 e . 525 諧 e . 75 , a . 87 六 1 . e}; / / 浮点数数组 , 初始为固定值
/ / 字符数组 · 初始为圃定值
亡 ha 广
10M Nankai
乙从输入端读取操作标记符和操作数 , 操作符和操作标记如下 ( 第一一个字符为操作标记符 , 后面的 x 为作数 )
输入操作要求
d
a ×
打印容器信息
终止擬作此容器
把 1 乍婺 × 追加到容器末尾
说明
执行 sh 。 w() 方法打印容器数据 , 容器为空输出 “ N 。 ne ""
无輸出信息
无输出信息
i × id × 把 1 笮划忝氵忝加容器的 idx 位首无出信息 , 若 idx 亻首越界 , 她输出 ""BoundsLimit""
通过率 : 64 / 1352
评测全部测试点 : 是
Special Judge : 耒启用
三快涑跳转 》
",windows_ocr
study-s2-programming-efb6bb2d624c4062-p0027-c04,study-s2-programming-efb6bb2d624c4062,PDF 第 27 页 · 片段 4,27,2518,2855,knowledge/study/sources/year1/pdf/study-s2-programming-efb6bb2d624c4062.pdf#page=27,"idx 位首无出信息 , 若 idx 亻首越界 , 她输出 ""BoundsLimit""
通过率 : 64 / 1352
评测全部测试点 : 是
Special Judge : 耒启用
三快涑跳转 》
C 第三题 . 容器模板类 ( A 卷 〕
提交题目
提交记录
颛目配置 》
题目名 . 第三题 : 容器模板类卷 )
纟@号过 974
测 《 i 点 : 10
时间限制 :
1 OOO ms
空间限制 。
。 65s36 KiB
完成状态 : 耒提交
通 i 寸率 : 75 / 1004
评测全部测试点 : 是
Special Judge : 未启庄
三快速跳转 》
D . 第三题 : 容器模板类 (B*)
提交题目
提交记录
( 空当前容器
程序输入 。
无出信息",windows_ocr
study-s2-programming-efb6bb2d624c4062-p0028-c01,study-s2-programming-efb6bb2d624c4062,PDF 第 28 页 · 片段 1,28,0,932,knowledge/study/sources/year1/pdf/study-s2-programming-efb6bb2d624c4062.pdf#page=28,"程序输入 :
程序输入为三行 , 第一行为对 int 类型容器的作序列 , 第二行为对 f ] 。 at 类型容器的作序列 , 第三行为对字筲类型
容器操作的序列 ( 字符类型操作序列中的作数不会出现空恪字符 ' 0 , 一行均以 5 结尾 。
程序输出 :
依次为输入操作码对应的输出信息 。
样例输入 :
d 4 d 匚 d 5
气 ! 28 5
样例输出 :
[ 》 1J2 丿 3 , 冫 1J34 」 55J89 ]
[ , 1 》 10 是 03 , 5 , 吕 , 13 , 21 , 3 啤 055 , 吕 9 , 4 ]
None
[ 2 , 3 . 1250e . 25 譴 . 375 生 . 50e . 525 , 2 . 750a . 87501 譴 1 . 25 ]
. 1 . 125 . 25 . 375 是 . 5 . 525 . 75 . 875 1 1 . 25 ]
[ 島
》 1 0 。 v , e , 一 , N 。 a n , k 》 a 。 飞 ,
》 u 。 n , 。 V 。 e , 广 。 s 譴飞 , t , y ]
附加题 : Knight of Nights
题目 《 # 975
题目描述
作为拥有操纵时间程度的能力的女仆 , 十六夜呋夜可以将大量飞刀丢 ± 后暫停时间 , 从而形成一 ^ 完美的飞刀阵 。
在坐标轴上孬飞刀的轨泌可以看作是无限多等间距的 、 与 y 轴平行的直线 , 而飞刀阵则是一个简单多边形 〔 可能是
凹的 ) 。
呋夜想在阵中布满飞刀 。 于是她想知 . 在飞刀阵的到定范围内 , 所有飞刀的轨迹的长度之和是多少 。
为防止飞刀出现在阵的边缘导致攻击无效 , 保证多边形的任意一条边均不与 y 轴平彳同时为方便起见 , 总有一条
轨迹直线恰好与 y 轴重合 ·
输入
第一行输入一个数字代表多边形的边数 。
接下来的 n 行 , 每行用空格开两个实数 , 按照顺时针顺序给出多边形的 “ ( 3 “ 飞 105 ) 个顶点的坐标
, ( 一 104 , 势 104 ) : 第个点与第 i + 1 个点连接 〔 1 孓 ,
后一行给出轨迹的间距 0 彐孓孓 1 開 ).
",windows_ocr
study-s2-programming-efb6bb2d624c4062-p0028-c02,study-s2-programming-efb6bb2d624c4062,PDF 第 28 页 · 片段 2,28,832,1576,knowledge/study/sources/year1/pdf/study-s2-programming-efb6bb2d624c4062.pdf#page=28,"出多边形的 “ ( 3 “ 飞 105 ) 个顶点的坐标
, ( 一 104 , 势 104 ) : 第个点与第 i + 1 个点连接 〔 1 孓 ,
后一行给出轨迹的间距 0 彐孓孓 1 開 ).
输入数据的浮点数 , 均保留 4 位小数 ·
输出
对于每个样例输出一行 。 包含一个数字 , 表示多边形内包含的线段长度和 。
若你的答案 0 “ 5 的与标准答案 std 满足 . @艹 ,@ < 10 一 6 , 则被认为止确 ,
rna-r(1.0,std)
样例输入 1
2.eoee 2 .
2 · 5 一 2 .eøeo
. 2 . 50e9 . 2 .
. 2 . øeee 2 . e299
样例输入 2
第 ” 个点与第 1 个点连接 。
因此谲保留铰多的小数位数 。
题目配冒 》
题目名 : 附加题 : Knight of Nights
综号 . 975
测试点 : 5
时间限制 : 1 0 m s
仝间限制 : 256000 KiB
完成状态 : 未提交
通率 : 2 / 77
评测全部测试点 : 否
Special 」 udge: 比较丬莫式
三快速跳转 》
G . 附加题 . Knight of Nights
提交题目
提交记录
3 . 1329
。 7875
1 . 4 S
1 . 3s39
. 4 . s584
一 9 . 1554
7475
S. 2818
-e . 7937
. 8 . 413E
. 4 . 7s59
. 3 . 3224
L3199 . s742
一 5 . aøee
. 2 . 2324
8 . 1791 e . 4321
2 . 1978 4 38E4
1 . 4741
样例输出 2
85 , 27378E1924",windows_ocr
study-s2-programming-f076c553a310a022-p0001-c01,study-s2-programming-f076c553a310a022,PDF 第 1 页 · 片段 1,1,0,941,knowledge/study/sources/year1/pdf/study-s2-programming-f076c553a310a022.pdf#page=1,"C++ 期末复习知识点整理
基于《期末复习2-2 1.pdf》整理:通俗讲解 + 代码举例
说明:本资料按课件中出现的知识点逐项整理。每个大模块都包含“核心概念、通俗理解、易错点、代码例子”。代码以 C++ 为
主,适合期末选择题、改错题、读程序写结果、填空题和程序设计题复习。
资料范围对应课件第 4 ⻚:类和对象、静态成员与常量成员、运算符重载;继承、虚拟继承、多态、虚函数、纯虚函数与抽象基
类;函数模板、类模板、链表、栈、队列、STL;输入输出流、格式控制、文本文件和二进制文件读写。
(cid:0)
一、考试题型与复习范围
来源⻚码:第 2-4 ⻚
1. 考试题型
• 单项选择:通常考概念、语法细节、访问权限、构造顺序、模板实例化、文件读写函数等。
• 程序改错:常⻅错误包括类定义后漏分号、成员函数类外定义漏“类名::”、构造函数初始化错误、文件未打开、深
浅拷⻉错误等。
• 读程序写结果:重点看构造/析构输出顺序、虚函数动态绑定、运算符重载调用、模板类型推导、文件读写结果。
• 程序填空:常填构造函数初始化列表、operator 函数头、模板声明、文件流打开方式、read/write 参数。
• 程序设计:常⻅为自定义类、运算符重载、继承多态、链表模板、文件输入输出综合题。
2. 总复习范围速览
模块课件关键词复习目标
类和对象类定义、访问权限、构造/析构、拷⻉ 会写类、会判断成员能否访问、会分
构造、委托构造、静态成员、常量成析对象初始化和构造/析构顺序
员、友元
运算符重载成员函数方式、友元方式、赋值运算会写 operator 函数,能分辨参数个数
符、输入输出运算符和顺序,理解深拷⻉
继承与多态派生类、继承方式、多继承、多级继会判断继承后的访问权限,能用基类
承、虚继承、虚函数、纯虚函数、抽指针调用派生类虚函数
象基类
模板与数据结构函数模板、类模板、链表、栈、队会定义/实例化模板,理解
列、STL 容器 vector/list/map/set 等容器的使用场景
输入输出流与文件cin/cout/cerr/clog、格式控制、文本文会用流读写数据、控制输出格式、读
件、二进制文件、随机访问写文本/二进制文件
(cid:0)
二、类和对象
",pdfplumber_visible_bbox
study-s2-programming-f076c553a310a022-p0001-c02,study-s2-programming-f076c553a310a022,PDF 第 1 页 · 片段 2,1,841,1013,knowledge/study/sources/year1/pdf/study-s2-programming-f076c553a310a022.pdf#page=1,"t 等容器的使用场景
输入输出流与文件cin/cout/cerr/clog、格式控制、文本文会用流读写数据、控制输出格式、读
件、二进制文件、随机访问写文本/二进制文件
(cid:0)
二、类和对象
来源⻚码:第 6-8 ⻚
1. 类的定义
类可以理解为“自己定义的一种数据类型”。它把数据(成员变量)和处理这些数据的函数(成员函数)放在一起。",pdfplumber_visible_bbox
study-s2-programming-f076c553a310a022-p0002-c01,study-s2-programming-f076c553a310a022,PDF 第 2 页 · 片段 1,2,0,943,knowledge/study/sources/year1/pdf/study-s2-programming-f076c553a310a022.pdf#page=2,"比如“学生”这个类,可以有姓名、成绩等成员变量,也可以有打印信息、计算等级等成员函数。
• 类名是标识符,命名规则和变量名类似。
• 类由成员变量和成员函数组成。
• 类定义结束后必须加分号“;”。
• 成员函数如果写在类外,函数名前必须加“类名::”。
易错提醒:很多改错题会故意漏掉类定义后的分号,或漏掉类外成员函数定义的“类名::”。
#include <iostream>
using namespace std;
class Student { // 类定义
private:
string name;
int score;
public:
void setInfo(string n, int s); // 类内声明
void print();
}; // 注意:类定义后必须有分号
void Student::setInfo(string n, int s) { // 类外定义要写 Student::
name = n;
score = s;
}
void Student::print() {
cout << name << "" "" << score << endl;
}
int main() {
Student stu;
stu.setInfo(""Li"", 90);
stu.print();
return 0;
}
2. 类成员访问权限:public、private、protected
访问权限决定“谁能直接使用这个成员”。可以把类想成一个房间:public 是公开区域,谁都能进;private 是个人抽
屉,只有类自己能打开;protected 是家族成员区域,类自己和派生类可以访问。
• public:类外可以访问。
• private:默认权限,类外不能访问;非友元、非继承情况下也不能访问。
• protected:类外不能访问,但派生类成员函数可以访问基类 protected 成员。
• 类内不仅指类定义体,也包括类的成员函数体。成员函数可以访问同类对象的 private 成员。
易错提醒:class 默认 private;struct 默认 public。考试中常问“类外能否访问私有成员”。答案通常是不能,除非通过公有成员函
数或友元。
",pdfplumber_visible_bbox
study-s2-programming-f076c553a310a022-p0002-c02,study-s2-programming-f076c553a310a022,PDF 第 2 页 · 片段 2,2,843,1180,knowledge/study/sources/year1/pdf/study-s2-programming-f076c553a310a022.pdf#page=2,"问同类对象的 private 成员。
易错提醒:class 默认 private;struct 默认 public。考试中常问“类外能否访问私有成员”。答案通常是不能,除非通过公有成员函
数或友元。
#include <iostream>
using namespace std;
class A {
private:
int x = 1;
protected:
int y = 2;
public:
int z = 3;
void show() {
cout << x << "" "" << y << "" "" << z << endl; // 类内都能访问
}
};
int main() {
A a;
// cout << a.x; // 错:private 类外不能访问",pdfplumber_visible_bbox
study-s2-programming-f076c553a310a022-p0003-c01,study-s2-programming-f076c553a310a022,PDF 第 3 页 · 片段 1,3,0,945,knowledge/study/sources/year1/pdf/study-s2-programming-f076c553a310a022.pdf#page=3,"// cout << a.y; // 错:protected 类外不能访问
cout << a.z << endl; // 对:public 类外能访问
a.show();
return 0;
}
3. 构造函数与析构函数
构造函数用于“对象出生时初始化”,析构函数用于“对象死亡时清理资源”。构造函数名与类名相同,没有返回值;
析构函数名前加 ~,也没有返回值,且一个类只能有一个析构函数。
• 对象创建时自动调用构造函数。
• 对象生命周期结束时自动调用析构函数。
• 构造顺序:成员对象和基类先构造,派生类后构造;析构顺序相反。
• 如果类中有 const 成员或引用成员,通常必须用初始化列表初始化。
#include <iostream>
using namespace std;
class Point {
private:
int x, y;
public:
Point() : x(0), y(0) { // 无参构造
cout << ""无参构造"" << endl;
}
Point(int a, int b) : x(a), y(b) { // 有参构造,初始化列表
cout << ""有参构造"" << endl;
}
~Point() {
cout << ""析构"" << endl;
}
void show() { cout << x << "","" << y << endl; }
};
int main() {
Point p1; // 调用无参构造
Point p2(3, 4); // 调用有参构造
p2.show();
return 0;
}
4. 初始化列表、拷⻉构造函数、委托构造函数
初始化列表写在构造函数参数表后面,用冒号开头。它不是“赋值”,而是对象刚创建时直接初始化,因此更高效,
也能初始化 const 成员、引用成员和对象成员。
• 拷⻉构造函数通常形式:ClassName(const ClassName& obj)。当用已有对象初始化新对象、函数按值传参、函数按
值返回对象时可能被调用。
• 委托构造函数是一个构造函数调用同类另一个构造函数,减少重复代码。
#include <iostream>
using namespace std;
",pdfplumber_visible_bbox
study-s2-programming-f076c553a310a022-p0003-c02,study-s2-programming-f076c553a310a022,PDF 第 3 页 · 片段 2,3,845,1335,knowledge/study/sources/year1/pdf/study-s2-programming-f076c553a310a022.pdf#page=3,"函数按值传参、函数按
值返回对象时可能被调用。
• 委托构造函数是一个构造函数调用同类另一个构造函数,减少重复代码。
#include <iostream>
using namespace std;
class Box {
private: m
const int id; // const 成员必须初始化列表初始化
int value;
public:
Box() : Box(0, 0) {} // 委托构造:调用 Box(int,int)
Box(int i, int v) : id(i), value(v) {}
Box(const Box& b) : id(b.id), value(b.value) { // 拷⻉构造
cout << ""copy constructor"" << endl;
}
void show() const { cout << id << "":"" << value << endl; }
};
int main() {
Box b1(1, 100);
Box b2 = b1; // 用已有对象初始化新对象,调用拷⻉构造
b2.show();",pdfplumber_visible_bbox
study-s2-programming-f076c553a310a022-p0004-c01,study-s2-programming-f076c553a310a022,PDF 第 4 页 · 片段 1,4,0,933,knowledge/study/sources/year1/pdf/study-s2-programming-f076c553a310a022.pdf#page=4,"return 0;
}
易错提醒:“对象初始化”和“对象赋值”不是一回事:Box b2 = b1 是初始化,通常调用拷⻉构造;b2 = b1 是赋值,调用赋值运算
符。
5. 静态成员
静态成员属于“类本身”,不专属于某一个对象。可以把 static 成员理解成全班共享的一块黑板,而普通成员是每个
学生自己的笔记本。
• 静态数据成员通常要在类外定义一次。
• 静态成员函数没有 this 指针,只能直接访问静态成员,不能直接访问普通成员。
• 可以通过类名::成员访问,也可以通过对象访问。推荐用类名::成员。
#include <iostream>
using namespace std;
class Student {
private:
string name;
public:
static int count; // 声明静态数据成员
Student(string n) : name(n) { count++; }
static void showCount() { // 静态成员函数
cout << ""学生人数:"" << count << endl;
// cout << name; // 错:静态函数不能直接访问普通成员
}
};
int Student::count = 0; // 类外定义并初始化
int main() {
Student a(""A""), b(""B"");
Student::showCount();
return 0;
}
6. 常量成员:const 数据成员与 const 成员函数
常量成员在课件范围中被列为复习内容。const 数据成员一旦初始化后不能改;const 成员函数承诺“不修改对象的普
通数据成员”。
• const 数据成员必须通过初始化列表初始化。
• const 成员函数写法:返回值函数名(参数) const。
• const 对象只能调用 const 成员函数。
#include <iostream>
using namespace std;
class Circle {
private:
const double pi; // const 数据成员
double r;
public:
",pdfplumber_visible_bbox
study-s2-programming-f076c553a310a022-p0004-c02,study-s2-programming-f076c553a310a022,PDF 第 4 页 · 片段 2,4,833,1235,knowledge/study/sources/year1/pdf/study-s2-programming-f076c553a310a022.pdf#page=4,"ream>
using namespace std;
class Circle {
private:
const double pi; // const 数据成员
double r;
public:
Circle(double radius) : pi(3.14159), r(radius) {}
double area() const { // const 成员函数,不修改对象
return pi * r * r;
}
};
int main() {
const Circle c(2.0);
cout << c.area() << endl; // const 对象可以调用 const 成员函数
return 0;
}
7. 友元函数
友元不是类的成员,但被类“授权”,可以访问类的 private 和 protected 成员。它常用于运算符重载,尤其是需要让左
操作数不是当前类对象的情况。",pdfplumber_visible_bbox
study-s2-programming-f076c553a310a022-p0005-c01,study-s2-programming-f076c553a310a022,PDF 第 5 页 · 片段 1,5,0,933,knowledge/study/sources/year1/pdf/study-s2-programming-f076c553a310a022.pdf#page=5,"• 在类中用 friend 声明。
• 友元函数通常把类对象作为参数,通过对象访问私有成员。
• 友元破坏封装性,考试中要会写,但实际工程中应谨慎使用。
#include <iostream>
using namespace std;
class Account {
private:
double balance;
public:
Account(double b) : balance(b) {}
- friend void showBala-nce(Account a); // 声明友元
};
void showBalance(Account a) { and
cout << ""余额:"" << a.balanEce << enBdl; // 友元I可T访问 pArivate LEsid private protected
} Y
int main() {
Account acc(1000);
showBalance(acc);
return 0;
}
(cid:0)
三、运算符重载
来源⻚码:第 9-11 ⻚,第 32 ⻚,第 44 ⻚例题
1. 运算符重载的基本概念
运算符重载就是让已有运算符(如 +、-、>、=、<<、>>)能用于自定义类对象。比如两个 Time 对象相减,编译器
本来不知道该怎么减;写了 operator- 后,就能按我们定义的规则相减。
• 成员函数方式:a + b 等价于 a.operator+(b)。调用对象 a 是第一个运算分量。
• 友元/普通函数方式:a + b 等价于 operator+(a, b)。所有运算分量都作为参数传入。
• 函数名写成 operator运算符,如 operator+、operator>、operator=。
• 友元方式通常比成员函数方式多一个参数,因为成员函数隐含了 this。
易错提醒:表达式中运算分量的顺序必须和函数参数顺序一致。尤其是减法、比较运算符等非交换运算,顺序错了结果就错。
2. 成员函数方式重载运算符
当左操作数就是当前类对象时,可以用成员函数方式。例如 time2 - time1 中,time2 调用 operator-,time1 作为参数
传入。
",pdfplumber_visible_bbox
study-s2-programming-f076c553a310a022-p0005-c02,study-s2-programming-f076c553a310a022,PDF 第 5 页 · 片段 2,5,833,1374,knowledge/study/sources/year1/pdf/study-s2-programming-f076c553a310a022.pdf#page=5,"错了结果就错。
2. 成员函数方式重载运算符
当左操作数就是当前类对象时,可以用成员函数方式。例如 time2 - time1 中,time2 调用 operator-,time1 作为参数
传入。
#include <iostream>
using namespace std;
class Time {
private:
int h, m, s;
public:
Time(int hh=0, int mm=0, int ss=0) : h(hh), m(mm), s(ss) {}
// 成员函数方式:this 是左操作数,t 是右操作数
Time operator-(const Time& t) const {
int a = h * 3600 + m * 60 + s;
int b = t.h * 3600 + t.m * 60 + t.s;
int d = a - b;
if (d < 0) d = -d; // 简化处理:取绝对差
return Time(d / 3600, d % 3600 / 60, d % 60);
}
void show() const { cout << h << "":"" << m << "":"" << s << endl; }
};",pdfplumber_visible_bbox
study-s2-programming-f076c553a310a022-p0006-c01,study-s2-programming-f076c553a310a022,PDF 第 6 页 · 片段 1,6,0,948,knowledge/study/sources/year1/pdf/study-s2-programming-f076c553a310a022.pdf#page=6,"int main() {
Time t1(12,10,20), t2(13,15,25);
Time d = t2 - t1; // 等价于 t2.operator-(t1)
d.show(); // 1:5:5
return 0;
}
3. 友元方式重载运算符
如果需要直接访问私有成员,又不希望把运算符写成成员函数,可以用友元方式。课件例题要求以友元方式重载
“>” 比较 Time 对象。
#include <iostream>
using namespace std;
class Time {
private:
int h, m, s;
public:
Time(int hh=0, int mm=0, int ss=0) : h(hh), m(mm), s(ss) {}
friend bool operator>(const Time& a, const Time& b); // 友元声明
};
bool operator>(const Time& a, const Time& b) {
int ta = a.h * 3600 + a.m * 60 + a.s;
int tb = b.h * 3600 + b.m * 60 + b.s;
return ta > tb;
}
int main() {
Time t1(12,10,20), t2(13,15,25);
cout << (t2 > t1) << endl; // 1,表示 true
return 0;
}
4. 赋值运算符重载与深拷⻉
默认赋值通常是“浅拷⻉”:把成员变量逐个复制。如果成员里有指针,浅拷⻉只复制地址,两个对象会指向同一块
内存,析构时可能重复释放,导致错误。因此有指针成员时通常要写析构函数、拷⻉构造函数、赋值运算符,即
“三法则”。
#include <iostream>
#include <cstring>
using namespace std;
class StringBox {
private:
char* p;
public:
StringBox(const char* s="""") {
p = new char[strlen(s) + 1];
strcpy(p, s);
}
",pdfplumber_visible_bbox
study-s2-programming-f076c553a310a022-p0006-c02,study-s2-programming-f076c553a310a022,PDF 第 6 页 · 片段 2,6,848,1299,knowledge/study/sources/year1/pdf/study-s2-programming-f076c553a310a022.pdf#page=6,"rivate:
char* p;
public:
StringBox(const char* s="""") {
p = new char[strlen(s) + 1];
strcpy(p, s);
}
~StringBox() { delete[] p; }
// 深拷⻉赋值运算符
StringBox& operator=(const StringBox& other) {
if (this == &other) return *this; // 防止自己给自己赋值
delete[] p;
p = new char[strlen(other.p) + 1];
strcpy(p, other.p);
return *this;
}
void show() const { cout << p << endl; }
};
int main() {
StringBox a(""hello""), b(""world"");
b = a;
b.show();
return 0;
}
5. 输入/输出运算符重载",pdfplumber_visible_bbox
study-s2-programming-f076c553a310a022-p0007-c01,study-s2-programming-f076c553a310a022,PDF 第 7 页 · 片段 1,7,0,927,knowledge/study/sources/year1/pdf/study-s2-programming-f076c553a310a022.pdf#page=7,"课件强调 istream& operator>> 和 ostream& operator<< 的返回值和参数类型。返回流引用是为了支持连续输入输出,
如 cout << a << b。
#include <iostream>
using namespace std;
class Complex {
private:
double real, imag;
public:
Complex(double r=0, double i=0) : real(r), imag(i) {}
friend istream& operator>>(istream& in, Complex& c);
friend ostream& operator<<(ostream& out, const Complex& c);
};
istream& operator>>(istream& in, Complex& c) {
in >> c.real >> c.imag;
return in;
}
ostream& operator<<(ostream& out, const Complex& c) {
out << c.real << ""+"" << c.imag << ""i"";
return out;
}
int main() {
Complex c;
cin >> c; // 输入:3 4
cout << c << endl; // 输出:3+4i
return 0;
}
(cid:0)
四、继承与多态
来源⻚码:第 12-15 ⻚,第 42 ⻚例题
1. 派生类与继承方式
继承就是“在已有类基础上扩展新类”。已有类叫基类,新类叫派生类。例如 Person 是基类,Student 是派生类,
Student 继承 Person 的姓名、年龄,并新增学号、成绩。
• 派生类声明格式:class 派生类名 : 继承方式基类名 { ... };
• 单继承:一个派生类只有一个直接基类。
• 多重继承:一个派生类有多个直接基类。
• 多级继承:A 派生 B,B 再派生 C。
• 虚拟继承用于解决多继承中的“菱形继承”重复基类问题。
2. 继承方式与访问权限
",pdfplumber_visible_bbox
study-s2-programming-f076c553a310a022-p0007-c02,study-s2-programming-f076c553a310a022,PDF 第 7 页 · 片段 2,7,827,1276,knowledge/study/sources/year1/pdf/study-s2-programming-f076c553a310a022.pdf#page=7,"个派生类只有一个直接基类。
• 多重继承:一个派生类有多个直接基类。
• 多级继承:A 派生 B,B 再派生 C。
• 虚拟继承用于解决多继承中的“菱形继承”重复基类问题。
2. 继承方式与访问权限
继承方式会改变基类 public/protected 成员在派生类中的身份。基类 private 成员无论哪种继承方式,派生类成员函数
都不能直接访问。
基类成员public 继承后 protected 继承后private 继承后
public public protected private
protected protected protected private
private 不可直接访问不可直接访问不可直接访问
易错提醒:选择题中“私有继承是将基类所有成员都继承为派生类私有成员”这种说法不严谨,因为基类 private 成员虽然存在于
派生类对象中,但派生类不能直接访问。
#include <iostream>
using namespace std;
class Base {",pdfplumber_visible_bbox
study-s2-programming-f076c553a310a022-p0008-c01,study-s2-programming-f076c553a310a022,PDF 第 8 页 · 片段 1,8,0,941,knowledge/study/sources/year1/pdf/study-s2-programming-f076c553a310a022.pdf#page=8,"private:
int a = 1;
protected:
int b = 2;
public:
int c = 3;
};
class Derived : public Base {
public:
void show() {
// cout << a; // 错:基类 private 不能直接访问
cout << b << "" "" << c << endl; // 对:protected 和 public 可访问
}
};
int main() {
Derived d;
// cout << d.b; // 错:protected 类外不能访问
cout << d.c << endl; // public 继承后仍为 public
d.show();
return 0;
}
3. 派生类构造函数与析构函数顺序
创建派生类对象时,必须先把“父类部分”构造好,再构造派生类自己的成员。析构时反过来,先拆派生类,再拆基
类。
• 构造顺序:基类成员/基类对象 → 对象成员 → 派生类成员。
• 析构顺序:与构造顺序相反。
• 派生类构造函数要在初始化列表中调用基类构造函数,并初始化对象成员。
#include <iostream>
using namespace std;
class Base {
public:
Base() { cout << ""Base 构造"" << endl; }
~Base() { cout << ""Base 析构"" << endl; }
};
class Member {
public:
Member() { cout << ""Member 构造"" << endl; }
~Member() { cout << ""Member 析构"" << endl; }
};
class Derived : public Base {
private:
Member m;
public:
Derived() { cout << ""Derived 构造"" << endl; }
~Derived() { cout << ""Derived 析构"" << endl; }
};
int main() {
Derived d;
return 0;
}
",pdfplumber_visible_bbox
study-s2-programming-f076c553a310a022-p0008-c02,study-s2-programming-f076c553a310a022,PDF 第 8 页 · 片段 2,8,841,1203,knowledge/study/sources/year1/pdf/study-s2-programming-f076c553a310a022.pdf#page=8," 构造"" << endl; }
~Derived() { cout << ""Derived 析构"" << endl; }
};
int main() {
Derived d;
return 0;
}
// 输出顺序:Base构造 -> Member构造 -> Derived构造 -> Derived析构 -> Member析构 -> Base析构
4. 基类指针、虚函数与多态
多态的核心是:同一个调用语句,根据对象真实类型执行不同函数。实现条件通常是“基类指针/引用 + 虚函数 + 派
生类重写”。
• 可以把派生类对象地址赋给基类指针。
• 只有基类中声明为 virtual 的成员函数,才会通过基类指针动态绑定到派生类版本。
• 若基类析构函数可能通过基类指针删除派生类对象,应把基类析构函数设为 virtual。",pdfplumber_visible_bbox
study-s2-programming-f076c553a310a022-p0009-c01,study-s2-programming-f076c553a310a022,PDF 第 9 页 · 片段 1,9,0,925,knowledge/study/sources/year1/pdf/study-s2-programming-f076c553a310a022.pdf#page=9,"#include <iostream>
using namespace std;
class Animal {
public:
virtual void speak() { cout << ""Animal"" << endl; }
virtual ~Animal() {}
};
class Dog : public Animal {
public:
void speak() override { cout << ""Dog"" << endl; }
};
int main() {
Dog d;
Animal* p = &d; // 基类指针指向派生类对象
p->speak(); // 调用 Dog::speak,实现多态
return 0;
}
5. 纯虚函数与抽象基类
纯虚函数相当于“基类只规定接口,不给具体做法”。包含纯虚函数的类是抽象基类,不能创建对象,只能让派生类
继承并实现。
• 纯虚函数写法:virtual 返回值函数名(参数表) = 0;
• 抽象基类不能定义对象或对象数组。
• 派生类必须实现所有纯虚函数,否则派生类仍然是抽象类。
#include <iostream>
using namespace std;
class Shape {
public:
virtual double area() const = 0; // 纯虚函数
virtual ~Shape() {}
};
class Rectangle : public Shape {
private:
double w, h;
public:
Rectangle(double ww, double hh) : w(ww), h(hh) {}
double area() const override { return w * h; }
};
int main() {
// Shape s; // 错:抽象基类不能创建对象
Shape* p = new Rectangle(3, 4);
cout << p->area() << endl;
delete p;
return 0;
}
6. 虚拟继承
虚拟继承用于解决菱形继承中的“共同基类重复出现”问题。",pdfplumber_visible_bbox
study-s2-programming-f076c553a310a022-p0009-c02,study-s2-programming-f076c553a310a022,PDF 第 9 页 · 片段 2,9,825,1202,knowledge/study/sources/year1/pdf/study-s2-programming-f076c553a310a022.pdf#page=9,"ectangle(3, 4);
cout << p->area() << endl;
delete p;
return 0;
}
6. 虚拟继承
虚拟继承用于解决菱形继承中的“共同基类重复出现”问题。例如 B 和 C 都继承 A,D 又同时继承 B 和 C,如果不用
virtual,D 中可能有两份 A;使用 virtual 后,D 中只保留一份共享的 A。
#include <iostream>
using namespace std;
class A {
public:
int x;
A() : x(10) {}
};
class B : virtual public A {};
class C : virtual public A {};
class D : public B, public C {};
int main() {
D d;",pdfplumber_visible_bbox
study-s2-programming-f076c553a310a022-p0010-c01,study-s2-programming-f076c553a310a022,PDF 第 10 页 · 片段 1,10,0,946,knowledge/study/sources/year1/pdf/study-s2-programming-f076c553a310a022.pdf#page=10,"d.x = 20; // 因为虚拟继承,D 中只有一份 A::x
cout << d.x << endl;
return 0;
}
(cid:0)
五、模板、链表、栈、队列与 STL 容器
来源⻚码:第 16-25 ⻚
1. 函数模板
函数模板是“函数的模具”。同一套代码可以用于 int、double、string 等不同类型。调用时,编译器根据实参类型生
成具体函数。
• 定义格式:template <typename T> 或 template <class T>。
• T 是类型参数,也可以有普通参数。
• 函数模板调用时,先根据实参类型实例化。
• 模板函数调用时通常不进行实参到形参类型的自动转换。
#include <iostream>
using namespace std;
template <typename T>
T maxValue(T a, T b) {
return a > b ? a : b;
}
int main() {
cout << maxValue(3, 5) << endl; // T 实例化为 int
cout << maxValue(2.5, 1.8) << endl; // T 实例化为 double
// cout << maxValue(3, 2.5); // 一般会出错:T 无法同时是 int 和 double
cout << maxValue<double>(3, 2.5) << endl; // 显式指定 T 为 double
return 0;
}
2. 类模板
类模板是“类的模具”。例如数组类 Array<T, N> 可以生成 int 数组、double 数组、char 数组等。类模板只有实例化后
才是具体类。
• 实例化写法:类模板名<类型实参, 普通实参>。
• 普通实参通常是常量,如数组⻓度 N。
• 定义类模板的成员函数时,也要写 template 声明和类名<T>::。
#include <iostream>
using namespace std;
template <typename T, int N>
class MyArray {
private:
T data[N];
public:
",pdfplumber_visible_bbox
study-s2-programming-f076c553a310a022-p0010-c02,study-s2-programming-f076c553a310a022,PDF 第 10 页 · 片段 2,10,846,1196,knowledge/study/sources/year1/pdf/study-s2-programming-f076c553a310a022.pdf#page=10,"ream>
using namespace std;
template <typename T, int N>
class MyArray {
private:
T data[N];
public:
void set(int i, T value) { data[i] = value; }
T get(int i) const { return data[i]; }
};
int main() {
MyArray<int, 5> a; // 类模板实例化为具体类
a.set(0, 100);
cout << a.get(0) << endl;
MyArray<double, 3> b;
b.set(1, 3.14);
cout << b.get(1) << endl;
return 0;
}",pdfplumber_visible_bbox
study-s2-programming-f076c553a310a022-p0011-c01,study-s2-programming-f076c553a310a022,PDF 第 11 页 · 片段 1,11,0,948,knowledge/study/sources/year1/pdf/study-s2-programming-f076c553a310a022.pdf#page=11,"3. 链表类模板
链表是一种由节点组成的数据结构。每个节点保存数据和指向下一个节点的指针。和数组相比,链表插入删除方
便,但按下标随机访问不方便。课件给出了 Node<T> 与 List<T> 的基本框架,并重点展示了有序插入。
• 节点模板 Node<T>:保存数据 num 和指针 next。
• 链表模板 List<T>:保存 head、tail、nodeCount,并提供 Insert、Remove、Find、Print。
• 插入节点时常⻅情况:空表、插到头部、插到尾部、插到中间。
#include <iostream>
using namespace std;
template <typename T>
class Node {
public:
T num;
Node<T>* next;
Node(T n) : num(n), next(nullptr) {}
};
template <typename T>
class List {
private:
Node<T>* head;
public:
List() : head(nullptr) {}
void InsertFront(T n) {
Node<T>* tmp = new Node<T>(n);
tmp->next = head;
head = tmp;
}
void Print() const {
Node<T>* p = head;
while (p != nullptr) {
cout << p->num << "" "";
p = p->next;
}
cout << endl;
}
};
int main() {
List<int> lst;
lst.InsertFront(3);
lst.InsertFront(2);
lst.InsertFront(1);
lst.Print(); // 1 2 3
return 0;
}
4. 有序链表插入
课件第 21-23 ⻚的链表 Insert 思路是:新建节点 tmp;如果链表为空,head 和 tail 都指向 tmp;否则判断是否插到头
部、尾部或中间。
#include <iostream>
using namespace std;
",pdfplumber_visible_bbox
study-s2-programming-f076c553a310a022-p0011-c02,study-s2-programming-f076c553a310a022,PDF 第 11 页 · 片段 2,11,848,1179,knowledge/study/sources/year1/pdf/study-s2-programming-f076c553a310a022.pdf#page=11,"思路是:新建节点 tmp;如果链表为空,head 和 tail 都指向 tmp;否则判断是否插到头
部、尾部或中间。
#include <iostream>
using namespace std;
template <typename T>
class Node {
public:
T num;
Node<T>* next;
Node(T n) : num(n), next(nullptr) {}
};
template <typename T>
class SortedList {
private:
Node<T>* head = nullptr;
Node<T>* tail = nullptr;
public:
void Insert(T n) {",pdfplumber_visible_bbox
study-s2-programming-f076c553a310a022-p0012-c01,study-s2-programming-f076c553a310a022,PDF 第 12 页 · 片段 1,12,0,950,knowledge/study/sources/year1/pdf/study-s2-programming-f076c553a310a022.pdf#page=12,"Node<T>* tmp = new Node<T>(n);
if (head == nullptr) {
head = tail = tmp;
return;
}
if (n < head->num) {
tmp->next = head;
head = tmp;
return;
}
if (n > tail->num) {
tail->next = tmp;
tail = tmp;
return;
}
Node<T>* curr = head;
while (curr->next != nullptr) {
if (curr->num <= n && curr->next->num > n) {
tmp->next = curr->next;
curr->next = tmp;
return;
}
curr = curr->next;
}
}
void Print() const {
for (Node<T>* p = head; p != nullptr; p = p->next) cout << p->num << "" "";
cout << endl;
}
};
int main() {
SortedList<int> a;
a.Insert(5); a.Insert(2); a.Insert(8); a.Insert(6);
a.Print(); // 2 5 6 8
return 0;
}
5. STL 容器:array、vector、list、forward_list、deque
容器就是“装数据的通用数据结构”。选择容器时,要看你更需要快速查找、快速插入删除,还是随机访问。
容器通俗理解适合场景头文件
array 固定⻓度数组,⻓度编译期元素个数固定,想要数组但 <array>
确定更安全
vector 可自动扩容的动态数组需要随机访问,不频繁在中 <vector>
间插入删除
list 双向链表频繁插入删除,不强调随机 <list>
访问
forward_list单向链表更省空间,只需要单向遍历 <forward_list>
deque 双端队列,头尾插入删除较既要随机访问,又可能头尾 <deque>
快操作
#include <iostream>
",pdfplumber_visible_bbox
study-s2-programming-f076c553a310a022-p0012-c02,study-s2-programming-f076c553a310a022,PDF 第 12 页 · 片段 2,12,850,1223,knowledge/study/sources/year1/pdf/study-s2-programming-f076c553a310a022.pdf#page=12,"_list单向链表更省空间,只需要单向遍历 <forward_list>
deque 双端队列,头尾插入删除较既要随机访问,又可能头尾 <deque>
快操作
#include <iostream>
#include <vector>
#include <list>
using namespace std;
int main() {
vector<int> v = {1, 2, 3};
v.push_back(4); // 尾部插入
cout << v[2] << endl; // 随机访问快
list<int> lst = {10, 20, 30};
lst.push_front(5); // 头部插入方便
lst.push_back(40);
for (int x : lst) cout << x << "" "";
return 0;",pdfplumber_visible_bbox
study-s2-programming-f076c553a310a022-p0013-c01,study-s2-programming-f076c553a310a022,PDF 第 13 页 · 片段 1,13,0,947,knowledge/study/sources/year1/pdf/study-s2-programming-f076c553a310a022.pdf#page=13,"}
6. 集合与映射:set、map、unordered_set、unordered_map
set 像“只存唯一元素的集合”;map 像“字典”,通过 key 找 value。unordered 版本底层通常是哈希表,平均查找很
快,但元素没有排序。
• set/multiset:集合,set 不重复,multiset 允许重复,通常自动排序。
• map/multimap:键值对映射,map 的 key 不重复,multimap 允许重复 key。
• unordered_set/unordered_map:无序集合/映射,适合快速查找,不保证顺序。
#include <iostream>
#include <map>
#include <set>
using namespace std;
int main() {
set<string> names;
names.insert(""China"");
names.insert(""China""); // set 自动去重
cout << names.size() << endl; // 1
map<string, int> score;
score[""Tom""] = 90;
score[""Li""] = 85;
cout << score[""Tom""] << endl;
return 0;
}
7. 栈与队列
栈和队列是常⻅数据结构,课件复习范围中提到。栈是“后进先出”,像叠盘子;队列是“先进先出”,像排队买票。
C++ STL 中 stack 和 queue 是容器适配器。
• stack:push 入栈,pop 出栈,top 看栈顶。
• queue:push 入队,pop 出队,front 看队首,back 看队尾。
#include <iostream>
#include <stack>
#include <queue>
using namespace std;
int main() {
stack<int> st;
st.push(1); st.push(2); st.push(3);
cout << st.top() << endl; // 3,后进先出
st.pop();
queue<int> q;
",pdfplumber_visible_bbox
study-s2-programming-f076c553a310a022-p0013-c02,study-s2-programming-f076c553a310a022,PDF 第 13 页 · 片段 2,13,847,1206,knowledge/study/sources/year1/pdf/study-s2-programming-f076c553a310a022.pdf#page=13,"st;
st.push(1); st.push(2); st.push(3);
cout << st.top() << endl; // 3,后进先出
st.pop();
queue<int> q;
q.push(1); q.push(2); q.push(3);
cout << q.front() << endl; // 1,先进先出
q.pop();
return 0;
}
(cid:0)
六、输入输出流与格式控制
来源⻚码:第 26-32 ⻚
1. 流的概念与主要流类
流可以理解为“数据流动的管道”。输入流把数据从键盘/文件送入程序,输出流把数据从程序送到屏幕/文件。
• ios:输入输出流的基类。
• istream:输入流,如 cin。
• ostream:输出流,如 cout、cerr、clog。",pdfplumber_visible_bbox
study-s2-programming-f076c553a310a022-p0014-c01,study-s2-programming-f076c553a310a022,PDF 第 14 页 · 片段 1,14,0,949,knowledge/study/sources/year1/pdf/study-s2-programming-f076c553a310a022.pdf#page=14,"• iostream:输入输出流。
• ifstream:文件输入流,用于读文件。
• ofstream:文件输出流,用于写文件。
• fstream:文件输入输出流,可读可写。
2. 主要流对象:cin、cout、cerr、clog
cin 用于标准输入,cout 用于标准输出,cerr 和 clog 用于错误/日志输出。cerr 通常不缓冲,适合立即输出错误;clog
通常有缓冲。
#include <iostream>
using namespace std;
int main() {
int age;
cout << ""请输入年龄:"";
cin >> age;
if (age < 0) {
cerr << ""错误:年龄不能为负数"" << endl;
} else {
clog << ""日志:输入成功"" << endl;
cout << ""年龄是:"" << age << endl;
}
return 0;
}
3. 提取运算符 >> 与插入运算符 <<
>> 是从输入流“提取”数据,<< 是向输出流“插入”数据。对于自定义类,有时需要重载这两个运算符。
• cin >> x:从键盘读入 x。
• cout << x:把 x 输出到屏幕。
• 自定义类重载时常写成友元函数,并返回 istream& 或 ostream&。
4. 格式控制函数与格式控制符
格式控制用于让输出更整⻬。例如指定宽度、精度、填充字符。课件区分“格式控制函数”和“格式控制符”。
• 格式控制函数:由流对象调用,如 cout.width(5)、cout.precision(3)、cout.fill('*')。
• 格式控制符:直接放入 << 表达式,如 setw(5)、setprecision(3)、setfill('*'),需要包含 <iomanip>。
• width/setw 通常只对紧接着的下一次输出有效;fill/setfill 通常会持续影响后续输出,直到重新设置。
#include <iostream>
#include <iomanip>
using namespace std;
int main() {
int a = 42;
double pi = 3.1415926;
",pdfplumber_visible_bbox
study-s2-programming-f076c553a310a022-p0014-c02,study-s2-programming-f076c553a310a022,PDF 第 14 页 · 片段 2,14,849,1341,knowledge/study/sources/year1/pdf/study-s2-programming-f076c553a310a022.pdf#page=14," <iostream>
#include <iomanip>
using namespace std;
int main() {
int a = 42;
double pi = 3.1415926;
cout << setw(5) << a << endl; // 输出宽度为 5
cout << setfill('*') << setw(5) << a << endl; // 用 * 填充
cout << setfill(' ') << fixed << setprecision(2) << pi << endl; // 3.14
return 0;
}
#include <iostream>
using namespace std;
int main() {
cout.width(6); // 设置下一个输出宽度为 6
cout.fill('#'); // 设置填充字符
cout << ""abc"" << endl; // ###abc
cout.precision(4); // 设置有效数字位数
cout << 3.1415926 << endl;
return 0;",pdfplumber_visible_bbox
study-s2-programming-f076c553a310a022-p0015-c01,study-s2-programming-f076c553a310a022,PDF 第 15 页 · 片段 1,15,0,940,knowledge/study/sources/year1/pdf/study-s2-programming-f076c553a310a022.pdf#page=15,"}
(cid:0)
七、文件读写
来源⻚码:第 33-38 ⻚,第 45-46 ⻚例题
1. 文本文件与二进制文件
文本文件用字符形式保存,人可以用记事本直接看懂;二进制文件按内存字节保存,体积可能更小、读写更快,但
人不能直接看懂。
• 文本文件:ASCII/字符方式,如保存 “123”,文件中是字符 1、2、3。
• 二进制文件:二进制数方式,如保存整数 123,按 int 的字节表示保存。
• 文本文件常用 >>、<<、get、put、getline。
• 二进制文件常用 read、write。
2. 文件读写的一般过程
文件操作一般分三步:打开文件、读写文件、关闭文件。实际程序中还要检查文件是否成功打开。
#include <iostream>
#include <fstream>
using namespace std;
int main() {
ofstream fout(""data.txt""); // 打开文件用于写
if (!fout) {
cerr << ""文件打开失败"" << endl;
return 1;
}
fout << ""hello file"" << endl;
fout.close(); // 关闭文件
ifstream fin(""data.txt""); // 打开文件用于读
string s;
getline(fin, s);
cout << s << endl;
fin.close();
return 0;
}
3. 文本文件按字符读写:get 与 put
get 一次读一个字符,put 一次写一个字符。适合逐字符处理,比如复制文件、统计字符数。
#include <iostream>
#include <fstream>
using namespace std;
int main() {
ifstream fin(""input.txt"");
ofstream fout(""copy.txt"");
char ch;
fin.get(ch);
while (!fin.eof()) {
fout.put(ch); // 把读到的字符写入新文件
fin.get(ch); // 再读下一个字符
}
fin.close();
",pdfplumber_visible_bbox
study-s2-programming-f076c553a310a022-p0015-c02,study-s2-programming-f076c553a310a022,PDF 第 15 页 · 片段 2,15,840,1088,knowledge/study/sources/year1/pdf/study-s2-programming-f076c553a310a022.pdf#page=15,"n.get(ch);
while (!fin.eof()) {
fout.put(ch); // 把读到的字符写入新文件
fin.get(ch); // 再读下一个字符
}
fin.close();
fout.close();
return 0;
}
易错提醒:更现代、更安全的写法是 while (fin.get(ch)) { ... },可避免 eof 判断带来的边界问题。但考试若按课件写法,需看题目
要求。
4. 文本文件按行读取:getline
getline 一次读取一整行,默认遇到",pdfplumber_visible_bbox
study-s2-programming-f076c553a310a022-p0016-c01,study-s2-programming-f076c553a310a022,PDF 第 16 页 · 片段 1,16,0,938,knowledge/study/sources/year1/pdf/study-s2-programming-f076c553a310a022.pdf#page=16,"结束。适合读取比赛记录、学生信息、日志等一行一条记录的数据。
#include <iostream>
#include <fstream>
#include <string>
using namespace std;
int main() {
ifstream infile(""MatchResult.txt"");
string line;
while (getline(infile, line)) {
cout << ""读到一行:"" << line << endl;
}
infile.close();
return 0;
}
5. 二进制文件读写:read 与 write
read/write 按字节读写,参数通常需要转换成 char*。课件给出形式:fout.write((char*)(&ss), sizeof(ss));
fin.read((char*)(&ss), sizeof(ss));
#include <iostream>
#include <fstream>
using namespace std;
class Team {
public:
char name[20];
int points;
};
int main() {
Team t = {""France"", 6};
ofstream fout(""Standing.bin"", ios::binary);
fout.write((char*)(&t), sizeof(t)); // 写入一个 Team 对象的字节
fout.close();
Team x;
ifstream fin(""Standing.bin"", ios::binary);
fin.read((char*)(&x), sizeof(x)); // 读出一个 Team 对象的字节
fin.close();
cout << x.name << "" "" << x.points << endl;
return 0;
}
6. 文件随机访问:seekg/seekp 与 tellg/tellp
随机访问就是不从头顺序读写,而是直接跳到文件某个位置。g 表示 get,即读指针;p 表示 put,即写指针。位置
单位是字节。
",pdfplumber_visible_bbox
study-s2-programming-f076c553a310a022-p0016-c02,study-s2-programming-f076c553a310a022,PDF 第 16 页 · 片段 2,16,838,1318,knowledge/study/sources/year1/pdf/study-s2-programming-f076c553a310a022.pdf#page=16,". 文件随机访问:seekg/seekp 与 tellg/tellp
随机访问就是不从头顺序读写,而是直接跳到文件某个位置。g 表示 get,即读指针;p 表示 put,即写指针。位置
单位是字节。
• tellg:获取读指针位置。
• tellp:获取写指针位置。
• seekg:设置读指针位置。
• seekp:设置写指针位置。
#include <iostream>
#include <fstream>
using namespace std;
int main() {
fstream file(""nums.bin"", ios::in | ios::out | ios::binary | ios::trunc);
int a[3] = {10, 20, 30};
file.write((char*)a, sizeof(a));
file.seekg(sizeof(int)); // 跳到第 2 个 int 的位置
int x;
file.read((char*)&x, sizeof(x));
cout << x << endl; // 20",pdfplumber_visible_bbox
study-s2-programming-f076c553a310a022-p0017-c01,study-s2-programming-f076c553a310a022,PDF 第 17 页 · 片段 1,17,0,906,knowledge/study/sources/year1/pdf/study-s2-programming-f076c553a310a022.pdf#page=17,"cout << ""当前位置:"" << file.tellg() << endl;
file.close();
return 0;
}
7. 综合例题思路:世界杯积分统计
课件第 45-46 ⻚给出程序设计题:从 MatchResult.txt 读取比赛比分,计算球队积分,胜一场 3 分,平一场 1 分,负
一场 0 分,并把 Team 数组以二进制写入 Standing.bin。
• 读取一行比赛结果,例如 France 0:0 Uruguay。
• 解析两个队名和比分。
• 按胜平负更新积分。
• 最后用 write 将 Team 数组写入二进制文件。
#include <iostream>
#include <fstream>
#include <sstream>
#include <map>
#include <vector>
#include <cstring>
using namespace std;
class Team {
public:
char name[20];
int points;
Team() { name[0] = '\0'; points = 0; }
};
void OutPut_File(vector<Team>& teams) {
ofstream fout(""Standing.bin"", ios::binary);
for (auto& t : teams) {
fout.write((char*)(&t), sizeof(t));
}
fout.close();
}
int main() {
ifstream fin(""MatchResult.txt"");
map<string, int> points;
string team1, score, team2;
while (fin >> team1 >> score >> team2) {
int pos = score.find(':');
int s1 = stoi(score.substr(0, pos));
int s2 = stoi(score.substr(pos + 1));
",pdfplumber_visible_bbox
study-s2-programming-f076c553a310a022-p0017-c02,study-s2-programming-f076c553a310a022,PDF 第 17 页 · 片段 2,17,806,1309,knowledge/study/sources/year1/pdf/study-s2-programming-f076c553a310a022.pdf#page=17,"t pos = score.find(':');
int s1 = stoi(score.substr(0, pos));
int s2 = stoi(score.substr(pos + 1));
if (s1 > s2) { points[team1] += 3; points[team2] += 0; }
else if (s1 < s2) { points[team2] += 3; points[team1] += 0; }
else { points[team1] += 1; points[team2] += 1; }
}
vector<Team> teams;
for (auto& kv : points) {
Team t;
strncpy(t.name, kv.first.c_str(), 19);
t.name[19] = '\0';
t.points = kv.second;
teams.push_back(t);
}
OutPut_File(teams);
return 0;
}
(cid:0)
八、课件例题答案与解析
来源⻚码:第 39-46 ⻚
1.4 关于类和对象",pdfplumber_visible_bbox
study-s2-programming-f076c553a310a022-p0018-c01,study-s2-programming-f076c553a310a022,PDF 第 18 页 · 片段 1,18,0,941,knowledge/study/sources/year1/pdf/study-s2-programming-f076c553a310a022.pdf#page=18,"正确答案:A。友元函数可以访问该类的私有数据成员。
• B 错:不同对象的普通数据成员通常各自占用内存;共享的是静态成员。
• C 错:类的公有成员函数可以访问本类 private 成员。
• D 在传统 C++ 课程语境中通常判错:一般要求通过构造函数或初始化列表初始化数据成员。现代 C++ 允许类内成
员初始化,但考试应按课件体系判断。
1.5 构造函数初始化
可正确初始化的通常是 C 和 D。
• A 错:构造函数不能像普通成员函数那样由对象调用。
• B 错:对象数组不能这样统一带参数初始化。
• C 对:new TestClass(1,2) 调用有参构造函数。
• D 对:TestClass Obj4 = TestClass(1,2) 用临时对象初始化。
1.6 不能重载的函数
正确答案:D。析构函数不能重载,因为析构函数没有参数,一个类只能有一个析构函数。
1.7 继承与多态
更合理的正确答案是 D。函数重载要求函数名相同,但参数表必须不同,不能完全相同。
• A 不严谨:私有继承会把基类 public/protected 成员在派生类中变为 private,但基类 private 成员派生类不能直接访
问。
• B 错:虚基类不是“只用来派生的类”,而是虚拟继承中的共享基类。
• C 错:友元关系不能继承。
1.9 函数模板和类模板
正确答案:D。函数模板可以重载,模板函数调用时通常不允许参数类型自动转换。
• A 错:类型参数可以是基本类型,也可以是类类型等。
• B 错:类模板的静态成员通常按具体实例化类型分别存在,不是在定义模板时直接创建所有成员。
• C 错:不能直接创建“类模板”的对象,必须先实例化成具体类,如 Box<int> b。
九、期末速记清单
1. 语法高频易错
• 类定义后必须加分号。
• 类外定义成员函数要写类名::函数名。
• class 默认 private。
• 构造函数、析构函数没有返回值。析构函数不能重载。
• const 成员、引用成员、对象成员、基类构造常用初始化列表。
• 有指针成员时注意深拷⻉:析构函数、拷⻉构造、赋值运算符。
• 友元不是成员,但可以访问 private/protected。
",pdfplumber_visible_bbox
study-s2-programming-f076c553a310a022-p0018-c02,study-s2-programming-f076c553a310a022,PDF 第 18 页 · 片段 2,18,841,988,knowledge/study/sources/year1/pdf/study-s2-programming-f076c553a310a022.pdf#page=18,"
• const 成员、引用成员、对象成员、基类构造常用初始化列表。
• 有指针成员时注意深拷⻉:析构函数、拷⻉构造、赋值运算符。
• 友元不是成员,但可以访问 private/protected。
• 成员 operator 左操作数是 this;友元 operator 参数包含全部操作数。",pdfplumber_visible_bbox
study-s2-programming-f076c553a310a022-p0019-c01,study-s2-programming-f076c553a310a022,PDF 第 19 页 · 片段 1,19,0,774,knowledge/study/sources/year1/pdf/study-s2-programming-f076c553a310a022.pdf#page=19,"• 多态条件:基类指针/引用 + virtual 函数 + 派生类重写。
• 纯虚函数 =0;含纯虚函数的类是抽象基类,不能实例化。
• 类模板必须实例化后才能定义对象,如 List<int> list。
• setw 需要 <iomanip>,width/setw 通常只影响下一次输出。
• 二进制 read/write 参数常写 (char*)(&obj), sizeof(obj)。
• seekg/tellg 管读指针;seekp/tellp 管写指针。
2. 常⻅函数原型模板
// 友元方式重载比较运算符
friend bool operator>(const Time& a, const Time& b);
// 成员方式重载减法运算符
Time operator-(const Time& t) const;
// 赋值运算符重载
ClassName& operator=(const ClassName& other);
// 输入输出运算符重载
friend istream& operator>>(istream& in, ClassName& obj);
friend ostream& operator<<(ostream& out, const ClassName& obj);
// 函数模板
template <typename T>
T func(T a, T b);
// 类模板
template <typename T>
class List { /* ... */ };
// 二进制文件读写
fout.write((char*)(&obj), sizeof(obj));
fin.read((char*)(&obj), sizeof(obj));
C++ 期末复习知识点整理 | 根据用户上传课件整理",pdfplumber_visible_bbox
